 JDAY,WB,VOLIN(m3),VOLPR(m3),VOLOUT(m3),VOLWD(m3),VOLEV(m3),VOLDT(m3),VOLTRB(m3),VOLICE(m3),%VOLerror,
 37770.042,   1,  0.33654314E+05,   0.00000000E+00,  -0.33873402E+05,   0.00000000E+00,   0.00000000E+00,  -0.61171960E+03,   0.00000000E+00,   0.00000000E+00,   0.19012499E-09,
 37771.042,   1,  0.14541172E+08,   0.00000000E+00,  -0.14402398E+08,   0.00000000E+00,   0.00000000E+00,  -0.25137187E+06,   0.00000000E+00,   0.00000000E+00,   0.20750700E-08,
 37772.042,   1,  0.30405760E+08,   0.00000000E+00,  -0.28707472E+08,   0.00000000E+00,   0.00000000E+00,  -0.54126034E+06,   0.00000000E+00,   0.00000000E+00,  -0.38700763E-09,
 37773.042,   1,  0.46437995E+08,   0.00000000E+00,  -0.43002280E+08,   0.00000000E+00,   0.00000000E+00,  -0.80107290E+06,   0.00000000E+00,   0.00000000E+00,  -0.26498034E-09,
 37774.043,   1,  0.61557028E+08,   0.00000000E+00,  -0.57282148E+08,   0.00000000E+00,   0.00000000E+00,  -0.96181849E+06,   0.00000000E+00,   0.00000000E+00,  -0.25723395E-09,
 37775.042,   1,  0.76166769E+08,   0.00000000E+00,  -0.71598308E+08,   0.00000000E+00,   0.00000000E+00,  -0.11079990E+07,   0.00000000E+00,   0.00000000E+00,  -0.28556678E-09,
 37776.042,   1,  0.90108478E+08,   0.00000000E+00,  -0.86038419E+08,   0.00000000E+00,   0.00000000E+00,  -0.12836451E+07,   0.00000000E+00,   0.00000000E+00,  -0.30706089E-09,
 37777.042,   1,  0.10403028E+09,   0.00000000E+00,  -0.10056623E+09,   0.00000000E+00,   0.00000000E+00,  -0.14589366E+07,   0.00000000E+00,   0.00000000E+00,  -0.44795619E-09,
 37778.042,   1,  0.11951757E+09,   0.00000000E+00,  -0.11508412E+09,   0.00000000E+00,   0.00000000E+00,  -0.16457763E+07,   0.00000000E+00,   0.00000000E+00,  -0.28967747E-09,
 37779.042,   1,  0.13774708E+09,   0.00000000E+00,  -0.12843258E+09,   0.00000000E+00,   0.00000000E+00,  -0.18003673E+07,   0.00000000E+00,   0.00000000E+00,  -0.11320304E-09,
 37780.042,   1,  0.15504292E+09,   0.00000000E+00,  -0.13948153E+09,   0.00000000E+00,   0.00000000E+00,  -0.19349610E+07,   0.00000000E+00,   0.00000000E+00,  -0.60809251E-10,
 37781.043,   1,  0.16996522E+09,   0.00000000E+00,  -0.14976995E+09,   0.00000000E+00,   0.00000000E+00,  -0.20921667E+07,   0.00000000E+00,   0.00000000E+00,  -0.49796524E-10,
 37782.042,   1,  0.18556407E+09,   0.00000000E+00,  -0.16185291E+09,   0.00000000E+00,   0.00000000E+00,  -0.22753691E+07,   0.00000000E+00,   0.00000000E+00,  -0.45218280E-10,
 37783.043,   1,  0.20119099E+09,   0.00000000E+00,  -0.17652595E+09,   0.00000000E+00,   0.00000000E+00,  -0.24738751E+07,   0.00000000E+00,   0.00000000E+00,  -0.56221315E-10,
 37784.043,   1,  0.21589604E+09,   0.00000000E+00,  -0.19251030E+09,   0.00000000E+00,   0.00000000E+00,  -0.26597436E+07,   0.00000000E+00,   0.00000000E+00,  -0.65858419E-10,
 37785.043,   1,  0.22978952E+09,   0.00000000E+00,  -0.20842551E+09,   0.00000000E+00,   0.00000000E+00,  -0.28279629E+07,   0.00000000E+00,   0.00000000E+00,  -0.67389681E-10,
 37786.043,   1,  0.24238642E+09,   0.00000000E+00,  -0.22394281E+09,   0.00000000E+00,   0.00000000E+00,  -0.30297808E+07,   0.00000000E+00,   0.00000000E+00,  -0.79098003E-10,
 37787.044,   1,  0.25279764E+09,   0.00000000E+00,  -0.23902823E+09,   0.00000000E+00,   0.00000000E+00,  -0.32459155E+07,   0.00000000E+00,   0.00000000E+00,  -0.11040052E-09,
 37788.043,   1,  0.26168263E+09,   0.00000000E+00,  -0.25397519E+09,   0.00000000E+00,   0.00000000E+00,  -0.34078543E+07,   0.00000000E+00,   0.00000000E+00,  -0.25637599E-09,
 37789.042,   1,  0.26984510E+09,   0.00000000E+00,  -0.26868859E+09,   0.00000000E+00,   0.00000000E+00,  -0.35552234E+07,   0.00000000E+00,   0.00000000E+00,   0.44606225E-09,
 37790.042,   1,  0.27791135E+09,   0.00000000E+00,  -0.28259927E+09,   0.00000000E+00,   0.00000000E+00,  -0.37467753E+07,   0.00000000E+00,   0.00000000E+00,   0.60057519E-10,
 37791.043,   1,  0.28540319E+09,   0.00000000E+00,  -0.29584285E+09,   0.00000000E+00,   0.00000000E+00,  -0.38888209E+07,   0.00000000E+00,   0.00000000E+00,   0.22641844E-10,
 37792.043,   1,  0.29240312E+09,   0.00000000E+00,  -0.30876805E+09,   0.00000000E+00,   0.00000000E+00,  -0.39666981E+07,   0.00000000E+00,   0.00000000E+00,   0.25814539E-10,
 37793.043,   1,  0.29938573E+09,   0.00000000E+00,  -0.32108034E+09,   0.00000000E+00,   0.00000000E+00,  -0.41611726E+07,   0.00000000E+00,   0.00000000E+00,   0.62383099E-11,
 37794.042,   1,  0.30657182E+09,   0.00000000E+00,  -0.33196315E+09,   0.00000000E+00,   0.00000000E+00,  -0.43746302E+07,   0.00000000E+00,   0.00000000E+00,  -0.28033622E-11,
 37795.042,   1,  0.31416449E+09,   0.00000000E+00,  -0.34228103E+09,   0.00000000E+00,   0.00000000E+00,  -0.45453469E+07,   0.00000000E+00,   0.00000000E+00,  -0.21784295E-11,
 37796.042,   1,  0.32143259E+09,   0.00000000E+00,  -0.35323102E+09,   0.00000000E+00,   0.00000000E+00,  -0.47315729E+07,   0.00000000E+00,   0.00000000E+00,  -0.46501240E-11,
 37797.042,   1,  0.32760405E+09,   0.00000000E+00,  -0.36452494E+09,   0.00000000E+00,   0.00000000E+00,  -0.49073200E+07,   0.00000000E+00,   0.00000000E+00,  -0.16796543E-10,
 37798.042,   1,  0.33354032E+09,   0.00000000E+00,  -0.37581894E+09,   0.00000000E+00,   0.00000000E+00,  -0.50560010E+07,   0.00000000E+00,   0.00000000E+00,  -0.16038937E-10,
 37799.042,   1,  0.33986620E+09,   0.00000000E+00,  -0.38708268E+09,   0.00000000E+00,   0.00000000E+00,  -0.52126856E+07,   0.00000000E+00,   0.00000000E+00,  -0.18601515E-10,
 37800.042,   1,  0.34558586E+09,   0.00000000E+00,  -0.39798903E+09,   0.00000000E+00,   0.00000000E+00,  -0.53853789E+07,   0.00000000E+00,   0.00000000E+00,  -0.15896580E-10,
 37801.045,   1,  0.35123897E+09,   0.00000000E+00,  -0.40810955E+09,   0.00000000E+00,   0.00000000E+00,  -0.55470200E+07,   0.00000000E+00,   0.00000000E+00,  -0.14192262E-10,
 37802.045,   1,  0.35734800E+09,   0.00000000E+00,  -0.41782228E+09,   0.00000000E+00,   0.00000000E+00,  -0.56755659E+07,   0.00000000E+00,   0.00000000E+00,  -0.13751996E-10,
 37803.045,   1,  0.36447986E+09,   0.00000000E+00,  -0.42879566E+09,   0.00000000E+00,   0.00000000E+00,  -0.58110341E+07,   0.00000000E+00,   0.00000000E+00,  -0.15320068E-10,
 37804.044,   1,  0.37276076E+09,   0.00000000E+00,  -0.44113894E+09,   0.00000000E+00,   0.00000000E+00,  -0.59923138E+07,   0.00000000E+00,   0.00000000E+00,  -0.72931005E-11,
 37805.044,   1,  0.38014814E+09,   0.00000000E+00,  -0.45391271E+09,   0.00000000E+00,   0.00000000E+00,  -0.61764581E+07,   0.00000000E+00,   0.00000000E+00,  -0.96925593E-11,
 37806.044,   1,  0.38673252E+09,   0.00000000E+00,  -0.46645317E+09,   0.00000000E+00,   0.00000000E+00,  -0.63495908E+07,   0.00000000E+00,   0.00000000E+00,  -0.71672859E-11,
 37807.044,   1,  0.39358316E+09,   0.00000000E+00,  -0.47810202E+09,   0.00000000E+00,   0.00000000E+00,  -0.65304437E+07,   0.00000000E+00,   0.00000000E+00,  -0.11717868E-10,
 37808.045,   1,  0.40114436E+09,   0.00000000E+00,  -0.48866130E+09,   0.00000000E+00,   0.00000000E+00,  -0.67137187E+07,   0.00000000E+00,   0.00000000E+00,  -0.77327498E-11,
 37809.044,   1,  0.40918925E+09,   0.00000000E+00,  -0.49928547E+09,   0.00000000E+00,   0.00000000E+00,  -0.13026519E+06,   0.00000000E+00,   0.00000000E+00,  -0.78285201E-11,
 37810.044,   1,  0.41658321E+09,   0.00000000E+00,  -0.51130332E+09,   0.00000000E+00,   0.00000000E+00,  -0.28323791E+07,   0.00000000E+00,   0.00000000E+00,  -0.99739041E-11,
 37811.044,   1,  0.42240290E+09,   0.00000000E+00,  -0.52317918E+09,   0.00000000E+00,   0.00000000E+00,  -0.98372965E+07,   0.00000000E+00,   0.00000000E+00,  -0.99551623E-11,
 37812.043,   1,  0.42779573E+09,   0.00000000E+00,  -0.53578245E+09,   0.00000000E+00,   0.00000000E+00,  -0.99715721E+07,   0.00000000E+00,   0.00000000E+00,  -0.99416072E-11,
 37813.042,   1,  0.43273161E+09,   0.00000000E+00,  -0.54951422E+09,   0.00000000E+00,   0.00000000E+00,  -0.10112824E+08,   0.00000000E+00,   0.00000000E+00,  -0.11566649E-10,
 37814.043,   1,  0.43696699E+09,   0.00000000E+00,  -0.56253091E+09,   0.00000000E+00,   0.00000000E+00,  -0.10258481E+08,   0.00000000E+00,   0.00000000E+00,  -0.10005452E-10,
 37815.043,   1,  0.44142702E+09,   0.00000000E+00,  -0.57394461E+09,   0.00000000E+00,   0.00000000E+00,  -0.10414458E+08,   0.00000000E+00,   0.00000000E+00,  -0.72351085E-11,
 37816.044,   1,  0.44626067E+09,   0.00000000E+00,  -0.58462375E+09,   0.00000000E+00,   0.00000000E+00,  -0.10563985E+08,   0.00000000E+00,   0.00000000E+00,  -0.86648088E-11,
 37817.044,   1,  0.45160999E+09,   0.00000000E+00,  -0.59610868E+09,   0.00000000E+00,   0.00000000E+00,  -0.10710935E+08,   0.00000000E+00,   0.00000000E+00,  -0.89668645E-11,
 37818.045,   1,  0.45636055E+09,   0.00000000E+00,  -0.60851730E+09,   0.00000000E+00,   0.00000000E+00,  -0.10850603E+08,   0.00000000E+00,   0.00000000E+00,  -0.61794476E-11,
 37819.044,   1,  0.46020375E+09,   0.00000000E+00,  -0.62133577E+09,   0.00000000E+00,   0.00000000E+00,  -0.10991121E+08,   0.00000000E+00,   0.00000000E+00,  -0.27702764E-11,
 37820.043,   1,  0.46443149E+09,   0.00000000E+00,  -0.63429322E+09,   0.00000000E+00,   0.00000000E+00,  -0.11131415E+08,   0.00000000E+00,   0.00000000E+00,  -0.42317145E-11,
 37821.044,   1,  0.46906437E+09,   0.00000000E+00,  -0.64639465E+09,   0.00000000E+00,   0.00000000E+00,  -0.11272602E+08,   0.00000000E+00,   0.00000000E+00,  -0.46930314E-11,
 37822.042,   1,  0.47357551E+09,   0.00000000E+00,  -0.65632849E+09,   0.00000000E+00,   0.00000000E+00,  -0.11413946E+08,   0.00000000E+00,   0.00000000E+00,  -0.29469590E-11,
 37823.043,   1,  0.47777758E+09,   0.00000000E+00,  -0.66533337E+09,   0.00000000E+00,   0.00000000E+00,  -0.11559998E+08,   0.00000000E+00,   0.00000000E+00,  -0.34873660E-11,
 37824.044,   1,  0.48215186E+09,   0.00000000E+00,  -0.67494019E+09,   0.00000000E+00,   0.00000000E+00,  -0.11707910E+08,   0.00000000E+00,   0.00000000E+00,  -0.43283055E-11,
 37825.044,   1,  0.48719375E+09,   0.00000000E+00,  -0.68510668E+09,   0.00000000E+00,   0.00000000E+00,  -0.11863664E+08,   0.00000000E+00,   0.00000000E+00,  -0.45745231E-11,
 37826.044,   1,  0.49289907E+09,   0.00000000E+00,  -0.69560416E+09,   0.00000000E+00,   0.00000000E+00,  -0.12022858E+08,   0.00000000E+00,   0.00000000E+00,  -0.42053433E-11,
 37827.043,   1,  0.49867265E+09,   0.00000000E+00,  -0.70620097E+09,   0.00000000E+00,   0.00000000E+00,  -0.12158622E+08,   0.00000000E+00,   0.00000000E+00,  -0.31336834E-11,
 37828.044,   1,  0.50362395E+09,   0.00000000E+00,  -0.71565489E+09,   0.00000000E+00,   0.00000000E+00,  -0.12263675E+08,   0.00000000E+00,   0.00000000E+00,  -0.61917743E-11,
 37829.043,   1,  0.50792152E+09,   0.00000000E+00,  -0.72332302E+09,   0.00000000E+00,   0.00000000E+00,  -0.12373037E+08,   0.00000000E+00,   0.00000000E+00,  -0.67383088E-11,
 37830.043,   1,  0.51159395E+09,   0.00000000E+00,  -0.73061866E+09,   0.00000000E+00,   0.00000000E+00,  -0.12492351E+08,   0.00000000E+00,   0.00000000E+00,  -0.42865615E-11,
 37831.043,   1,  0.51509598E+09,   0.00000000E+00,  -0.73913795E+09,   0.00000000E+00,   0.00000000E+00,  -0.12622210E+08,   0.00000000E+00,   0.00000000E+00,  -0.34881491E-11,
 37832.043,   1,  0.51874335E+09,   0.00000000E+00,  -0.74887326E+09,   0.00000000E+00,   0.00000000E+00,  -0.12755758E+08,   0.00000000E+00,   0.00000000E+00,  -0.30306969E-11,
 37833.044,   1,  0.52292012E+09,   0.00000000E+00,  -0.75869415E+09,   0.00000000E+00,   0.00000000E+00,  -0.12851606E+08,   0.00000000E+00,   0.00000000E+00,  -0.18579468E-11,
 37834.044,   1,  0.52772588E+09,   0.00000000E+00,  -0.76783513E+09,   0.00000000E+00,   0.00000000E+00,  -0.12948012E+08,   0.00000000E+00,   0.00000000E+00,  -0.89504119E-12,
 37835.044,   1,  0.53280763E+09,   0.00000000E+00,  -0.77629052E+09,   0.00000000E+00,   0.00000000E+00,  -0.13071492E+08,   0.00000000E+00,   0.00000000E+00,   0.23232666E-13,
 37836.045,   1,  0.53723125E+09,   0.00000000E+00,  -0.78384317E+09,   0.00000000E+00,   0.00000000E+00,  -0.13207584E+08,   0.00000000E+00,   0.00000000E+00,   0.40146209E-12,
 37837.044,   1,  0.54115664E+09,   0.00000000E+00,  -0.79083717E+09,   0.00000000E+00,   0.00000000E+00,  -0.13341431E+08,   0.00000000E+00,   0.00000000E+00,   0.17449273E-11,
 37838.044,   1,  0.54566826E+09,   0.00000000E+00,  -0.79851816E+09,   0.00000000E+00,   0.00000000E+00,  -0.13477001E+08,   0.00000000E+00,   0.00000000E+00,  -0.10071083E-12,
 37839.044,   1,  0.55024953E+09,   0.00000000E+00,  -0.80714064E+09,   0.00000000E+00,   0.00000000E+00,  -0.13623788E+08,   0.00000000E+00,   0.00000000E+00,  -0.99151503E-12,
 37840.045,   1,  0.55505049E+09,   0.00000000E+00,  -0.81605759E+09,   0.00000000E+00,   0.00000000E+00,  -0.13768178E+08,   0.00000000E+00,   0.00000000E+00,   0.34707272E-12,
 37841.046,   1,  0.56071249E+09,   0.00000000E+00,  -0.82464415E+09,   0.00000000E+00,   0.00000000E+00,  -0.13902504E+08,   0.00000000E+00,   0.00000000E+00,   0.16518991E-11,
 37842.044,   1,  0.56660827E+09,   0.00000000E+00,  -0.83226943E+09,   0.00000000E+00,   0.00000000E+00,  -0.14024480E+08,   0.00000000E+00,   0.00000000E+00,  -0.14278549E-11,
 37843.044,   1,  0.57329229E+09,   0.00000000E+00,  -0.83869106E+09,   0.00000000E+00,   0.00000000E+00,  -0.14147216E+08,   0.00000000E+00,   0.00000000E+00,  -0.13006405E-11,
 37844.044,   1,  0.58004499E+09,   0.00000000E+00,  -0.84475832E+09,   0.00000000E+00,   0.00000000E+00,  -0.14265627E+08,   0.00000000E+00,   0.00000000E+00,  -0.15810305E-11,
 37845.045,   1,  0.58618559E+09,   0.00000000E+00,  -0.85161819E+09,   0.00000000E+00,   0.00000000E+00,  -0.14377835E+08,   0.00000000E+00,   0.00000000E+00,  -0.25349090E-11,
 37846.045,   1,  0.59216594E+09,   0.00000000E+00,  -0.85887949E+09,   0.00000000E+00,   0.00000000E+00,  -0.14499569E+08,   0.00000000E+00,   0.00000000E+00,  -0.31793255E-11,
 37847.044,   1,  0.59732294E+09,   0.00000000E+00,  -0.86607696E+09,   0.00000000E+00,   0.00000000E+00,  -0.14630909E+08,   0.00000000E+00,   0.00000000E+00,  -0.42486734E-11,
 37848.044,   1,  0.60133313E+09,   0.00000000E+00,  -0.87333143E+09,   0.00000000E+00,   0.00000000E+00,  -0.14745046E+08,   0.00000000E+00,   0.00000000E+00,  -0.44899231E-11,
 37849.044,   1,  0.60603230E+09,   0.00000000E+00,  -0.88033234E+09,   0.00000000E+00,   0.00000000E+00,  -0.14843994E+08,   0.00000000E+00,   0.00000000E+00,  -0.25561543E-11,
 37850.046,   1,  0.61137381E+09,   0.00000000E+00,  -0.88653871E+09,   0.00000000E+00,   0.00000000E+00,  -0.14903293E+08,   0.00000000E+00,   0.00000000E+00,  -0.25274623E-11,
 37851.046,   1,  0.61640544E+09,   0.00000000E+00,  -0.89221914E+09,   0.00000000E+00,   0.00000000E+00,  -0.14901539E+08,   0.00000000E+00,   0.00000000E+00,  -0.20707772E-11,
 37852.045,   1,  0.62220815E+09,   0.00000000E+00,  -0.89857528E+09,   0.00000000E+00,   0.00000000E+00,  -0.14957586E+08,   0.00000000E+00,   0.00000000E+00,  -0.22915031E-11,
 37853.045,   1,  0.62850830E+09,   0.00000000E+00,  -0.90585448E+09,   0.00000000E+00,   0.00000000E+00,  -0.15077511E+08,   0.00000000E+00,   0.00000000E+00,  -0.19363791E-11,
 37854.047,   1,  0.63467907E+09,   0.00000000E+00,  -0.91336043E+09,   0.00000000E+00,   0.00000000E+00,  -0.15172037E+08,   0.00000000E+00,   0.00000000E+00,  -0.34279550E-11,
 37855.045,   1,  0.64076106E+09,   0.00000000E+00,  -0.92070130E+09,   0.00000000E+00,   0.00000000E+00,  -0.15248917E+08,   0.00000000E+00,   0.00000000E+00,  -0.50076122E-11,
 37856.045,   1,  0.64593382E+09,   0.00000000E+00,  -0.92747472E+09,   0.00000000E+00,   0.00000000E+00,  -0.15327039E+08,   0.00000000E+00,   0.00000000E+00,  -0.53607703E-11,
 37857.044,   1,  0.65056057E+09,   0.00000000E+00,  -0.93343358E+09,   0.00000000E+00,   0.00000000E+00,  -0.15412753E+08,   0.00000000E+00,   0.00000000E+00,  -0.70937439E-11,
 37858.044,   1,  0.65510697E+09,   0.00000000E+00,  -0.93920035E+09,   0.00000000E+00,   0.00000000E+00,  -0.15519738E+08,   0.00000000E+00,   0.00000000E+00,  -0.48938844E-11,
 37859.043,   1,  0.65986753E+09,   0.00000000E+00,  -0.94546300E+09,   0.00000000E+00,   0.00000000E+00,  -0.15628280E+08,   0.00000000E+00,   0.00000000E+00,  -0.42147333E-11,
 37860.045,   1,  0.66482121E+09,   0.00000000E+00,  -0.95197023E+09,   0.00000000E+00,   0.00000000E+00,  -0.15736588E+08,   0.00000000E+00,   0.00000000E+00,  -0.36602740E-11,
 37861.045,   1,  0.66973506E+09,   0.00000000E+00,  -0.95817048E+09,   0.00000000E+00,   0.00000000E+00,  -0.15852108E+08,   0.00000000E+00,   0.00000000E+00,  -0.24289417E-11,
 37862.045,   1,  0.67471774E+09,   0.00000000E+00,  -0.96413472E+09,   0.00000000E+00,   0.00000000E+00,  -0.15952171E+08,   0.00000000E+00,   0.00000000E+00,  -0.42941486E-12,
 37863.045,   1,  0.67924870E+09,   0.00000000E+00,  -0.96968734E+09,   0.00000000E+00,   0.00000000E+00,  -0.16036268E+08,   0.00000000E+00,   0.00000000E+00,  -0.11669060E-12,
 37864.044,   1,  0.68349792E+09,   0.00000000E+00,  -0.97453747E+09,   0.00000000E+00,   0.00000000E+00,  -0.16124761E+08,   0.00000000E+00,   0.00000000E+00,   0.97024011E-13,
 37865.045,   1,  0.68790334E+09,   0.00000000E+00,  -0.97916259E+09,   0.00000000E+00,   0.00000000E+00,  -0.16216149E+08,   0.00000000E+00,   0.00000000E+00,  -0.13181917E-11,
 37866.044,   1,  0.69239718E+09,   0.00000000E+00,  -0.98404407E+09,   0.00000000E+00,   0.00000000E+00,  -0.16307024E+08,   0.00000000E+00,   0.00000000E+00,   0.65807138E-12,
 37867.045,   1,  0.69696832E+09,   0.00000000E+00,  -0.98908421E+09,   0.00000000E+00,   0.00000000E+00,  -0.16419829E+08,   0.00000000E+00,   0.00000000E+00,   0.11204756E-11,
 37868.044,   1,  0.70243372E+09,   0.00000000E+00,  -0.99427936E+09,   0.00000000E+00,   0.00000000E+00,  -0.16525686E+08,   0.00000000E+00,   0.00000000E+00,   0.23001352E-11,
 37869.045,   1,  0.70828468E+09,   0.00000000E+00,  -0.99955658E+09,   0.00000000E+00,   0.00000000E+00,  -0.16625859E+08,   0.00000000E+00,   0.00000000E+00,   0.20713693E-11,
 37870.044,   1,  0.71438195E+09,   0.00000000E+00,  -0.10045107E+10,   0.00000000E+00,   0.00000000E+00,  -0.16758274E+08,   0.00000000E+00,   0.00000000E+00,   0.15926340E-11,
 37871.042,   1,  0.72112563E+09,   0.00000000E+00,  -0.10089183E+10,   0.00000000E+00,   0.00000000E+00,  -0.16868302E+08,   0.00000000E+00,   0.00000000E+00,   0.43628337E-11,
 37872.042,   1,  0.72843674E+09,   0.00000000E+00,  -0.10129500E+10,   0.00000000E+00,   0.00000000E+00,  -0.16957416E+08,   0.00000000E+00,   0.00000000E+00,   0.51207720E-11,
 37873.043,   1,  0.73549962E+09,   0.00000000E+00,  -0.10173490E+10,   0.00000000E+00,   0.00000000E+00,  -0.17045674E+08,   0.00000000E+00,   0.00000000E+00,   0.59426223E-11,
 37874.042,   1,  0.74100270E+09,   0.00000000E+00,  -0.10232642E+10,   0.00000000E+00,   0.00000000E+00,  -0.17127462E+08,   0.00000000E+00,   0.00000000E+00,   0.43401048E-11,
 37875.047,   1,  0.74478627E+09,   0.00000000E+00,  -0.10295694E+10,   0.00000000E+00,   0.00000000E+00,  -0.17209081E+08,   0.00000000E+00,   0.00000000E+00,   0.42632070E-11,
 37876.046,   1,  0.74777857E+09,   0.00000000E+00,  -0.10347287E+10,   0.00000000E+00,   0.00000000E+00,  -0.17285824E+08,   0.00000000E+00,   0.00000000E+00,   0.51721661E-11,
 37877.047,   1,  0.75065038E+09,   0.00000000E+00,  -0.10390308E+10,   0.00000000E+00,   0.00000000E+00,  -0.17368565E+08,   0.00000000E+00,   0.00000000E+00,   0.46397145E-11,
 37878.044,   1,  0.75365929E+09,   0.00000000E+00,  -0.10423737E+10,   0.00000000E+00,   0.00000000E+00,  -0.17435549E+08,   0.00000000E+00,   0.00000000E+00,   0.50230297E-11,
 37879.043,   1,  0.75679578E+09,   0.00000000E+00,  -0.10452349E+10,   0.00000000E+00,   0.00000000E+00,  -0.17530613E+08,   0.00000000E+00,   0.00000000E+00,   0.33311767E-11,
 37880.042,   1,  0.75963275E+09,   0.00000000E+00,  -0.10486916E+10,   0.00000000E+00,   0.00000000E+00,  -0.17609077E+08,   0.00000000E+00,   0.00000000E+00,   0.17492581E-11,
 37881.043,   1,  0.76269305E+09,   0.00000000E+00,  -0.10528549E+10,   0.00000000E+00,   0.00000000E+00,  -0.16594026E+08,   0.00000000E+00,   0.00000000E+00,   0.23511094E-11,
 37882.046,   1,  0.76588591E+09,   0.00000000E+00,  -0.10573947E+10,   0.00000000E+00,   0.00000000E+00,  -0.15761268E+08,   0.00000000E+00,   0.00000000E+00,   0.22695767E-11,
 37883.045,   1,  0.76904421E+09,   0.00000000E+00,  -0.10632085E+10,   0.00000000E+00,   0.00000000E+00,  -0.15822542E+08,   0.00000000E+00,   0.00000000E+00,   0.44224513E-12,
 37884.045,   1,  0.77244027E+09,   0.00000000E+00,  -0.10684402E+10,   0.00000000E+00,   0.00000000E+00,  -0.15897090E+08,   0.00000000E+00,   0.00000000E+00,  -0.34398626E-12,
 37885.044,   1,  0.77608798E+09,   0.00000000E+00,  -0.10720844E+10,   0.00000000E+00,   0.00000000E+00,  -0.15974458E+08,   0.00000000E+00,   0.00000000E+00,  -0.93618611E-12,
 37886.046,   1,  0.77991757E+09,   0.00000000E+00,  -0.10753698E+10,   0.00000000E+00,   0.00000000E+00,  -0.16062769E+08,   0.00000000E+00,   0.00000000E+00,  -0.10906272E-11,
 37887.044,   1,  0.78364672E+09,   0.00000000E+00,  -0.10789441E+10,   0.00000000E+00,   0.00000000E+00,  -0.16178716E+08,   0.00000000E+00,   0.00000000E+00,  -0.24685668E-11,
 37888.046,   1,  0.78727642E+09,   0.00000000E+00,  -0.10831803E+10,   0.00000000E+00,   0.00000000E+00,  -0.16274485E+08,   0.00000000E+00,   0.00000000E+00,   0.34940403E-11,
 37889.042,   1,  0.79125888E+09,   0.00000000E+00,  -0.10876739E+10,   0.00000000E+00,   0.00000000E+00,  -0.16355289E+08,   0.00000000E+00,   0.00000000E+00,   0.46308504E-11,
 37890.044,   1,  0.79515350E+09,   0.00000000E+00,  -0.10923992E+10,   0.00000000E+00,   0.00000000E+00,  -0.16441859E+08,   0.00000000E+00,   0.00000000E+00,   0.57953827E-11,
 37891.042,   1,  0.79816480E+09,   0.00000000E+00,  -0.10968834E+10,   0.00000000E+00,   0.00000000E+00,  -0.16522358E+08,   0.00000000E+00,   0.00000000E+00,   0.98130624E-11,
 37892.042,   1,  0.80103115E+09,   0.00000000E+00,  -0.11006223E+10,   0.00000000E+00,   0.00000000E+00,  -0.16598007E+08,   0.00000000E+00,   0.00000000E+00,   0.11461373E-10,
 37893.043,   1,  0.80394521E+09,   0.00000000E+00,  -0.11039015E+10,   0.00000000E+00,   0.00000000E+00,  -0.16677916E+08,   0.00000000E+00,   0.00000000E+00,   0.11087597E-10,
 37894.045,   1,  0.80651756E+09,   0.00000000E+00,  -0.11076698E+10,   0.00000000E+00,   0.00000000E+00,  -0.16769415E+08,   0.00000000E+00,   0.00000000E+00,   0.14548587E-10,
 37895.042,   1,  0.80945173E+09,   0.00000000E+00,  -0.11121475E+10,   0.00000000E+00,   0.00000000E+00,  -0.16864264E+08,   0.00000000E+00,   0.00000000E+00,   0.17999265E-10,
 37896.045,   1,  0.81278826E+09,   0.00000000E+00,  -0.11170748E+10,   0.00000000E+00,   0.00000000E+00,  -0.16968231E+08,   0.00000000E+00,   0.00000000E+00,   0.20260606E-10,
 37897.042,   1,  0.81570287E+09,   0.00000000E+00,  -0.11220626E+10,   0.00000000E+00,   0.00000000E+00,  -0.17064660E+08,   0.00000000E+00,   0.00000000E+00,   0.22170363E-10,
 37898.042,   1,  0.81836821E+09,   0.00000000E+00,  -0.11269435E+10,   0.00000000E+00,   0.00000000E+00,  -0.17142318E+08,   0.00000000E+00,   0.00000000E+00,   0.24082099E-10,
 37899.045,   1,  0.82097286E+09,   0.00000000E+00,  -0.11312328E+10,   0.00000000E+00,   0.00000000E+00,  -0.17217392E+08,   0.00000000E+00,   0.00000000E+00,   0.23643266E-10,
 37900.045,   1,  0.82354460E+09,   0.00000000E+00,  -0.11350166E+10,   0.00000000E+00,   0.00000000E+00,  -0.17295006E+08,   0.00000000E+00,   0.00000000E+00,   0.22045754E-10,
 37901.044,   1,  0.82689312E+09,   0.00000000E+00,  -0.11390885E+10,   0.00000000E+00,   0.00000000E+00,  -0.17375507E+08,   0.00000000E+00,   0.00000000E+00,   0.16855707E-10,
 37902.042,   1,  0.83071311E+09,   0.00000000E+00,  -0.11436715E+10,   0.00000000E+00,   0.00000000E+00,  -0.17444092E+08,   0.00000000E+00,   0.00000000E+00,   0.17192123E-10,
 37903.044,   1,  0.83355840E+09,   0.00000000E+00,  -0.11486048E+10,   0.00000000E+00,   0.00000000E+00,  -0.17490163E+08,   0.00000000E+00,   0.00000000E+00,   0.17673256E-10,
 37904.044,   1,  0.83519323E+09,   0.00000000E+00,  -0.11535069E+10,   0.00000000E+00,   0.00000000E+00,  -0.17549833E+08,   0.00000000E+00,   0.00000000E+00,   0.16184937E-10,
 37905.042,   1,  0.83637592E+09,   0.00000000E+00,  -0.11577902E+10,   0.00000000E+00,   0.00000000E+00,  -0.17606661E+08,   0.00000000E+00,   0.00000000E+00,   0.18689022E-10,
 37906.043,   1,  0.83774862E+09,   0.00000000E+00,  -0.11609842E+10,   0.00000000E+00,   0.00000000E+00,  -0.17656303E+08,   0.00000000E+00,   0.00000000E+00,   0.17659756E-10,
 37907.043,   1,  0.83918464E+09,   0.00000000E+00,  -0.11636771E+10,   0.00000000E+00,   0.00000000E+00,  -0.17714653E+08,   0.00000000E+00,   0.00000000E+00,   0.15083725E-10,
 37908.043,   1,  0.84039640E+09,   0.00000000E+00,  -0.11667269E+10,   0.00000000E+00,   0.00000000E+00,  -0.17764528E+08,   0.00000000E+00,   0.00000000E+00,   0.11986921E-10,
 37909.042,   1,  0.84195565E+09,   0.00000000E+00,  -0.11702288E+10,   0.00000000E+00,   0.00000000E+00,  -0.17810095E+08,   0.00000000E+00,   0.00000000E+00,   0.17515410E-10,
 37910.042,   1,  0.84391533E+09,   0.00000000E+00,  -0.11738479E+10,   0.00000000E+00,   0.00000000E+00,  -0.17876840E+08,   0.00000000E+00,   0.00000000E+00,   0.17599848E-10,
 37911.042,   1,  0.84545744E+09,   0.00000000E+00,  -0.11771968E+10,   0.00000000E+00,   0.00000000E+00,  -0.17950391E+08,   0.00000000E+00,   0.00000000E+00,   0.18783586E-10,
 37912.042,   1,  0.84649403E+09,   0.00000000E+00,  -0.11800354E+10,   0.00000000E+00,   0.00000000E+00,  -0.18026753E+08,   0.00000000E+00,   0.00000000E+00,   0.15987557E-10,
 37913.042,   1,  0.84778730E+09,   0.00000000E+00,  -0.11823461E+10,   0.00000000E+00,   0.00000000E+00,  -0.18099148E+08,   0.00000000E+00,   0.00000000E+00,   0.19555090E-10,
 37914.042,   1,  0.84942279E+09,   0.00000000E+00,  -0.11844749E+10,   0.00000000E+00,   0.00000000E+00,  -0.18181901E+08,   0.00000000E+00,   0.00000000E+00,   0.26627146E-10,
 37915.042,   1,  0.85154649E+09,   0.00000000E+00,  -0.11869573E+10,   0.00000000E+00,   0.00000000E+00,  -0.18234468E+08,   0.00000000E+00,   0.00000000E+00,   0.26292800E-10,
 37916.042,   1,  0.85334729E+09,   0.00000000E+00,  -0.11898812E+10,   0.00000000E+00,   0.00000000E+00,  -0.18282592E+08,   0.00000000E+00,   0.00000000E+00,   0.25114090E-10,
 37917.042,   1,  0.85440153E+09,   0.00000000E+00,  -0.11929105E+10,   0.00000000E+00,   0.00000000E+00,  -0.18345725E+08,   0.00000000E+00,   0.00000000E+00,   0.25137676E-10,
 37918.042,   1,  0.85614828E+09,   0.00000000E+00,  -0.11957344E+10,   0.00000000E+00,   0.00000000E+00,  -0.18394549E+08,   0.00000000E+00,   0.00000000E+00,   0.26540484E-10,
 37919.042,   1,  0.86017771E+09,   0.00000000E+00,  -0.11981386E+10,   0.00000000E+00,   0.00000000E+00,  -0.18441481E+08,   0.00000000E+00,   0.00000000E+00,   0.23396848E-10,
 37920.042,   1,  0.86439178E+09,   0.00000000E+00,  -0.12000955E+10,   0.00000000E+00,   0.00000000E+00,  -0.18484014E+08,   0.00000000E+00,   0.00000000E+00,   0.20312055E-10,
 37921.042,   1,  0.86678787E+09,   0.00000000E+00,  -0.12016848E+10,   0.00000000E+00,   0.00000000E+00,  -0.18530277E+08,   0.00000000E+00,   0.00000000E+00,   0.17134595E-10,
 37922.042,   1,  0.86856601E+09,   0.00000000E+00,  -0.12034189E+10,   0.00000000E+00,   0.00000000E+00,  -0.18570457E+08,   0.00000000E+00,   0.00000000E+00,   0.16224075E-10,
 37923.043,   1,  0.87015480E+09,   0.00000000E+00,  -0.12054237E+10,   0.00000000E+00,   0.00000000E+00,  -0.18608204E+08,   0.00000000E+00,   0.00000000E+00,   0.83037541E-11,
 37924.042,   1,  0.87173800E+09,   0.00000000E+00,  -0.12074633E+10,   0.00000000E+00,   0.00000000E+00,  -0.18635407E+08,   0.00000000E+00,   0.00000000E+00,   0.62067017E-11,
 37925.042,   1,  0.87368757E+09,   0.00000000E+00,  -0.12095256E+10,   0.00000000E+00,   0.00000000E+00,  -0.18660977E+08,   0.00000000E+00,   0.00000000E+00,   0.91803179E-11,
 37926.042,   1,  0.87579706E+09,   0.00000000E+00,  -0.12114684E+10,   0.00000000E+00,   0.00000000E+00,  -0.18687941E+08,   0.00000000E+00,   0.00000000E+00,   0.10933260E-10,
 37927.042,   1,  0.87793190E+09,   0.00000000E+00,  -0.12131231E+10,   0.00000000E+00,   0.00000000E+00,  -0.18715833E+08,   0.00000000E+00,   0.00000000E+00,   0.96840887E-11,
 37928.042,   1,  0.87988498E+09,   0.00000000E+00,  -0.12147424E+10,   0.00000000E+00,   0.00000000E+00,  -0.18760656E+08,   0.00000000E+00,   0.00000000E+00,   0.14361019E-10,
 37929.042,   1,  0.88211836E+09,   0.00000000E+00,  -0.12165761E+10,   0.00000000E+00,   0.00000000E+00,  -0.18815651E+08,   0.00000000E+00,   0.00000000E+00,   0.21950604E-10,
 37930.042,   1,  0.88359615E+09,   0.00000000E+00,  -0.12185416E+10,   0.00000000E+00,   0.00000000E+00,  -0.18877794E+08,   0.00000000E+00,   0.00000000E+00,   0.25437281E-10,
 37931.042,   1,  0.88394667E+09,   0.00000000E+00,  -0.12205714E+10,   0.00000000E+00,   0.00000000E+00,  -0.18937329E+08,   0.00000000E+00,   0.00000000E+00,   0.29419934E-10,
 37932.042,   1,  0.88406372E+09,   0.00000000E+00,  -0.12224815E+10,   0.00000000E+00,   0.00000000E+00,  -0.18996016E+08,   0.00000000E+00,   0.00000000E+00,   0.30618325E-10,
 37933.042,   1,  0.88425307E+09,   0.00000000E+00,  -0.12241727E+10,   0.00000000E+00,   0.00000000E+00,  -0.19050191E+08,   0.00000000E+00,   0.00000000E+00,   0.22283051E-10,
 37934.042,   1,  0.88455669E+09,   0.00000000E+00,  -0.12257957E+10,   0.00000000E+00,   0.00000000E+00,  -0.19089373E+08,   0.00000000E+00,   0.00000000E+00,   0.18609473E-10,
 37935.042,   1,  0.88480607E+09,   0.00000000E+00,  -0.12274380E+10,   0.00000000E+00,   0.00000000E+00,  -0.19119851E+08,   0.00000000E+00,   0.00000000E+00,   0.21567961E-10,
 37936.042,   1,  0.88513088E+09,   0.00000000E+00,  -0.12291590E+10,   0.00000000E+00,   0.00000000E+00,  -0.19142794E+08,   0.00000000E+00,   0.00000000E+00,   0.11258827E-10,
 37937.042,   1,  0.88545966E+09,   0.00000000E+00,  -0.12309708E+10,   0.00000000E+00,   0.00000000E+00,  -0.19182893E+08,   0.00000000E+00,   0.00000000E+00,   0.80247750E-11,
 37938.042,   1,  0.88564892E+09,   0.00000000E+00,  -0.12328216E+10,   0.00000000E+00,   0.00000000E+00,  -0.19227627E+08,   0.00000000E+00,   0.00000000E+00,   0.97280401E-11,
 37939.042,   1,  0.88572303E+09,   0.00000000E+00,  -0.12346168E+10,   0.00000000E+00,   0.00000000E+00,  -0.19254368E+08,   0.00000000E+00,   0.00000000E+00,   0.87104322E-11,
 37940.042,   1,  0.88598186E+09,   0.00000000E+00,  -0.12362197E+10,   0.00000000E+00,   0.00000000E+00,  -0.19271776E+08,   0.00000000E+00,   0.00000000E+00,   0.67103880E-11,
 37941.042,   1,  0.88637854E+09,   0.00000000E+00,  -0.12377059E+10,   0.00000000E+00,   0.00000000E+00,  -0.19295933E+08,   0.00000000E+00,   0.00000000E+00,   0.12270771E-10,
 37942.042,   1,  0.88659219E+09,   0.00000000E+00,  -0.12391974E+10,   0.00000000E+00,   0.00000000E+00,  -0.19345117E+08,   0.00000000E+00,   0.00000000E+00,   0.77400227E-11,
 37943.042,   1,  0.88669127E+09,   0.00000000E+00,  -0.12406940E+10,   0.00000000E+00,   0.00000000E+00,  -0.19396484E+08,   0.00000000E+00,   0.00000000E+00,   0.10168246E-10,
 37944.043,   1,  0.88710697E+09,   0.00000000E+00,  -0.12422686E+10,   0.00000000E+00,   0.00000000E+00,  -0.19444160E+08,   0.00000000E+00,   0.00000000E+00,   0.11853914E-10,
 37945.042,   1,  0.88775254E+09,   0.00000000E+00,  -0.12439110E+10,   0.00000000E+00,   0.00000000E+00,  -0.19506567E+08,   0.00000000E+00,   0.00000000E+00,   0.11804624E-10,
 37946.042,   1,  0.88816897E+09,   0.00000000E+00,  -0.12454874E+10,   0.00000000E+00,   0.00000000E+00,  -0.19541373E+08,   0.00000000E+00,   0.00000000E+00,   0.15831944E-10,
 37947.042,   1,  0.88913802E+09,   0.00000000E+00,  -0.12469969E+10,   0.00000000E+00,   0.00000000E+00,  -0.19555046E+08,   0.00000000E+00,   0.00000000E+00,   0.11055036E-10,
 37948.042,   1,  0.89130264E+09,   0.00000000E+00,  -0.12484311E+10,   0.00000000E+00,   0.00000000E+00,  -0.19581313E+08,   0.00000000E+00,   0.00000000E+00,   0.10221292E-10,
 37949.043,   1,  0.89371325E+09,   0.00000000E+00,  -0.12498022E+10,   0.00000000E+00,   0.00000000E+00,  -0.19600815E+08,   0.00000000E+00,   0.00000000E+00,   0.10344236E-10,
 37950.042,   1,  0.89594908E+09,   0.00000000E+00,  -0.12511539E+10,   0.00000000E+00,   0.00000000E+00,  -0.19613957E+08,   0.00000000E+00,   0.00000000E+00,   0.88257519E-11,
 37951.042,   1,  0.89839900E+09,   0.00000000E+00,  -0.12525627E+10,   0.00000000E+00,   0.00000000E+00,  -0.19623448E+08,   0.00000000E+00,   0.00000000E+00,   0.79730733E-12,
 37952.042,   1,  0.90085041E+09,   0.00000000E+00,  -0.12539169E+10,   0.00000000E+00,   0.00000000E+00,  -0.19633400E+08,   0.00000000E+00,   0.00000000E+00,   0.14713255E-11,
 37953.042,   1,  0.90307857E+09,   0.00000000E+00,  -0.12550630E+10,   0.00000000E+00,   0.00000000E+00,  -0.19648053E+08,   0.00000000E+00,   0.00000000E+00,   0.29511021E-11,
 37954.042,   1,  0.90521822E+09,   0.00000000E+00,  -0.12561182E+10,   0.00000000E+00,   0.00000000E+00,  -0.19658549E+08,   0.00000000E+00,   0.00000000E+00,   0.48094404E-11,
 37955.042,   1,  0.90734423E+09,   0.00000000E+00,  -0.12571714E+10,   0.00000000E+00,   0.00000000E+00,  -0.19669675E+08,   0.00000000E+00,   0.00000000E+00,   0.60008446E-11,
 37956.043,   1,  0.90937014E+09,   0.00000000E+00,  -0.12582963E+10,   0.00000000E+00,   0.00000000E+00,  -0.19685779E+08,   0.00000000E+00,   0.00000000E+00,   0.89905358E-11,
 37957.042,   1,  0.91140291E+09,   0.00000000E+00,  -0.12594786E+10,   0.00000000E+00,   0.00000000E+00,  -0.19702556E+08,   0.00000000E+00,   0.00000000E+00,   0.11474331E-10,
 37958.042,   1,  0.91319917E+09,   0.00000000E+00,  -0.12606624E+10,   0.00000000E+00,   0.00000000E+00,  -0.19717107E+08,   0.00000000E+00,   0.00000000E+00,   0.97073779E-11,
 37959.042,   1,  0.91467969E+09,   0.00000000E+00,  -0.12618448E+10,   0.00000000E+00,   0.00000000E+00,  -0.19728208E+08,   0.00000000E+00,   0.00000000E+00,   0.10803437E-10,
 37960.042,   1,  0.91627765E+09,   0.00000000E+00,  -0.12630261E+10,   0.00000000E+00,   0.00000000E+00,  -0.19741912E+08,   0.00000000E+00,   0.00000000E+00,   0.10896634E-10,
 37961.042,   1,  0.91829425E+09,   0.00000000E+00,  -0.12642079E+10,   0.00000000E+00,   0.00000000E+00,  -0.19757306E+08,   0.00000000E+00,   0.00000000E+00,   0.11263355E-10,
 37962.042,   1,  0.92052603E+09,   0.00000000E+00,  -0.12653914E+10,   0.00000000E+00,   0.00000000E+00,  -0.19763201E+08,   0.00000000E+00,   0.00000000E+00,   0.10085900E-10,
 37963.042,   1,  0.92247567E+09,   0.00000000E+00,  -0.12665744E+10,   0.00000000E+00,   0.00000000E+00,  -0.19773102E+08,   0.00000000E+00,   0.00000000E+00,   0.67160747E-11,
 37964.042,   1,  0.92412181E+09,   0.00000000E+00,  -0.12677546E+10,   0.00000000E+00,   0.00000000E+00,  -0.19787423E+08,   0.00000000E+00,   0.00000000E+00,   0.36738302E-11,
 37965.042,   1,  0.92566437E+09,   0.00000000E+00,  -0.12689699E+10,   0.00000000E+00,   0.00000000E+00,  -0.19801546E+08,   0.00000000E+00,   0.00000000E+00,   0.77151303E-12,
 37966.042,   1,  0.92711121E+09,   0.00000000E+00,  -0.12701713E+10,   0.00000000E+00,   0.00000000E+00,  -0.19818350E+08,   0.00000000E+00,   0.00000000E+00,   0.65866315E-11,
 37967.042,   1,  0.92852213E+09,   0.00000000E+00,  -0.12713326E+10,   0.00000000E+00,   0.00000000E+00,  -0.19840378E+08,   0.00000000E+00,   0.00000000E+00,   0.75111696E-11,
 37968.042,   1,  0.93005711E+09,   0.00000000E+00,  -0.12725208E+10,   0.00000000E+00,   0.00000000E+00,  -0.19863890E+08,   0.00000000E+00,   0.00000000E+00,   0.11465990E-10,
 37969.042,   1,  0.93185100E+09,   0.00000000E+00,  -0.12737016E+10,   0.00000000E+00,   0.00000000E+00,  -0.19879916E+08,   0.00000000E+00,   0.00000000E+00,   0.18817465E-10,
 37970.042,   1,  0.93361446E+09,   0.00000000E+00,  -0.12748572E+10,   0.00000000E+00,   0.00000000E+00,  -0.19885469E+08,   0.00000000E+00,   0.00000000E+00,   0.26886841E-10,
