DATE TIME,Temp_F
10/1/2023 0:00,56
10/1/2023 1:00,56
10/1/2023 2:00,57
10/1/2023 3:00,55
10/1/2023 4:00,57
10/1/2023 5:00,57
10/1/2023 6:00,52
10/1/2023 7:00,55
10/1/2023 8:00,58
10/1/2023 9:00,61
10/1/2023 10:00,67
10/1/2023 11:00,67
10/1/2023 12:00,69
10/1/2023 13:00,70
10/1/2023 14:00,74
10/1/2023 15:00,70
10/1/2023 16:00,70
10/1/2023 17:00,72
10/1/2023 18:00,70
10/1/2023 19:00,67
10/1/2023 20:00,66
10/1/2023 21:00,66
10/1/2023 22:00,66
10/1/2023 23:00,65
10/2/2023 0:00,65
10/2/2023 1:00,63
10/2/2023 2:00,64
10/2/2023 3:00,63
10/2/2023 4:00,62
10/2/2023 5:00,61
10/2/2023 6:00,61
10/2/2023 7:00,59
10/2/2023 8:00,63
10/2/2023 9:00,67
10/2/2023 10:00,71
10/2/2023 11:00,71
10/2/2023 12:00,74
10/2/2023 13:00,75
10/2/2023 14:00,78
10/2/2023 15:00,80
10/2/2023 16:00,77
10/2/2023 17:00,78
10/2/2023 18:00,75
10/2/2023 19:00,71
10/2/2023 20:00,70
10/2/2023 21:00,70
10/2/2023 22:00,69
10/2/2023 23:00,67
10/3/2023 0:00,64
10/3/2023 1:00,63
10/3/2023 2:00,62
10/3/2023 3:00,62
10/3/2023 4:00,61
10/3/2023 5:00,61
10/3/2023 6:00,61
10/3/2023 7:00,60
10/3/2023 8:00,63
10/3/2023 9:00,68
10/3/2023 10:00,73
10/3/2023 11:00,74
10/3/2023 12:00,79
10/3/2023 13:00,79
10/3/2023 14:00,82
10/3/2023 15:00,81
10/3/2023 16:00,84
10/3/2023 17:00,83
10/3/2023 18:00,81
10/3/2023 19:00,77
10/3/2023 20:00,73
10/3/2023 21:00,72
10/3/2023 22:00,70
10/3/2023 23:00,69
10/4/2023 0:00,68
10/4/2023 1:00,67
10/4/2023 2:00,66
10/4/2023 3:00,65
10/4/2023 4:00,65
10/4/2023 5:00,64
10/4/2023 6:00,63
10/4/2023 7:00,63
10/4/2023 8:00,65
10/4/2023 9:00,69
10/4/2023 10:00,75
10/4/2023 11:00,79
10/4/2023 12:00,83
10/4/2023 13:00,85
10/4/2023 14:00,87
10/4/2023 15:00,88
10/4/2023 16:00,90
10/4/2023 17:00,89
10/4/2023 18:00,86
10/4/2023 19:00,81
10/4/2023 20:00,80
10/4/2023 21:00,79
10/4/2023 22:00,75
10/4/2023 23:00,72
10/5/2023 0:00,72
10/5/2023 1:00,70
10/5/2023 2:00,69
10/5/2023 3:00,69
10/5/2023 4:00,68
10/5/2023 5:00,68
10/5/2023 6:00,68
10/5/2023 7:00,69
10/5/2023 8:00,73
10/5/2023 9:00,72
10/5/2023 10:00,78
10/5/2023 11:00,84
10/5/2023 12:00,87
10/5/2023 13:00,88
10/5/2023 14:00,89
10/5/2023 15:00,92
10/5/2023 16:00,92
10/5/2023 17:00,92
10/5/2023 18:00,89
10/5/2023 19:00,85
10/5/2023 20:00,82
10/5/2023 21:00,80
10/5/2023 22:00,76
10/5/2023 23:00,76
10/6/2023 0:00,75
10/6/2023 1:00,74
10/6/2023 2:00,73
10/6/2023 3:00,73
10/6/2023 4:00,71
10/6/2023 5:00,70
10/6/2023 6:00,71
10/6/2023 7:00,70
10/6/2023 8:00,75
10/6/2023 9:00,72
10/6/2023 10:00,78
10/6/2023 11:00,85
10/6/2023 12:00,87
10/6/2023 13:00,89
10/6/2023 14:00,91
10/6/2023 15:00,94
10/6/2023 16:00,93
10/6/2023 17:00,93
10/6/2023 18:00,91
10/6/2023 19:00,86
10/6/2023 20:00,84
10/6/2023 21:00,81
10/6/2023 22:00,78
10/6/2023 23:00,76
10/7/2023 0:00,76
10/7/2023 1:00,77
10/7/2023 2:00,73
10/7/2023 3:00,73
10/7/2023 4:00,73
10/7/2023 5:00,72
10/7/2023 6:00,74
10/7/2023 7:00,75
10/7/2023 8:00,72
10/7/2023 9:00,76
10/7/2023 10:00,82
10/7/2023 11:00,86
10/7/2023 12:00,89
10/7/2023 13:00,92
10/7/2023 14:00,94
10/7/2023 15:00,97
10/7/2023 16:00,97
10/7/2023 17:00,96
10/7/2023 18:00,94
10/7/2023 19:00,87
10/7/2023 20:00,85
10/7/2023 21:00,84
10/7/2023 22:00,80
10/7/2023 23:00,75
10/8/2023 0:00,78
10/8/2023 1:00,76
10/8/2023 2:00,76
10/8/2023 3:00,76
10/8/2023 4:00,77
10/8/2023 5:00,77
10/8/2023 6:00,75
10/8/2023 7:00,72
10/8/2023 8:00,72
10/8/2023 9:00,76
10/8/2023 10:00,80
10/8/2023 11:00,87
10/8/2023 12:00,91
10/8/2023 13:00,93
10/8/2023 14:00,94
10/8/2023 15:00,96
10/8/2023 16:00,96
10/8/2023 17:00,96
10/8/2023 18:00,93
10/8/2023 19:00,87
10/8/2023 20:00,86
10/8/2023 21:00,82
10/8/2023 22:00,79
10/8/2023 23:00,77
10/9/2023 0:00,75
10/9/2023 1:00,74
10/9/2023 2:00,75
10/9/2023 3:00,72
10/9/2023 4:00,73
10/9/2023 5:00,70
10/9/2023 6:00,71
10/9/2023 7:00,69
10/9/2023 8:00,67
10/9/2023 9:00,71
10/9/2023 10:00,78
10/9/2023 11:00,76
10/9/2023 12:00,77
10/9/2023 13:00,82
10/9/2023 14:00,80
10/9/2023 15:00,76
10/9/2023 16:00,75
10/9/2023 17:00,75
10/9/2023 18:00,72
10/9/2023 19:00,67
10/9/2023 20:00,65
10/9/2023 21:00,63
10/9/2023 22:00,61
10/9/2023 23:00,59
10/10/2023 0:00,61
10/10/2023 1:00,60
10/10/2023 2:00,59
10/10/2023 3:00,60
10/10/2023 4:00,59
10/10/2023 5:00,59
10/10/2023 6:00,54
10/10/2023 7:00,56
10/10/2023 8:00,60
10/10/2023 9:00,64
10/10/2023 10:00,69
10/10/2023 11:00,71
10/10/2023 12:00,75
10/10/2023 13:00,76
10/10/2023 14:00,78
10/10/2023 15:00,79
10/10/2023 16:00,76
10/10/2023 17:00,78
10/10/2023 18:00,74
10/10/2023 19:00,71
10/10/2023 20:00,68
10/10/2023 21:00,66
10/10/2023 22:00,63
10/10/2023 23:00,60
10/11/2023 0:00,60
10/11/2023 1:00,60
10/11/2023 2:00,65
10/11/2023 3:00,61
10/11/2023 4:00,61
10/11/2023 5:00,59
10/11/2023 6:00,58
10/11/2023 7:00,57
10/11/2023 8:00,57
10/11/2023 9:00,60
10/11/2023 10:00,62
10/11/2023 11:00,65
10/11/2023 12:00,68
10/11/2023 13:00,70
10/11/2023 14:00,70
10/11/2023 15:00,73
10/11/2023 16:00,74
10/11/2023 17:00,72
10/11/2023 18:00,70
10/11/2023 19:00,66
10/11/2023 20:00,64
10/11/2023 21:00,62
10/11/2023 22:00,60
10/11/2023 23:00,59
10/12/2023 0:00,58
10/12/2023 1:00,57
10/12/2023 2:00,57
10/12/2023 3:00,55
10/12/2023 4:00,56
10/12/2023 5:00,55
10/12/2023 6:00,55
10/12/2023 7:00,55
10/12/2023 8:00,55
10/12/2023 9:00,62
10/12/2023 10:00,65
10/12/2023 11:00,68
10/12/2023 12:00,70
10/12/2023 13:00,72
10/12/2023 14:00,75
10/12/2023 15:00,76
10/12/2023 16:00,77
10/12/2023 17:00,77
10/12/2023 18:00,73
10/12/2023 19:00,72
10/12/2023 20:00,69
10/12/2023 21:00,66
10/12/2023 22:00,65
10/12/2023 23:00,62
10/13/2023 0:00,61
10/13/2023 1:00,61
10/13/2023 2:00,60
10/13/2023 3:00,60
10/13/2023 4:00,60
10/13/2023 5:00,58
10/13/2023 6:00,59
10/13/2023 7:00,59
10/13/2023 8:00,61
10/13/2023 9:00,63
10/13/2023 10:00,67
10/13/2023 11:00,76
10/13/2023 12:00,78
10/13/2023 13:00,80
10/13/2023 14:00,82
10/13/2023 15:00,82
10/13/2023 16:00,82
10/13/2023 17:00,85
10/13/2023 18:00,79
10/13/2023 19:00,74
10/13/2023 20:00,74
10/13/2023 21:00,73
10/13/2023 22:00,68
10/13/2023 23:00,69
10/14/2023 0:00,68
10/14/2023 1:00,67
10/14/2023 2:00,66
10/14/2023 3:00,67
10/14/2023 4:00,66
10/14/2023 5:00,68
10/14/2023 6:00,63
10/14/2023 7:00,60
10/14/2023 8:00,63
10/14/2023 9:00,63
10/14/2023 10:00,64
10/14/2023 11:00,74
10/14/2023 12:00,78
10/14/2023 13:00,82
10/14/2023 14:00,82
10/14/2023 15:00,83
10/14/2023 16:00,86
10/14/2023 17:00,84
10/14/2023 18:00,81
10/14/2023 19:00,77
10/14/2023 20:00,74
10/14/2023 21:00,72
10/14/2023 22:00,69
10/14/2023 23:00,67
10/15/2023 0:00,66
10/15/2023 1:00,65
10/15/2023 2:00,65
10/15/2023 3:00,64
10/15/2023 4:00,65
10/15/2023 5:00,64
10/15/2023 6:00,61
10/15/2023 7:00,60
10/15/2023 8:00,61
10/15/2023 9:00,65
10/15/2023 10:00,71
10/15/2023 11:00,78
10/15/2023 12:00,81
10/15/2023 13:00,83
10/15/2023 14:00,83
10/15/2023 15:00,85
10/15/2023 16:00,86
10/15/2023 17:00,88
10/15/2023 18:00,82
10/15/2023 19:00,79
10/15/2023 20:00,77
10/15/2023 21:00,74
10/15/2023 22:00,71
10/15/2023 23:00,70
10/16/2023 0:00,68
10/16/2023 1:00,67
10/16/2023 2:00,66
10/16/2023 3:00,67
10/16/2023 4:00,64
10/16/2023 5:00,63
10/16/2023 6:00,63
10/16/2023 7:00,63
10/16/2023 8:00,64
10/16/2023 9:00,66
10/16/2023 10:00,71
10/16/2023 11:00,77
10/16/2023 12:00,79
10/16/2023 13:00,82
10/16/2023 14:00,84
10/16/2023 15:00,87
10/16/2023 16:00,85
10/16/2023 17:00,83
10/16/2023 18:00,79
10/16/2023 19:00,76
10/16/2023 20:00,72
10/16/2023 21:00,73
10/16/2023 22:00,69
10/16/2023 23:00,67
10/17/2023 0:00,67
10/17/2023 1:00,64
10/17/2023 2:00,62
10/17/2023 3:00,63
10/17/2023 4:00,59
10/17/2023 5:00,60
10/17/2023 6:00,61
10/17/2023 7:00,61
10/17/2023 8:00,62
10/17/2023 9:00,65
10/17/2023 10:00,70
10/17/2023 11:00,72
10/17/2023 12:00,77
10/17/2023 13:00,80
10/17/2023 14:00,81
10/17/2023 15:00,83
10/17/2023 16:00,82
10/17/2023 17:00,82
10/17/2023 18:00,79
10/17/2023 19:00,76
10/17/2023 20:00,74
10/17/2023 21:00,72
10/17/2023 22:00,70
10/17/2023 23:00,68
10/18/2023 0:00,67
10/18/2023 1:00,66
10/18/2023 2:00,66
10/18/2023 3:00,64
10/18/2023 4:00,64
10/18/2023 5:00,63
10/18/2023 6:00,61
10/18/2023 7:00,61
10/18/2023 8:00,62
10/18/2023 9:00,65
10/18/2023 10:00,72
10/18/2023 11:00,76
10/18/2023 12:00,82
10/18/2023 13:00,83
10/18/2023 14:00,88
10/18/2023 15:00,88
10/18/2023 16:00,91
10/18/2023 17:00,89
10/18/2023 18:00,85
10/18/2023 19:00,81
10/18/2023 20:00,79
10/18/2023 21:00,75
10/18/2023 22:00,73
10/18/2023 23:00,72
10/19/2023 0:00,69
10/19/2023 1:00,70
10/19/2023 2:00,69
10/19/2023 3:00,68
10/19/2023 4:00,69
10/19/2023 5:00,67
10/19/2023 6:00,66
10/19/2023 7:00,65
10/19/2023 8:00,65
10/19/2023 9:00,68
10/19/2023 10:00,76
10/19/2023 11:00,81
10/19/2023 12:00,83
10/19/2023 13:00,85
10/19/2023 14:00,89
10/19/2023 15:00,92
10/19/2023 16:00,91
10/19/2023 17:00,91
10/19/2023 18:00,86
10/19/2023 19:00,83
10/19/2023 20:00,81
10/19/2023 21:00,77
10/19/2023 22:00,76
10/19/2023 23:00,74
10/20/2023 0:00,74
10/20/2023 1:00,70
10/20/2023 2:00,71
10/20/2023 3:00,67
10/20/2023 4:00,69
10/20/2023 5:00,70
10/20/2023 6:00,68
10/20/2023 7:00,69
10/20/2023 8:00,67
10/20/2023 9:00,69
10/20/2023 10:00,78
10/20/2023 11:00,87
10/20/2023 12:00,88
10/20/2023 13:00,90
10/20/2023 14:00,91
10/20/2023 15:00,92
10/20/2023 16:00,91
10/20/2023 17:00,92
10/20/2023 18:00,88
10/20/2023 19:00,85
10/20/2023 20:00,82
10/20/2023 21:00,79
10/20/2023 22:00,76
10/20/2023 23:00,74
10/21/2023 0:00,72
10/21/2023 1:00,72
10/21/2023 2:00,71
10/21/2023 3:00,68
10/21/2023 4:00,65
10/21/2023 5:00,60
10/21/2023 6:00,60
10/21/2023 7:00,61
10/21/2023 8:00,61
10/21/2023 9:00,61
10/21/2023 10:00,66
10/21/2023 11:00,71
10/21/2023 12:00,74
10/21/2023 13:00,78
10/21/2023 14:00,80
10/21/2023 15:00,83
10/21/2023 16:00,79
10/21/2023 17:00,79
10/21/2023 18:00,74
10/21/2023 19:00,70
10/21/2023 20:00,68
10/21/2023 21:00,67
10/21/2023 22:00,65
10/21/2023 23:00,61
10/22/2023 0:00,60
10/22/2023 1:00,60
10/22/2023 2:00,59
10/22/2023 3:00,56
10/22/2023 4:00,58
10/22/2023 5:00,58
10/22/2023 6:00,56
10/22/2023 7:00,57
10/22/2023 8:00,56
10/22/2023 9:00,61
10/22/2023 10:00,64
10/22/2023 11:00,67
10/22/2023 12:00,70
10/22/2023 13:00,70
10/22/2023 14:00,71
10/22/2023 15:00,74
10/22/2023 16:00,78
10/22/2023 17:00,76
10/22/2023 18:00,68
10/22/2023 19:00,67
10/22/2023 20:00,67
10/22/2023 21:00,65
10/22/2023 22:00,62
10/22/2023 23:00,60
10/23/2023 0:00,59
10/23/2023 1:00,57
10/23/2023 2:00,56
10/23/2023 3:00,56
10/23/2023 4:00,56
10/23/2023 5:00,56
10/23/2023 6:00,56
10/23/2023 7:00,57
10/23/2023 8:00,56
10/23/2023 9:00,57
10/23/2023 10:00,59
10/23/2023 11:00,59
10/23/2023 12:00,60
10/23/2023 13:00,61
10/23/2023 14:00,63
10/23/2023 15:00,65
10/23/2023 16:00,64
10/23/2023 17:00,65
10/23/2023 18:00,64
10/23/2023 19:00,62
10/23/2023 20:00,62
10/23/2023 21:00,62
10/23/2023 22:00,62
10/23/2023 23:00,62
10/24/2023 0:00,58
10/24/2023 1:00,60
10/24/2023 2:00,60
10/24/2023 3:00,59
10/24/2023 4:00,60
10/24/2023 5:00,59
10/24/2023 6:00,58
10/24/2023 7:00,58
10/24/2023 8:00,58
10/24/2023 9:00,62
10/24/2023 10:00,64
10/24/2023 11:00,69
10/24/2023 12:00,71
10/24/2023 13:00,72
10/24/2023 14:00,75
10/24/2023 15:00,79
10/24/2023 16:00,79
10/24/2023 17:00,77
10/24/2023 18:00,73
10/24/2023 19:00,70
10/24/2023 20:00,69
10/24/2023 21:00,68
10/24/2023 22:00,66
10/24/2023 23:00,64
10/25/2023 0:00,63
10/25/2023 1:00,63
10/25/2023 2:00,62
10/25/2023 3:00,61
10/25/2023 4:00,60
10/25/2023 5:00,60
10/25/2023 6:00,59
10/25/2023 7:00,59
10/25/2023 8:00,59
10/25/2023 9:00,64
10/25/2023 10:00,68
10/25/2023 11:00,71
10/25/2023 12:00,75
10/25/2023 13:00,75
10/25/2023 14:00,77
10/25/2023 15:00,76
10/25/2023 16:00,76
10/25/2023 17:00,74
10/25/2023 18:00,71
10/25/2023 19:00,67
10/25/2023 20:00,66
10/25/2023 21:00,62
10/25/2023 22:00,60
10/25/2023 23:00,58
10/26/2023 0:00,57
10/26/2023 1:00,56
10/26/2023 2:00,56
10/26/2023 3:00,54
10/26/2023 4:00,54
10/26/2023 5:00,55
10/26/2023 6:00,52
10/26/2023 7:00,52
10/26/2023 8:00,54
10/26/2023 9:00,59
10/26/2023 10:00,59
10/26/2023 11:00,61
10/26/2023 12:00,61
10/26/2023 13:00,63
10/26/2023 14:00,68
10/26/2023 15:00,68
10/26/2023 16:00,69
10/26/2023 17:00,68
10/26/2023 18:00,63
10/26/2023 19:00,61
10/26/2023 20:00,60
10/26/2023 21:00,59
10/26/2023 22:00,58
10/26/2023 23:00,55
10/27/2023 0:00,55
10/27/2023 1:00,53
10/27/2023 2:00,53
10/27/2023 3:00,51
10/27/2023 4:00,51
10/27/2023 5:00,51
10/27/2023 6:00,50
10/27/2023 7:00,49
10/27/2023 8:00,50
10/27/2023 9:00,53
10/27/2023 10:00,58
10/27/2023 11:00,65
10/27/2023 12:00,66
10/27/2023 13:00,66
10/27/2023 14:00,68
10/27/2023 15:00,70
10/27/2023 16:00,69
10/27/2023 17:00,65
10/27/2023 18:00,65
10/27/2023 19:00,62
10/27/2023 20:00,61
10/27/2023 21:00,58
10/27/2023 22:00,56
10/27/2023 23:00,55
10/28/2023 0:00,54
10/28/2023 1:00,52
10/28/2023 2:00,52
10/28/2023 3:00,50
10/28/2023 4:00,50
10/28/2023 5:00,49
10/28/2023 6:00,49
10/28/2023 7:00,48
10/28/2023 8:00,47
10/28/2023 9:00,52
10/28/2023 10:00,57
10/28/2023 11:00,61
10/28/2023 12:00,63
10/28/2023 13:00,64
10/28/2023 14:00,66
10/28/2023 15:00,67
10/28/2023 16:00,68
10/28/2023 17:00,67
10/28/2023 18:00,62
10/28/2023 19:00,59
10/28/2023 20:00,57
10/28/2023 21:00,57
10/28/2023 22:00,55
10/28/2023 23:00,54
10/29/2023 0:00,53
10/29/2023 1:00,50
10/29/2023 2:00,51
10/29/2023 3:00,50
10/29/2023 4:00,50
10/29/2023 5:00,49
10/29/2023 6:00,48
10/29/2023 7:00,48
10/29/2023 8:00,50
10/29/2023 9:00,51
10/29/2023 10:00,59
10/29/2023 11:00,66
10/29/2023 12:00,65
10/29/2023 13:00,66
10/29/2023 14:00,69
10/29/2023 15:00,71
10/29/2023 16:00,70
10/29/2023 17:00,69
10/29/2023 18:00,66
10/29/2023 19:00,64
10/29/2023 20:00,61
10/29/2023 21:00,59
10/29/2023 22:00,57
10/29/2023 23:00,55
10/30/2023 0:00,54
10/30/2023 1:00,53
10/30/2023 2:00,53
10/30/2023 3:00,53
10/30/2023 4:00,52
10/30/2023 5:00,52
10/30/2023 6:00,51
10/30/2023 7:00,50
10/30/2023 8:00,51
10/30/2023 9:00,54
10/30/2023 10:00,61
10/30/2023 11:00,65
10/30/2023 12:00,67
10/30/2023 13:00,70
10/30/2023 14:00,74
10/30/2023 15:00,74
10/30/2023 16:00,75
10/30/2023 17:00,73
10/30/2023 18:00,69
10/30/2023 19:00,67
10/30/2023 20:00,64
10/30/2023 21:00,61
10/30/2023 22:00,58
10/30/2023 23:00,57
10/31/2023 0:00,55
10/31/2023 1:00,55
10/31/2023 2:00,54
10/31/2023 3:00,53
10/31/2023 4:00,53
10/31/2023 5:00,54
10/31/2023 6:00,52
10/31/2023 7:00,52
10/31/2023 8:00,54
10/31/2023 9:00,55
10/31/2023 10:00,60
10/31/2023 11:00,68
10/31/2023 12:00,71
10/31/2023 13:00,73
10/31/2023 14:00,76
10/31/2023 15:00,78
10/31/2023 16:00,75
10/31/2023 17:00,76
10/31/2023 18:00,71
10/31/2023 19:00,69
10/31/2023 20:00,65
10/31/2023 21:00,63
10/31/2023 22:00,61
10/31/2023 23:00,58
11/1/2023 0:00,58
11/1/2023 1:00,57
11/1/2023 2:00,56
11/1/2023 3:00,56
11/1/2023 4:00,55
11/1/2023 5:00,53
11/1/2023 6:00,52
11/1/2023 7:00,53
11/1/2023 8:00,52
11/1/2023 9:00,58
11/1/2023 10:00,61
11/1/2023 11:00,69
11/1/2023 12:00,71
11/1/2023 13:00,71
11/1/2023 14:00,75
11/1/2023 15:00,77
11/1/2023 16:00,77
11/1/2023 17:00,74
11/1/2023 18:00,71
11/1/2023 19:00,69
11/1/2023 20:00,68
11/1/2023 21:00,64
11/1/2023 22:00,60
11/1/2023 23:00,59
11/2/2023 0:00,58
11/2/2023 1:00,57
11/2/2023 2:00,57
11/2/2023 3:00,56
11/2/2023 4:00,56
11/2/2023 5:00,56
11/2/2023 6:00,56
11/2/2023 7:00,54
11/2/2023 8:00,55
11/2/2023 9:00,58
11/2/2023 10:00,64
11/2/2023 11:00,67
11/2/2023 12:00,73
11/2/2023 13:00,75
11/2/2023 14:00,79
11/2/2023 15:00,78
11/2/2023 16:00,79
11/2/2023 17:00,78
11/2/2023 18:00,73
11/2/2023 19:00,70
11/2/2023 20:00,70
11/2/2023 21:00,66
11/2/2023 22:00,63
11/2/2023 23:00,61
11/3/2023 0:00,60
11/3/2023 1:00,61
11/3/2023 2:00,59
11/3/2023 3:00,57
11/3/2023 4:00,57
11/3/2023 5:00,58
11/3/2023 6:00,56
11/3/2023 7:00,55
11/3/2023 8:00,55
11/3/2023 9:00,58
11/3/2023 10:00,71
11/3/2023 11:00,70
11/3/2023 12:00,72
11/3/2023 13:00,74
11/3/2023 14:00,77
11/3/2023 15:00,79
11/3/2023 16:00,79
11/3/2023 17:00,77
11/3/2023 18:00,73
11/3/2023 19:00,71
11/3/2023 20:00,68
11/3/2023 21:00,65
11/3/2023 22:00,63
11/3/2023 23:00,62
11/4/2023 0:00,61
11/4/2023 1:00,60
11/4/2023 2:00,61
11/4/2023 3:00,60
11/4/2023 4:00,59
11/4/2023 5:00,55
11/4/2023 6:00,57
11/4/2023 7:00,56
11/4/2023 8:00,56
11/4/2023 9:00,59
11/4/2023 10:00,63
11/4/2023 11:00,71
11/4/2023 12:00,75
11/4/2023 13:00,76
11/4/2023 14:00,79
11/4/2023 15:00,81
11/4/2023 16:00,81
11/4/2023 17:00,79
11/4/2023 18:00,75
11/4/2023 19:00,72
11/4/2023 20:00,69
11/4/2023 21:00,67
11/4/2023 22:00,65
11/4/2023 23:00,64
11/5/2023 0:00,64
11/5/2023 1:00,61
11/5/2023 2:00,60
11/5/2023 3:00,60
11/5/2023 4:00,59
11/5/2023 5:00,58
11/5/2023 6:00,59
11/5/2023 7:00,58
11/5/2023 8:00,61
11/5/2023 9:00,63
11/5/2023 10:00,68
11/5/2023 11:00,73
11/5/2023 12:00,77
11/5/2023 13:00,77
11/5/2023 14:00,80
11/5/2023 15:00,80
11/5/2023 16:00,79
11/5/2023 17:00,73
11/5/2023 18:00,72
11/5/2023 19:00,70
11/5/2023 20:00,66
11/5/2023 21:00,64
11/5/2023 22:00,64
11/5/2023 23:00,64
11/6/2023 0:00,63
11/6/2023 1:00,62
11/6/2023 2:00,63
11/6/2023 3:00,62
11/6/2023 4:00,61
11/6/2023 5:00,62
11/6/2023 6:00,61
11/6/2023 7:00,60
11/6/2023 8:00,59
11/6/2023 9:00,61
11/6/2023 10:00,63
11/6/2023 11:00,67
11/6/2023 12:00,71
11/6/2023 13:00,74
11/6/2023 14:00,75
11/6/2023 15:00,75
11/6/2023 16:00,71
11/6/2023 17:00,68
11/6/2023 18:00,67
11/6/2023 19:00,66
11/6/2023 20:00,63
11/6/2023 21:00,59
11/6/2023 22:00,59
11/6/2023 23:00,58
11/7/2023 0:00,57
11/7/2023 1:00,57
11/7/2023 2:00,57
11/7/2023 3:00,55
11/7/2023 4:00,54
11/7/2023 5:00,55
11/7/2023 6:00,55
11/7/2023 7:00,54
11/7/2023 8:00,53
11/7/2023 9:00,57
11/7/2023 10:00,60
11/7/2023 11:00,62
11/7/2023 12:00,62
11/7/2023 13:00,64
11/7/2023 14:00,65
11/7/2023 15:00,65
11/7/2023 16:00,63
11/7/2023 17:00,61
11/7/2023 18:00,59
11/7/2023 19:00,57
11/7/2023 20:00,57
11/7/2023 21:00,53
11/7/2023 22:00,53
11/7/2023 23:00,53
11/8/2023 0:00,49
11/8/2023 1:00,49
11/8/2023 2:00,47
11/8/2023 3:00,47
11/8/2023 4:00,48
11/8/2023 5:00,48
11/8/2023 6:00,47
11/8/2023 7:00,47
11/8/2023 8:00,49
11/8/2023 9:00,55
11/8/2023 10:00,57
11/8/2023 11:00,63
11/8/2023 12:00,63
11/8/2023 13:00,67
11/8/2023 14:00,68
11/8/2023 15:00,69
11/8/2023 16:00,66
11/8/2023 17:00,62
11/8/2023 18:00,60
11/8/2023 19:00,60
11/8/2023 20:00,58
11/8/2023 21:00,56
11/8/2023 22:00,54
11/8/2023 23:00,52
11/9/2023 0:00,51
11/9/2023 1:00,50
11/9/2023 2:00,50
11/9/2023 3:00,50
11/9/2023 4:00,49
11/9/2023 5:00,48
11/9/2023 6:00,48
11/9/2023 7:00,48
11/9/2023 8:00,50
11/9/2023 9:00,57
11/9/2023 10:00,62
11/9/2023 11:00,63
11/9/2023 12:00,64
11/9/2023 13:00,68
11/9/2023 14:00,69
11/9/2023 15:00,66
11/9/2023 16:00,65
11/9/2023 17:00,62
11/9/2023 18:00,61
11/9/2023 19:00,59
11/9/2023 20:00,57
11/9/2023 21:00,55
11/9/2023 22:00,55
11/9/2023 23:00,53
11/10/2023 0:00,52
11/10/2023 1:00,52
11/10/2023 2:00,50
11/10/2023 3:00,50
11/10/2023 4:00,49
11/10/2023 5:00,49
11/10/2023 6:00,48
11/10/2023 7:00,48
11/10/2023 8:00,51
11/10/2023 9:00,53
11/10/2023 10:00,60
11/10/2023 11:00,63
11/10/2023 12:00,65
11/10/2023 13:00,66
11/10/2023 14:00,69
11/10/2023 15:00,69
11/10/2023 16:00,67
11/10/2023 17:00,63
11/10/2023 18:00,61
11/10/2023 19:00,59
11/10/2023 20:00,58
11/10/2023 21:00,55
11/10/2023 22:00,54
11/10/2023 23:00,52
11/11/2023 0:00,52
11/11/2023 1:00,50
11/11/2023 2:00,51
11/11/2023 3:00,50
11/11/2023 4:00,50
11/11/2023 5:00,49
11/11/2023 6:00,48
11/11/2023 7:00,48
11/11/2023 8:00,50
11/11/2023 9:00,56
11/11/2023 10:00,62
11/11/2023 11:00,65
11/11/2023 12:00,65
11/11/2023 13:00,67
11/11/2023 14:00,69
11/11/2023 15:00,72
11/11/2023 16:00,70
11/11/2023 17:00,65
11/11/2023 18:00,63
11/11/2023 19:00,60
11/11/2023 20:00,59
11/11/2023 21:00,56
11/11/2023 22:00,54
11/11/2023 23:00,54
11/12/2023 0:00,53
11/12/2023 1:00,53
11/12/2023 2:00,51
11/12/2023 3:00,51
11/12/2023 4:00,49
11/12/2023 5:00,50
11/12/2023 6:00,49
11/12/2023 7:00,49
11/12/2023 8:00,51
11/12/2023 9:00,61
11/12/2023 10:00,65
11/12/2023 11:00,67
11/12/2023 12:00,67
11/12/2023 13:00,77
11/12/2023 14:00,78
11/12/2023 15:00,79
11/12/2023 16:00,77
11/12/2023 17:00,72
11/12/2023 18:00,70
11/12/2023 19:00,66
11/12/2023 20:00,65
11/12/2023 21:00,61
11/12/2023 22:00,62
11/12/2023 23:00,62
11/13/2023 0:00,62
11/13/2023 1:00,62
11/13/2023 2:00,61
11/13/2023 3:00,60
11/13/2023 4:00,61
11/13/2023 5:00,60
11/13/2023 6:00,57
11/13/2023 7:00,56
11/13/2023 8:00,60
11/13/2023 9:00,61
11/13/2023 10:00,69
11/13/2023 11:00,77
11/13/2023 12:00,75
11/13/2023 13:00,77
11/13/2023 14:00,76
11/13/2023 15:00,76
11/13/2023 16:00,76
11/13/2023 17:00,72
11/13/2023 18:00,66
11/13/2023 19:00,64
11/13/2023 20:00,63
11/13/2023 21:00,60
11/13/2023 22:00,56
11/13/2023 23:00,59
11/14/2023 0:00,57
11/14/2023 1:00,56
11/14/2023 2:00,58
11/14/2023 3:00,56
11/14/2023 4:00,54
11/14/2023 5:00,54
11/14/2023 6:00,55
11/14/2023 7:00,53
11/14/2023 8:00,56
11/14/2023 9:00,64
11/14/2023 10:00,69
11/14/2023 11:00,73
11/14/2023 12:00,74
11/14/2023 13:00,74
11/14/2023 14:00,76
11/14/2023 15:00,75
11/14/2023 16:00,74
11/14/2023 17:00,71
11/14/2023 18:00,68
11/14/2023 19:00,67
11/14/2023 20:00,63
11/14/2023 21:00,62
11/14/2023 22:00,60
11/14/2023 23:00,60
11/15/2023 0:00,58
11/15/2023 1:00,60
11/15/2023 2:00,62
11/15/2023 3:00,61
11/15/2023 4:00,57
11/15/2023 5:00,58
11/15/2023 6:00,61
11/15/2023 7:00,52
11/15/2023 8:00,54
11/15/2023 9:00,63
11/15/2023 10:00,64
11/15/2023 11:00,68
11/15/2023 12:00,73
11/15/2023 13:00,70
11/15/2023 14:00,67
11/15/2023 15:00,67
11/15/2023 16:00,66
11/15/2023 17:00,63
11/15/2023 18:00,64
11/15/2023 19:00,59
11/15/2023 20:00,59
11/15/2023 21:00,59
11/15/2023 22:00,61
11/15/2023 23:00,59
11/16/2023 0:00,63
11/16/2023 1:00,59
11/16/2023 2:00,60
11/16/2023 3:00,59
11/16/2023 4:00,59
11/16/2023 5:00,57
11/16/2023 6:00,58
11/16/2023 7:00,58
11/16/2023 8:00,61
11/16/2023 9:00,66
11/16/2023 10:00,66
11/16/2023 11:00,71
11/16/2023 12:00,71
11/16/2023 13:00,74
11/16/2023 14:00,75
11/16/2023 15:00,75
11/16/2023 16:00,73
11/16/2023 17:00,68
11/16/2023 18:00,68
11/16/2023 19:00,65
11/16/2023 20:00,62
11/16/2023 21:00,60
11/16/2023 22:00,59
11/16/2023 23:00,58
11/17/2023 0:00,57
11/17/2023 1:00,58
11/17/2023 2:00,57
11/17/2023 3:00,58
11/17/2023 4:00,57
11/17/2023 5:00,56
11/17/2023 6:00,55
11/17/2023 7:00,55
11/17/2023 8:00,59
11/17/2023 9:00,64
11/17/2023 10:00,69
11/17/2023 11:00,73
11/17/2023 12:00,73
11/17/2023 13:00,74
11/17/2023 14:00,72
11/17/2023 15:00,71
11/17/2023 16:00,70
11/17/2023 17:00,69
11/17/2023 18:00,69
11/17/2023 19:00,69
11/17/2023 20:00,66
11/17/2023 21:00,63
11/17/2023 22:00,62
11/17/2023 23:00,64
11/18/2023 0:00,64
11/18/2023 1:00,60
11/18/2023 2:00,64
11/18/2023 3:00,61
11/18/2023 4:00,62
11/18/2023 5:00,61
11/18/2023 6:00,62
11/18/2023 7:00,62
11/18/2023 8:00,64
11/18/2023 9:00,65
11/18/2023 10:00,65
11/18/2023 11:00,61
11/18/2023 12:00,62
11/18/2023 13:00,62
11/18/2023 14:00,63
11/18/2023 15:00,63
11/18/2023 16:00,63
11/18/2023 17:00,61
11/18/2023 18:00,61
11/18/2023 19:00,59
11/18/2023 20:00,59
11/18/2023 21:00,58
11/18/2023 22:00,58
11/18/2023 23:00,58
11/19/2023 0:00,57
11/19/2023 1:00,56
11/19/2023 2:00,56
11/19/2023 3:00,51
11/19/2023 4:00,49
11/19/2023 5:00,47
11/19/2023 6:00,48
11/19/2023 7:00,48
11/19/2023 8:00,52
11/19/2023 9:00,52
11/19/2023 10:00,54
11/19/2023 11:00,57
11/19/2023 12:00,58
11/19/2023 13:00,59
11/19/2023 14:00,60
11/19/2023 15:00,60
11/19/2023 16:00,60
11/19/2023 17:00,56
11/19/2023 18:00,55
11/19/2023 19:00,53
11/19/2023 20:00,50
11/19/2023 21:00,49
11/19/2023 22:00,49
11/19/2023 23:00,47
11/20/2023 0:00,46
11/20/2023 1:00,46
11/20/2023 2:00,48
11/20/2023 3:00,46
11/20/2023 4:00,46
11/20/2023 5:00,45
11/20/2023 6:00,45
11/20/2023 7:00,45
11/20/2023 8:00,47
11/20/2023 9:00,51
11/20/2023 10:00,58
11/20/2023 11:00,59
11/20/2023 12:00,60
11/20/2023 13:00,64
11/20/2023 14:00,65
11/20/2023 15:00,65
11/20/2023 16:00,65
11/20/2023 17:00,59
11/20/2023 18:00,57
11/20/2023 19:00,55
11/20/2023 20:00,53
11/20/2023 21:00,51
11/20/2023 22:00,52
11/20/2023 23:00,50
11/21/2023 0:00,49
11/21/2023 1:00,49
11/21/2023 2:00,50
11/21/2023 3:00,50
11/21/2023 4:00,50
11/21/2023 5:00,50
11/21/2023 6:00,50
11/21/2023 7:00,51
11/21/2023 8:00,51
11/21/2023 9:00,59
11/21/2023 10:00,62
11/21/2023 11:00,69
11/21/2023 12:00,71
11/21/2023 13:00,71
11/21/2023 14:00,72
11/21/2023 15:00,72
11/21/2023 16:00,68
11/21/2023 17:00,65
11/21/2023 18:00,64
11/21/2023 19:00,59
11/21/2023 20:00,57
11/21/2023 21:00,56
11/21/2023 22:00,54
11/21/2023 23:00,53
11/22/2023 0:00,53
11/22/2023 1:00,52
11/22/2023 2:00,51
11/22/2023 3:00,51
11/22/2023 4:00,
11/22/2023 5:00,
11/22/2023 6:00,
11/22/2023 7:00,
11/22/2023 8:00,
11/22/2023 9:00,
11/22/2023 10:00,
11/22/2023 11:00,62
11/22/2023 12:00,65
11/22/2023 13:00,67
11/22/2023 14:00,70
11/22/2023 15:00,70
11/22/2023 16:00,66
11/22/2023 17:00,64
11/22/2023 18:00,61
11/22/2023 19:00,59
11/22/2023 20:00,57
11/22/2023 21:00,57
11/22/2023 22:00,55
11/22/2023 23:00,55
11/23/2023 0:00,55
11/23/2023 1:00,55
11/23/2023 2:00,54
11/23/2023 3:00,53
11/23/2023 4:00,54
11/23/2023 5:00,54
11/23/2023 6:00,52
11/23/2023 7:00,49
11/23/2023 8:00,51
11/23/2023 9:00,59
11/23/2023 10:00,62
11/23/2023 11:00,64
11/23/2023 12:00,64
11/23/2023 13:00,66
11/23/2023 14:00,68
11/23/2023 15:00,67
11/23/2023 16:00,65
11/23/2023 17:00,61
11/23/2023 18:00,59
11/23/2023 19:00,58
11/23/2023 20:00,56
11/23/2023 21:00,53
11/23/2023 22:00,52
11/23/2023 23:00,50
11/24/2023 0:00,49
11/24/2023 1:00,49
11/24/2023 2:00,48
11/24/2023 3:00,45
11/24/2023 4:00,46
11/24/2023 5:00,45
11/24/2023 6:00,45
11/24/2023 7:00,44
11/24/2023 8:00,44
11/24/2023 9:00,47
11/24/2023 10:00,50
11/24/2023 11:00,55
11/24/2023 12:00,58
11/24/2023 13:00,60
11/24/2023 14:00,60
11/24/2023 15:00,60
11/24/2023 16:00,58
11/24/2023 17:00,55
11/24/2023 18:00,54
11/24/2023 19:00,52
11/24/2023 20:00,50
11/24/2023 21:00,49
11/24/2023 22:00,47
11/24/2023 23:00,46
11/25/2023 0:00,45
11/25/2023 1:00,45
11/25/2023 2:00,44
11/25/2023 3:00,44
11/25/2023 4:00,43
11/25/2023 5:00,44
11/25/2023 6:00,43
11/25/2023 7:00,42
11/25/2023 8:00,45
11/25/2023 9:00,52
11/25/2023 10:00,52
11/25/2023 11:00,56
11/25/2023 12:00,58
11/25/2023 13:00,60
11/25/2023 14:00,62
11/25/2023 15:00,62
11/25/2023 16:00,61
11/25/2023 17:00,57
11/25/2023 18:00,56
11/25/2023 19:00,53
11/25/2023 20:00,50
11/25/2023 21:00,48
11/25/2023 22:00,48
11/25/2023 23:00,49
11/26/2023 0:00,48
11/26/2023 1:00,45
11/26/2023 2:00,45
11/26/2023 3:00,44
11/26/2023 4:00,44
11/26/2023 5:00,43
11/26/2023 6:00,43
11/26/2023 7:00,42
11/26/2023 8:00,45
11/26/2023 9:00,52
11/26/2023 10:00,55
11/26/2023 11:00,59
11/26/2023 12:00,59
11/26/2023 13:00,62
11/26/2023 14:00,63
11/26/2023 15:00,59
11/26/2023 16:00,57
11/26/2023 17:00,55
11/26/2023 18:00,54
11/26/2023 19:00,51
11/26/2023 20:00,49
11/26/2023 21:00,48
11/26/2023 22:00,48
11/26/2023 23:00,47
11/27/2023 0:00,47
11/27/2023 1:00,46
11/27/2023 2:00,46
11/27/2023 3:00,46
11/27/2023 4:00,45
11/27/2023 5:00,44
11/27/2023 6:00,44
11/27/2023 7:00,44
11/27/2023 8:00,46
11/27/2023 9:00,51
11/27/2023 10:00,56
11/27/2023 11:00,59
11/27/2023 12:00,60
11/27/2023 13:00,64
11/27/2023 14:00,66
11/27/2023 15:00,65
11/27/2023 16:00,63
11/27/2023 17:00,60
11/27/2023 18:00,56
11/27/2023 19:00,55
11/27/2023 20:00,51
11/27/2023 21:00,50
11/27/2023 22:00,49
11/27/2023 23:00,48
11/28/2023 0:00,47
11/28/2023 1:00,47
11/28/2023 2:00,47
11/28/2023 3:00,47
11/28/2023 4:00,47
11/28/2023 5:00,47
11/28/2023 6:00,48
11/28/2023 7:00,48
11/28/2023 8:00,49
11/28/2023 9:00,52
11/28/2023 10:00,56
11/28/2023 11:00,62
11/28/2023 12:00,63
11/28/2023 13:00,67
11/28/2023 14:00,68
11/28/2023 15:00,69
11/28/2023 16:00,66
11/28/2023 17:00,63
11/28/2023 18:00,59
11/28/2023 19:00,57
11/28/2023 20:00,55
11/28/2023 21:00,51
11/28/2023 22:00,51
11/28/2023 23:00,49
11/29/2023 0:00,49
11/29/2023 1:00,48
11/29/2023 2:00,47
11/29/2023 3:00,47
11/29/2023 4:00,47
11/29/2023 5:00,47
11/29/2023 6:00,47
11/29/2023 7:00,44
11/29/2023 8:00,50
11/29/2023 9:00,50
11/29/2023 10:00,60
11/29/2023 11:00,61
11/29/2023 12:00,62
11/29/2023 13:00,62
11/29/2023 14:00,64
11/29/2023 15:00,65
11/29/2023 16:00,63
11/29/2023 17:00,58
11/29/2023 18:00,56
11/29/2023 19:00,56
11/29/2023 20:00,52
11/29/2023 21:00,50
11/29/2023 22:00,49
11/29/2023 23:00,47
11/30/2023 0:00,46
11/30/2023 1:00,46
11/30/2023 2:00,46
11/30/2023 3:00,47
11/30/2023 4:00,46
11/30/2023 5:00,45
11/30/2023 6:00,44
11/30/2023 7:00,44
11/30/2023 8:00,46
11/30/2023 9:00,49
11/30/2023 10:00,55
11/30/2023 11:00,58
11/30/2023 12:00,58
11/30/2023 13:00,61
11/30/2023 14:00,60
11/30/2023 15:00,59
11/30/2023 16:00,61
11/30/2023 17:00,57
11/30/2023 18:00,56
11/30/2023 19:00,56
11/30/2023 20:00,56
11/30/2023 21:00,54
11/30/2023 22:00,53
11/30/2023 23:00,53
12/1/2023 0:00,51
12/1/2023 1:00,51
12/1/2023 2:00,47
12/1/2023 3:00,46
12/1/2023 4:00,45
12/1/2023 5:00,43
12/1/2023 6:00,44
12/1/2023 7:00,45
12/1/2023 8:00,43
12/1/2023 9:00,47
12/1/2023 10:00,51
12/1/2023 11:00,54
12/1/2023 12:00,57
12/1/2023 13:00,57
12/1/2023 14:00,60
12/1/2023 15:00,60
12/1/2023 16:00,59
12/1/2023 17:00,55
12/1/2023 18:00,53
12/1/2023 19:00,53
12/1/2023 20:00,52
12/1/2023 21:00,50
12/1/2023 22:00,47
12/1/2023 23:00,48
12/2/2023 0:00,46
12/2/2023 1:00,45
12/2/2023 2:00,44
12/2/2023 3:00,44
12/2/2023 4:00,44
12/2/2023 5:00,44
12/2/2023 6:00,44
12/2/2023 7:00,42
12/2/2023 8:00,44
12/2/2023 9:00,49
12/2/2023 10:00,55
12/2/2023 11:00,55
12/2/2023 12:00,59
12/2/2023 13:00,60
12/2/2023 14:00,62
12/2/2023 15:00,61
12/2/2023 16:00,58
12/2/2023 17:00,55
12/2/2023 18:00,54
12/2/2023 19:00,53
12/2/2023 20:00,51
12/2/2023 21:00,50
12/2/2023 22:00,50
12/2/2023 23:00,50
12/3/2023 0:00,50
12/3/2023 1:00,49
12/3/2023 2:00,48
12/3/2023 3:00,48
12/3/2023 4:00,46
12/3/2023 5:00,46
12/3/2023 6:00,45
12/3/2023 7:00,45
12/3/2023 8:00,45
12/3/2023 9:00,51
12/3/2023 10:00,53
12/3/2023 11:00,55
12/3/2023 12:00,55
12/3/2023 13:00,56
12/3/2023 14:00,56
12/3/2023 15:00,56
12/3/2023 16:00,55
12/3/2023 17:00,54
12/3/2023 18:00,53
12/3/2023 19:00,52
12/3/2023 20:00,52
12/3/2023 21:00,51
12/3/2023 22:00,50
12/3/2023 23:00,50
12/4/2023 0:00,48
12/4/2023 1:00,48
12/4/2023 2:00,48
12/4/2023 3:00,48
12/4/2023 4:00,48
12/4/2023 5:00,49
12/4/2023 6:00,49
12/4/2023 7:00,49
12/4/2023 8:00,49
12/4/2023 9:00,53
12/4/2023 10:00,56
12/4/2023 11:00,59
12/4/2023 12:00,62
12/4/2023 13:00,63
12/4/2023 14:00,62
12/4/2023 15:00,61
12/4/2023 16:00,61
12/4/2023 17:00,59
12/4/2023 18:00,57
12/4/2023 19:00,53
12/4/2023 20:00,52
12/4/2023 21:00,50
12/4/2023 22:00,49
12/4/2023 23:00,49
12/5/2023 0:00,48
12/5/2023 1:00,48
12/5/2023 2:00,46
12/5/2023 3:00,46
12/5/2023 4:00,46
12/5/2023 5:00,45
12/5/2023 6:00,45
12/5/2023 7:00,44
12/5/2023 8:00,46
12/5/2023 9:00,51
12/5/2023 10:00,55
12/5/2023 11:00,61
12/5/2023 12:00,65
12/5/2023 13:00,67
12/5/2023 14:00,
12/5/2023 15:00,70
12/5/2023 16:00,
12/5/2023 17:00,62
12/5/2023 18:00,60
12/5/2023 19:00,58
12/5/2023 20:00,57
12/5/2023 21:00,55
12/5/2023 22:00,
12/5/2023 23:00,52
12/6/2023 0:00,53
12/6/2023 1:00,51
12/6/2023 2:00,52
12/6/2023 3:00,52
12/6/2023 4:00,57
12/6/2023 5:00,53
12/6/2023 6:00,53
12/6/2023 7:00,48
12/6/2023 8:00,52
12/6/2023 9:00,58
12/6/2023 10:00,61
12/6/2023 11:00,
12/6/2023 12:00,73
12/6/2023 13:00,
12/6/2023 14:00,74
12/6/2023 15:00,64
12/6/2023 16:00,63
12/6/2023 17:00,63
12/6/2023 18:00,
12/6/2023 19:00,60
12/6/2023 20:00,56
12/6/2023 21:00,58
12/6/2023 22:00,
12/6/2023 23:00,
12/7/2023 0:00,
12/7/2023 1:00,
12/7/2023 2:00,
12/7/2023 3:00,
12/7/2023 4:00,
12/7/2023 5:00,
12/7/2023 6:00,49
12/7/2023 7:00,48
12/7/2023 8:00,51
12/7/2023 9:00,50
12/7/2023 10:00,56
12/7/2023 11:00,
12/7/2023 12:00,
12/7/2023 13:00,
12/7/2023 14:00,
12/7/2023 15:00,
12/7/2023 16:00,60
12/7/2023 17:00,56
12/7/2023 18:00,53
12/7/2023 19:00,53
12/7/2023 20:00,51
12/7/2023 21:00,
12/7/2023 22:00,50
12/7/2023 23:00,49
12/8/2023 0:00,48
12/8/2023 1:00,47
12/8/2023 2:00,46
12/8/2023 3:00,43
12/8/2023 4:00,43
12/8/2023 5:00,41
12/8/2023 6:00,39
12/8/2023 7:00,
12/8/2023 8:00,42
12/8/2023 9:00,38
12/8/2023 10:00,41
12/8/2023 11:00,44
12/8/2023 12:00,
12/8/2023 13:00,
12/8/2023 14:00,
12/8/2023 15:00,53
12/8/2023 16:00,52
12/8/2023 17:00,47
12/8/2023 18:00,47
12/8/2023 19:00,46
12/8/2023 20:00,46
12/8/2023 21:00,44
12/8/2023 22:00,43
12/8/2023 23:00,42
12/9/2023 0:00,42
12/9/2023 1:00,41
12/9/2023 2:00,
12/9/2023 3:00,
12/9/2023 4:00,
12/9/2023 5:00,
12/9/2023 6:00,
12/9/2023 7:00,
12/9/2023 8:00,
12/9/2023 9:00,
12/9/2023 10:00,
12/9/2023 11:00,
12/9/2023 12:00,55
12/9/2023 13:00,57
12/9/2023 14:00,60
12/9/2023 15:00,61
12/9/2023 16:00,58
12/9/2023 17:00,55
12/9/2023 18:00,53
12/9/2023 19:00,52
12/9/2023 20:00,50
12/9/2023 21:00,48
12/9/2023 22:00,47
12/9/2023 23:00,46
12/10/2023 0:00,46
12/10/2023 1:00,45
12/10/2023 2:00,44
12/10/2023 3:00,43
12/10/2023 4:00,43
12/10/2023 5:00,42
12/10/2023 6:00,42
12/10/2023 7:00,42
12/10/2023 8:00,43
12/10/2023 9:00,47
12/10/2023 10:00,53
12/10/2023 11:00,56
12/10/2023 12:00,60
12/10/2023 13:00,61
12/10/2023 14:00,61
12/10/2023 15:00,62
12/10/2023 16:00,59
12/10/2023 17:00,55
12/10/2023 18:00,54
12/10/2023 19:00,53
12/10/2023 20:00,51
12/10/2023 21:00,50
12/10/2023 22:00,48
12/10/2023 23:00,47
12/11/2023 0:00,46
12/11/2023 1:00,45
12/11/2023 2:00,46
12/11/2023 3:00,44
12/11/2023 4:00,44
12/11/2023 5:00,43
12/11/2023 6:00,42
12/11/2023 7:00,42
12/11/2023 8:00,43
12/11/2023 9:00,47
12/11/2023 10:00,52
12/11/2023 11:00,55
12/11/2023 12:00,59
12/11/2023 13:00,61
12/11/2023 14:00,63
12/11/2023 15:00,62
12/11/2023 16:00,60
12/11/2023 17:00,55
12/11/2023 18:00,53
12/11/2023 19:00,53
12/11/2023 20:00,50
12/11/2023 21:00,48
12/11/2023 22:00,47
12/11/2023 23:00,46
12/12/2023 0:00,45
12/12/2023 1:00,44
12/12/2023 2:00,44
12/12/2023 3:00,44
12/12/2023 4:00,43
12/12/2023 5:00,42
12/12/2023 6:00,42
12/12/2023 7:00,41
12/12/2023 8:00,43
12/12/2023 9:00,46
12/12/2023 10:00,52
12/12/2023 11:00,54
12/12/2023 12:00,58
12/12/2023 13:00,61
12/12/2023 14:00,61
12/12/2023 15:00,60
12/12/2023 16:00,59
12/12/2023 17:00,56
12/12/2023 18:00,54
12/12/2023 19:00,52
12/12/2023 20:00,50
12/12/2023 21:00,48
12/12/2023 22:00,47
12/12/2023 23:00,46
12/13/2023 0:00,45
12/13/2023 1:00,45
12/13/2023 2:00,44
12/13/2023 3:00,44
12/13/2023 4:00,43
12/13/2023 5:00,44
12/13/2023 6:00,43
12/13/2023 7:00,42
12/13/2023 8:00,43
12/13/2023 9:00,46
12/13/2023 10:00,53
12/13/2023 11:00,56
12/13/2023 12:00,59
12/13/2023 13:00,64
12/13/2023 14:00,61
12/13/2023 15:00,64
12/13/2023 16:00,64
12/13/2023 17:00,59
12/13/2023 18:00,56
12/13/2023 19:00,54
12/13/2023 20:00,51
12/13/2023 21:00,50
12/13/2023 22:00,49
12/13/2023 23:00,48
12/14/2023 0:00,47
12/14/2023 1:00,46
12/14/2023 2:00,45
12/14/2023 3:00,46
12/14/2023 4:00,45
12/14/2023 5:00,46
12/14/2023 6:00,46
12/14/2023 7:00,46
12/14/2023 8:00,45
12/14/2023 9:00,47
12/14/2023 10:00,55
12/14/2023 11:00,60
12/14/2023 12:00,62
12/14/2023 13:00,64
12/14/2023 14:00,67
12/14/2023 15:00,67
12/14/2023 16:00,63
12/14/2023 17:00,61
12/14/2023 18:00,59
12/14/2023 19:00,57
12/14/2023 20:00,55
12/14/2023 21:00,52
12/14/2023 22:00,52
12/14/2023 23:00,50
12/15/2023 0:00,50
12/15/2023 1:00,48
12/15/2023 2:00,48
12/15/2023 3:00,49
12/15/2023 4:00,48
12/15/2023 5:00,46
12/15/2023 6:00,46
12/15/2023 7:00,46
12/15/2023 8:00,47
12/15/2023 9:00,48
12/15/2023 10:00,55
12/15/2023 11:00,57
12/15/2023 12:00,64
12/15/2023 13:00,64
12/15/2023 14:00,68
12/15/2023 15:00,67
12/15/2023 16:00,65
12/15/2023 17:00,62
12/15/2023 18:00,58
12/15/2023 19:00,57
12/15/2023 20:00,54
12/15/2023 21:00,53
12/15/2023 22:00,52
12/15/2023 23:00,51
12/16/2023 0:00,51
12/16/2023 1:00,53
12/16/2023 2:00,50
12/16/2023 3:00,50
12/16/2023 4:00,49
12/16/2023 5:00,53
12/16/2023 6:00,49
12/16/2023 7:00,48
12/16/2023 8:00,56
12/16/2023 9:00,57
12/16/2023 10:00,58
12/16/2023 11:00,62
12/16/2023 12:00,65
12/16/2023 13:00,67
12/16/2023 14:00,69
12/16/2023 15:00,69
12/16/2023 16:00,67
12/16/2023 17:00,64
12/16/2023 18:00,58
12/16/2023 19:00,56
12/16/2023 20:00,55
12/16/2023 21:00,54
12/16/2023 22:00,52
12/16/2023 23:00,51
12/17/2023 0:00,50
12/17/2023 1:00,50
12/17/2023 2:00,50
12/17/2023 3:00,50
12/17/2023 4:00,50
12/17/2023 5:00,51
12/17/2023 6:00,53
12/17/2023 7:00,50
12/17/2023 8:00,53
12/17/2023 9:00,53
12/17/2023 10:00,53
12/17/2023 11:00,60
12/17/2023 12:00,65
12/17/2023 13:00,63
12/17/2023 14:00,64
12/17/2023 15:00,66
12/17/2023 16:00,63
12/17/2023 17:00,61
12/17/2023 18:00,57
12/17/2023 19:00,58
12/17/2023 20:00,58
12/17/2023 21:00,51
12/17/2023 22:00,53
12/17/2023 23:00,54
12/18/2023 0:00,57
12/18/2023 1:00,55
12/18/2023 2:00,59
12/18/2023 3:00,56
12/18/2023 4:00,53
12/18/2023 5:00,58
12/18/2023 6:00,56
12/18/2023 7:00,62
12/18/2023 8:00,57
12/18/2023 9:00,56
12/18/2023 10:00,60
12/18/2023 11:00,61
12/18/2023 12:00,62
12/18/2023 13:00,62
12/18/2023 14:00,62
12/18/2023 15:00,64
12/18/2023 16:00,66
12/18/2023 17:00,62
12/18/2023 18:00,61
12/18/2023 19:00,61
12/18/2023 20:00,62
12/18/2023 21:00,61
12/18/2023 22:00,60
12/18/2023 23:00,60
12/19/2023 0:00,62
12/19/2023 1:00,63
12/19/2023 2:00,63
12/19/2023 3:00,61
12/19/2023 4:00,58
12/19/2023 5:00,57
12/19/2023 6:00,57
12/19/2023 7:00,58
12/19/2023 8:00,59
12/19/2023 9:00,62
12/19/2023 10:00,62
12/19/2023 11:00,65
12/19/2023 12:00,66
12/19/2023 13:00,65
12/19/2023 14:00,65
12/19/2023 15:00,63
12/19/2023 16:00,63
12/19/2023 17:00,61
12/19/2023 18:00,59
12/19/2023 19:00,59
12/19/2023 20:00,59
12/19/2023 21:00,59
12/19/2023 22:00,60
12/19/2023 23:00,61
12/20/2023 0:00,61
12/20/2023 1:00,60
12/20/2023 2:00,59
12/20/2023 3:00,59
12/20/2023 4:00,59
12/20/2023 5:00,59
12/20/2023 6:00,59
12/20/2023 7:00,60
12/20/2023 8:00,61
12/20/2023 9:00,60
12/20/2023 10:00,61
12/20/2023 11:00,65
12/20/2023 12:00,68
12/20/2023 13:00,66
12/20/2023 14:00,60
12/20/2023 15:00,60
12/20/2023 16:00,57
12/20/2023 17:00,57
12/20/2023 18:00,56
12/20/2023 19:00,55
12/20/2023 20:00,55
12/20/2023 21:00,53
12/20/2023 22:00,54
12/20/2023 23:00,54
12/21/2023 0:00,53
12/21/2023 1:00,53
12/21/2023 2:00,54
12/21/2023 3:00,56
12/21/2023 4:00,58
12/21/2023 5:00,54
12/21/2023 6:00,51
12/21/2023 7:00,51
12/21/2023 8:00,50
12/21/2023 9:00,51
12/21/2023 10:00,51
12/21/2023 11:00,53
12/21/2023 12:00,54
12/21/2023 13:00,56
12/21/2023 14:00,56
12/21/2023 15:00,57
12/21/2023 16:00,57
12/21/2023 17:00,55
12/21/2023 18:00,54
12/21/2023 19:00,54
12/21/2023 20:00,53
12/21/2023 21:00,53
12/21/2023 22:00,52
12/21/2023 23:00,51
12/22/2023 0:00,51
12/22/2023 1:00,50
12/22/2023 2:00,51
12/22/2023 3:00,51
12/22/2023 4:00,51
12/22/2023 5:00,51
12/22/2023 6:00,50
12/22/2023 7:00,49
12/22/2023 8:00,49
12/22/2023 9:00,50
12/22/2023 10:00,51
12/22/2023 11:00,52
12/22/2023 12:00,53
12/22/2023 13:00,54
12/22/2023 14:00,54
12/22/2023 15:00,55
12/22/2023 16:00,55
12/22/2023 17:00,54
12/22/2023 18:00,53
12/22/2023 19:00,52
12/22/2023 20:00,52
12/22/2023 21:00,53
12/22/2023 22:00,53
12/22/2023 23:00,53
12/23/2023 0:00,51
12/23/2023 1:00,52
12/23/2023 2:00,52
12/23/2023 3:00,53
12/23/2023 4:00,53
12/23/2023 5:00,53
12/23/2023 6:00,53
12/23/2023 7:00,51
12/23/2023 8:00,51
12/23/2023 9:00,53
12/23/2023 10:00,54
12/23/2023 11:00,60
12/23/2023 12:00,57
12/23/2023 13:00,60
12/23/2023 14:00,58
12/23/2023 15:00,59
12/23/2023 16:00,61
12/23/2023 17:00,56
12/23/2023 18:00,55
12/23/2023 19:00,54
12/23/2023 20:00,54
12/23/2023 21:00,54
12/23/2023 22:00,54
12/23/2023 23:00,54
12/24/2023 0:00,52
12/24/2023 1:00,52
12/24/2023 2:00,52
12/24/2023 3:00,51
12/24/2023 4:00,49
12/24/2023 5:00,49
12/24/2023 6:00,48
12/24/2023 7:00,48
12/24/2023 8:00,48
12/24/2023 9:00,50
12/24/2023 10:00,52
12/24/2023 11:00,55
12/24/2023 12:00,57
12/24/2023 13:00,59
12/24/2023 14:00,58
12/24/2023 15:00,58
12/24/2023 16:00,57
12/24/2023 17:00,56
12/24/2023 18:00,54
12/24/2023 19:00,54
12/24/2023 20:00,54
12/24/2023 21:00,53
12/24/2023 22:00,51
12/24/2023 23:00,51
12/25/2023 0:00,50
12/25/2023 1:00,49
12/25/2023 2:00,49
12/25/2023 3:00,48
12/25/2023 4:00,49
12/25/2023 5:00,50
12/25/2023 6:00,50
12/25/2023 7:00,49
12/25/2023 8:00,48
12/25/2023 9:00,51
12/25/2023 10:00,55
12/25/2023 11:00,60
12/25/2023 12:00,59
12/25/2023 13:00,61
12/25/2023 14:00,62
12/25/2023 15:00,62
12/25/2023 16:00,58
12/25/2023 17:00,56
12/25/2023 18:00,54
12/25/2023 19:00,53
12/25/2023 20:00,53
12/25/2023 21:00,51
12/25/2023 22:00,51
12/25/2023 23:00,51
12/26/2023 0:00,50
12/26/2023 1:00,51
12/26/2023 2:00,49
12/26/2023 3:00,49
12/26/2023 4:00,49
12/26/2023 5:00,49
12/26/2023 6:00,48
12/26/2023 7:00,48
12/26/2023 8:00,48
12/26/2023 9:00,49
12/26/2023 10:00,52
12/26/2023 11:00,54
12/26/2023 12:00,59
12/26/2023 13:00,59
12/26/2023 14:00,59
12/26/2023 15:00,63
12/26/2023 16:00,60
12/26/2023 17:00,58
12/26/2023 18:00,57
12/26/2023 19:00,56
12/26/2023 20:00,54
12/26/2023 21:00,54
12/26/2023 22:00,52
12/26/2023 23:00,54
12/27/2023 0:00,55
12/27/2023 1:00,55
12/27/2023 2:00,53
12/27/2023 3:00,55
12/27/2023 4:00,52
12/27/2023 5:00,52
12/27/2023 6:00,52
12/27/2023 7:00,53
12/27/2023 8:00,52
12/27/2023 9:00,54
12/27/2023 10:00,61
12/27/2023 11:00,61
12/27/2023 12:00,62
12/27/2023 13:00,62
12/27/2023 14:00,66
12/27/2023 15:00,62
12/27/2023 16:00,64
12/27/2023 17:00,58
12/27/2023 18:00,58
12/27/2023 19:00,56
12/27/2023 20:00,54
12/27/2023 21:00,56
12/27/2023 22:00,60
12/27/2023 23:00,56
12/28/2023 0:00,54
12/28/2023 1:00,55
12/28/2023 2:00,54
12/28/2023 3:00,55
12/28/2023 4:00,53
12/28/2023 5:00,50
12/28/2023 6:00,51
12/28/2023 7:00,48
12/28/2023 8:00,51
12/28/2023 9:00,53
12/28/2023 10:00,56
12/28/2023 11:00,61
12/28/2023 12:00,62
12/28/2023 13:00,65
12/28/2023 14:00,67
12/28/2023 15:00,70
12/28/2023 16:00,71
12/28/2023 17:00,63
12/28/2023 18:00,61
12/28/2023 19:00,59
12/28/2023 20:00,57
12/28/2023 21:00,56
12/28/2023 22:00,55
12/28/2023 23:00,54
12/29/2023 0:00,53
12/29/2023 1:00,53
12/29/2023 2:00,54
12/29/2023 3:00,52
12/29/2023 4:00,51
12/29/2023 5:00,52
12/29/2023 6:00,52
12/29/2023 7:00,54
12/29/2023 8:00,59
12/29/2023 9:00,60
12/29/2023 10:00,65
12/29/2023 11:00,66
12/29/2023 12:00,66
12/29/2023 13:00,68
12/29/2023 14:00,68
12/29/2023 15:00,67
12/29/2023 16:00,65
12/29/2023 17:00,64
12/29/2023 18:00,61
12/29/2023 19:00,60
12/29/2023 20:00,57
12/29/2023 21:00,57
12/29/2023 22:00,55
12/29/2023 23:00,55
12/30/2023 0:00,55
12/30/2023 1:00,52
12/30/2023 2:00,53
12/30/2023 3:00,53
12/30/2023 4:00,52
12/30/2023 5:00,50
12/30/2023 6:00,50
12/30/2023 7:00,50
12/30/2023 8:00,51
12/30/2023 9:00,50
12/30/2023 10:00,51
12/30/2023 11:00,54
12/30/2023 12:00,52
12/30/2023 13:00,54
12/30/2023 14:00,54
12/30/2023 15:00,54
12/30/2023 16:00,54
12/30/2023 17:00,53
12/30/2023 18:00,53
12/30/2023 19:00,52
12/30/2023 20:00,51
12/30/2023 21:00,50
12/30/2023 22:00,50
12/30/2023 23:00,50
12/31/2023 0:00,50
12/31/2023 1:00,50
12/31/2023 2:00,49
12/31/2023 3:00,48
12/31/2023 4:00,48
12/31/2023 5:00,47
12/31/2023 6:00,47
12/31/2023 7:00,47
12/31/2023 8:00,47
12/31/2023 9:00,48
12/31/2023 10:00,51
12/31/2023 11:00,53
12/31/2023 12:00,55
12/31/2023 13:00,57
12/31/2023 14:00,57
12/31/2023 15:00,58
12/31/2023 16:00,56
12/31/2023 17:00,54
12/31/2023 18:00,54
12/31/2023 19:00,54
12/31/2023 20:00,50
12/31/2023 21:00,49
12/31/2023 22:00,51
12/31/2023 23:00,51
