DATE TIME,Pressure_In
10/1/2023 0:00,29.07
10/1/2023 1:00,29.07
10/1/2023 2:00,29.08
10/1/2023 3:00,29.08
10/1/2023 4:00,29.09
10/1/2023 5:00,29.09
10/1/2023 6:00,29.10
10/1/2023 7:00,29.12
10/1/2023 8:00,29.15
10/1/2023 9:00,29.16
10/1/2023 10:00,29.18
10/1/2023 11:00,29.17
10/1/2023 12:00,29.17
10/1/2023 13:00,29.17
10/1/2023 14:00,29.16
10/1/2023 15:00,29.15
10/1/2023 16:00,29.15
10/1/2023 17:00,29.15
10/1/2023 18:00,29.16
10/1/2023 19:00,29.17
10/1/2023 20:00,29.18
10/1/2023 21:00,29.19
10/1/2023 22:00,29.21
10/1/2023 23:00,29.21
10/2/2023 0:00,29.21
10/2/2023 1:00,29.21
10/2/2023 2:00,29.22
10/2/2023 3:00,29.22
10/2/2023 4:00,29.21
10/2/2023 5:00,29.22
10/2/2023 6:00,29.24
10/2/2023 7:00,29.25
10/2/2023 8:00,29.27
10/2/2023 9:00,29.28
10/2/2023 10:00,29.29
10/2/2023 11:00,29.30
10/2/2023 12:00,29.29
10/2/2023 13:00,29.29
10/2/2023 14:00,29.29
10/2/2023 15:00,29.28
10/2/2023 16:00,29.27
10/2/2023 17:00,29.27
10/2/2023 18:00,29.26
10/2/2023 19:00,29.26
10/2/2023 20:00,29.27
10/2/2023 21:00,29.28
10/2/2023 22:00,29.28
10/2/2023 23:00,29.29
10/3/2023 0:00,29.30
10/3/2023 1:00,29.29
10/3/2023 2:00,29.29
10/3/2023 3:00,29.29
10/3/2023 4:00,29.29
10/3/2023 5:00,29.29
10/3/2023 6:00,29.29
10/3/2023 7:00,29.30
10/3/2023 8:00,29.31
10/3/2023 9:00,29.32
10/3/2023 10:00,29.32
10/3/2023 11:00,29.32
10/3/2023 12:00,29.30
10/3/2023 13:00,29.29
10/3/2023 14:00,29.26
10/3/2023 15:00,29.23
10/3/2023 16:00,29.22
10/3/2023 17:00,29.21
10/3/2023 18:00,29.19
10/3/2023 19:00,29.19
10/3/2023 20:00,29.20
10/3/2023 21:00,29.21
10/3/2023 22:00,29.21
10/3/2023 23:00,29.23
10/4/2023 0:00,29.23
10/4/2023 1:00,29.23
10/4/2023 2:00,29.23
10/4/2023 3:00,29.23
10/4/2023 4:00,29.23
10/4/2023 5:00,29.23
10/4/2023 6:00,29.24
10/4/2023 7:00,29.25
10/4/2023 8:00,29.27
10/4/2023 9:00,29.29
10/4/2023 10:00,29.30
10/4/2023 11:00,29.30
10/4/2023 12:00,29.29
10/4/2023 13:00,29.27
10/4/2023 14:00,29.25
10/4/2023 15:00,29.24
10/4/2023 16:00,29.22
10/4/2023 17:00,29.21
10/4/2023 18:00,29.21
10/4/2023 19:00,29.22
10/4/2023 20:00,29.23
10/4/2023 21:00,29.25
10/4/2023 22:00,29.26
10/4/2023 23:00,29.27
10/5/2023 0:00,29.27
10/5/2023 1:00,29.27
10/5/2023 2:00,29.28
10/5/2023 3:00,29.28
10/5/2023 4:00,29.28
10/5/2023 5:00,29.29
10/5/2023 6:00,29.30
10/5/2023 7:00,29.31
10/5/2023 8:00,29.32
10/5/2023 9:00,29.34
10/5/2023 10:00,29.35
10/5/2023 11:00,29.34
10/5/2023 12:00,29.33
10/5/2023 13:00,29.31
10/5/2023 14:00,29.29
10/5/2023 15:00,29.27
10/5/2023 16:00,29.26
10/5/2023 17:00,29.26
10/5/2023 18:00,29.26
10/5/2023 19:00,29.26
10/5/2023 20:00,29.27
10/5/2023 21:00,29.28
10/5/2023 22:00,29.28
10/5/2023 23:00,29.28
10/6/2023 0:00,29.27
10/6/2023 1:00,29.28
10/6/2023 2:00,29.28
10/6/2023 3:00,29.28
10/6/2023 4:00,29.28
10/6/2023 5:00,29.28
10/6/2023 6:00,29.27
10/6/2023 7:00,29.28
10/6/2023 8:00,29.30
10/6/2023 9:00,29.30
10/6/2023 10:00,29.30
10/6/2023 11:00,29.29
10/6/2023 12:00,29.27
10/6/2023 13:00,29.25
10/6/2023 14:00,29.23
10/6/2023 15:00,29.21
10/6/2023 16:00,29.19
10/6/2023 17:00,29.19
10/6/2023 18:00,29.18
10/6/2023 19:00,29.18
10/6/2023 20:00,29.18
10/6/2023 21:00,29.19
10/6/2023 22:00,29.19
10/6/2023 23:00,29.19
10/7/2023 0:00,29.19
10/7/2023 1:00,29.19
10/7/2023 2:00,29.20
10/7/2023 3:00,29.20
10/7/2023 4:00,29.20
10/7/2023 5:00,29.19
10/7/2023 6:00,29.19
10/7/2023 7:00,29.20
10/7/2023 8:00,29.21
10/7/2023 9:00,29.22
10/7/2023 10:00,29.22
10/7/2023 11:00,29.22
10/7/2023 12:00,29.21
10/7/2023 13:00,29.20
10/7/2023 14:00,29.17
10/7/2023 15:00,29.16
10/7/2023 16:00,29.14
10/7/2023 17:00,29.13
10/7/2023 18:00,29.13
10/7/2023 19:00,29.13
10/7/2023 20:00,29.13
10/7/2023 21:00,29.13
10/7/2023 22:00,29.14
10/7/2023 23:00,29.15
10/8/2023 0:00,29.16
10/8/2023 1:00,29.16
10/8/2023 2:00,29.16
10/8/2023 3:00,29.16
10/8/2023 4:00,29.15
10/8/2023 5:00,29.15
10/8/2023 6:00,29.16
10/8/2023 7:00,29.17
10/8/2023 8:00,29.18
10/8/2023 9:00,29.19
10/8/2023 10:00,29.19
10/8/2023 11:00,29.19
10/8/2023 12:00,29.18
10/8/2023 13:00,29.16
10/8/2023 14:00,29.13
10/8/2023 15:00,29.11
10/8/2023 16:00,29.10
10/8/2023 17:00,29.09
10/8/2023 18:00,29.08
10/8/2023 19:00,29.07
10/8/2023 20:00,29.08
10/8/2023 21:00,29.09
10/8/2023 22:00,29.10
10/8/2023 23:00,29.11
10/9/2023 0:00,29.11
10/9/2023 1:00,29.11
10/9/2023 2:00,29.12
10/9/2023 3:00,29.10
10/9/2023 4:00,29.10
10/9/2023 5:00,29.10
10/9/2023 6:00,29.10
10/9/2023 7:00,29.10
10/9/2023 8:00,29.11
10/9/2023 9:00,29.11
10/9/2023 10:00,29.12
10/9/2023 11:00,29.15
10/9/2023 12:00,29.12
10/9/2023 13:00,29.11
10/9/2023 14:00,29.09
10/9/2023 15:00,29.10
10/9/2023 16:00,29.09
10/9/2023 17:00,29.07
10/9/2023 18:00,29.07
10/9/2023 19:00,29.07
10/9/2023 20:00,29.07
10/9/2023 21:00,29.08
10/9/2023 22:00,29.09
10/9/2023 23:00,29.10
10/10/2023 0:00,29.09
10/10/2023 1:00,29.09
10/10/2023 2:00,29.09
10/10/2023 3:00,29.09
10/10/2023 4:00,29.08
10/10/2023 5:00,29.07
10/10/2023 6:00,29.09
10/10/2023 7:00,29.10
10/10/2023 8:00,29.11
10/10/2023 9:00,29.13
10/10/2023 10:00,29.14
10/10/2023 11:00,29.13
10/10/2023 12:00,29.12
10/10/2023 13:00,29.10
10/10/2023 14:00,29.07
10/10/2023 15:00,29.06
10/10/2023 16:00,29.05
10/10/2023 17:00,29.03
10/10/2023 18:00,29.03
10/10/2023 19:00,29.03
10/10/2023 20:00,29.04
10/10/2023 21:00,29.03
10/10/2023 22:00,29.03
10/10/2023 23:00,29.04
10/11/2023 0:00,29.04
10/11/2023 1:00,29.04
10/11/2023 2:00,29.06
10/11/2023 3:00,29.07
10/11/2023 4:00,29.07
10/11/2023 5:00,29.08
10/11/2023 6:00,29.09
10/11/2023 7:00,29.10
10/11/2023 8:00,29.10
10/11/2023 9:00,29.11
10/11/2023 10:00,29.11
10/11/2023 11:00,29.11
10/11/2023 12:00,29.11
10/11/2023 13:00,29.09
10/11/2023 14:00,29.07
10/11/2023 15:00,29.05
10/11/2023 16:00,29.04
10/11/2023 17:00,29.04
10/11/2023 18:00,29.04
10/11/2023 19:00,29.05
10/11/2023 20:00,29.05
10/11/2023 21:00,29.06
10/11/2023 22:00,29.06
10/11/2023 23:00,29.07
10/12/2023 0:00,29.09
10/12/2023 1:00,29.09
10/12/2023 2:00,29.09
10/12/2023 3:00,29.09
10/12/2023 4:00,29.09
10/12/2023 5:00,29.10
10/12/2023 6:00,29.11
10/12/2023 7:00,29.13
10/12/2023 8:00,29.14
10/12/2023 9:00,29.15
10/12/2023 10:00,29.16
10/12/2023 11:00,29.16
10/12/2023 12:00,29.16
10/12/2023 13:00,29.14
10/12/2023 14:00,29.12
10/12/2023 15:00,29.11
10/12/2023 16:00,29.10
10/12/2023 17:00,29.10
10/12/2023 18:00,29.10
10/12/2023 19:00,29.11
10/12/2023 20:00,29.11
10/12/2023 21:00,29.11
10/12/2023 22:00,29.13
10/12/2023 23:00,29.13
10/13/2023 0:00,29.12
10/13/2023 1:00,29.14
10/13/2023 2:00,29.15
10/13/2023 3:00,29.15
10/13/2023 4:00,29.14
10/13/2023 5:00,29.16
10/13/2023 6:00,29.16
10/13/2023 7:00,29.17
10/13/2023 8:00,29.19
10/13/2023 9:00,29.19
10/13/2023 10:00,29.20
10/13/2023 11:00,29.19
10/13/2023 12:00,29.19
10/13/2023 13:00,29.19
10/13/2023 14:00,29.18
10/13/2023 15:00,29.16
10/13/2023 16:00,29.16
10/13/2023 17:00,29.16
10/13/2023 18:00,29.16
10/13/2023 19:00,29.17
10/13/2023 20:00,29.18
10/13/2023 21:00,29.21
10/13/2023 22:00,29.22
10/13/2023 23:00,29.23
10/14/2023 0:00,29.23
10/14/2023 1:00,29.24
10/14/2023 2:00,29.26
10/14/2023 3:00,29.25
10/14/2023 4:00,29.25
10/14/2023 5:00,29.26
10/14/2023 6:00,29.27
10/14/2023 7:00,29.30
10/14/2023 8:00,29.32
10/14/2023 9:00,29.34
10/14/2023 10:00,29.35
10/14/2023 11:00,29.37
10/14/2023 12:00,29.37
10/14/2023 13:00,29.36
10/14/2023 14:00,29.34
10/14/2023 15:00,29.32
10/14/2023 16:00,29.33
10/14/2023 17:00,29.32
10/14/2023 18:00,29.32
10/14/2023 19:00,29.32
10/14/2023 20:00,29.33
10/14/2023 21:00,29.35
10/14/2023 22:00,29.36
10/14/2023 23:00,29.36
10/15/2023 0:00,29.37
10/15/2023 1:00,29.37
10/15/2023 2:00,29.37
10/15/2023 3:00,29.36
10/15/2023 4:00,29.36
10/15/2023 5:00,29.35
10/15/2023 6:00,29.37
10/15/2023 7:00,29.38
10/15/2023 8:00,29.39
10/15/2023 9:00,29.40
10/15/2023 10:00,29.41
10/15/2023 11:00,29.41
10/15/2023 12:00,29.40
10/15/2023 13:00,29.38
10/15/2023 14:00,29.36
10/15/2023 15:00,29.34
10/15/2023 16:00,29.32
10/15/2023 17:00,29.31
10/15/2023 18:00,29.31
10/15/2023 19:00,29.32
10/15/2023 20:00,29.33
10/15/2023 21:00,29.33
10/15/2023 22:00,29.34
10/15/2023 23:00,29.34
10/16/2023 0:00,29.34
10/16/2023 1:00,29.34
10/16/2023 2:00,29.34
10/16/2023 3:00,29.33
10/16/2023 4:00,29.32
10/16/2023 5:00,29.33
10/16/2023 6:00,29.33
10/16/2023 7:00,29.33
10/16/2023 8:00,29.36
10/16/2023 9:00,29.37
10/16/2023 10:00,29.38
10/16/2023 11:00,29.38
10/16/2023 12:00,29.36
10/16/2023 13:00,29.34
10/16/2023 14:00,29.32
10/16/2023 15:00,29.31
10/16/2023 16:00,29.31
10/16/2023 17:00,29.30
10/16/2023 18:00,29.29
10/16/2023 19:00,29.29
10/16/2023 20:00,29.28
10/16/2023 21:00,29.28
10/16/2023 22:00,29.29
10/16/2023 23:00,29.29
10/17/2023 0:00,29.29
10/17/2023 1:00,29.29
10/17/2023 2:00,29.28
10/17/2023 3:00,29.28
10/17/2023 4:00,29.29
10/17/2023 5:00,29.29
10/17/2023 6:00,29.29
10/17/2023 7:00,29.29
10/17/2023 8:00,29.30
10/17/2023 9:00,29.32
10/17/2023 10:00,29.32
10/17/2023 11:00,29.32
10/17/2023 12:00,29.30
10/17/2023 13:00,29.27
10/17/2023 14:00,29.25
10/17/2023 15:00,29.23
10/17/2023 16:00,29.22
10/17/2023 17:00,29.21
10/17/2023 18:00,29.21
10/17/2023 19:00,29.21
10/17/2023 20:00,29.22
10/17/2023 21:00,29.23
10/17/2023 22:00,29.23
10/17/2023 23:00,29.23
10/18/2023 0:00,29.24
10/18/2023 1:00,29.24
10/18/2023 2:00,29.24
10/18/2023 3:00,29.23
10/18/2023 4:00,29.23
10/18/2023 5:00,29.24
10/18/2023 6:00,29.24
10/18/2023 7:00,29.25
10/18/2023 8:00,29.26
10/18/2023 9:00,29.28
10/18/2023 10:00,29.29
10/18/2023 11:00,29.29
10/18/2023 12:00,29.28
10/18/2023 13:00,29.26
10/18/2023 14:00,29.23
10/18/2023 15:00,29.21
10/18/2023 16:00,29.21
10/18/2023 17:00,29.20
10/18/2023 18:00,29.21
10/18/2023 19:00,29.21
10/18/2023 20:00,29.22
10/18/2023 21:00,29.23
10/18/2023 22:00,29.24
10/18/2023 23:00,29.24
10/19/2023 0:00,29.25
10/19/2023 1:00,29.25
10/19/2023 2:00,29.26
10/19/2023 3:00,29.25
10/19/2023 4:00,29.24
10/19/2023 5:00,29.25
10/19/2023 6:00,29.26
10/19/2023 7:00,29.27
10/19/2023 8:00,29.28
10/19/2023 9:00,29.29
10/19/2023 10:00,29.30
10/19/2023 11:00,29.31
10/19/2023 12:00,29.30
10/19/2023 13:00,29.27
10/19/2023 14:00,29.24
10/19/2023 15:00,29.23
10/19/2023 16:00,29.21
10/19/2023 17:00,29.20
10/19/2023 18:00,29.19
10/19/2023 19:00,29.19
10/19/2023 20:00,29.19
10/19/2023 21:00,29.20
10/19/2023 22:00,29.21
10/19/2023 23:00,29.22
10/20/2023 0:00,29.23
10/20/2023 1:00,29.22
10/20/2023 2:00,29.22
10/20/2023 3:00,29.21
10/20/2023 4:00,29.19
10/20/2023 5:00,29.20
10/20/2023 6:00,29.22
10/20/2023 7:00,29.22
10/20/2023 8:00,29.23
10/20/2023 9:00,29.25
10/20/2023 10:00,29.26
10/20/2023 11:00,29.26
10/20/2023 12:00,29.24
10/20/2023 13:00,29.21
10/20/2023 14:00,29.19
10/20/2023 15:00,29.16
10/20/2023 16:00,29.16
10/20/2023 17:00,29.14
10/20/2023 18:00,29.14
10/20/2023 19:00,29.14
10/20/2023 20:00,29.14
10/20/2023 21:00,29.14
10/20/2023 22:00,29.15
10/20/2023 23:00,29.15
10/21/2023 0:00,29.14
10/21/2023 1:00,29.14
10/21/2023 2:00,29.14
10/21/2023 3:00,29.14
10/21/2023 4:00,29.12
10/21/2023 5:00,29.12
10/21/2023 6:00,29.14
10/21/2023 7:00,29.14
10/21/2023 8:00,29.15
10/21/2023 9:00,29.17
10/21/2023 10:00,29.18
10/21/2023 11:00,29.18
10/21/2023 12:00,29.17
10/21/2023 13:00,29.14
10/21/2023 14:00,29.12
10/21/2023 15:00,29.10
10/21/2023 16:00,29.10
10/21/2023 17:00,29.09
10/21/2023 18:00,29.09
10/21/2023 19:00,29.10
10/21/2023 20:00,29.10
10/21/2023 21:00,29.10
10/21/2023 22:00,29.11
10/21/2023 23:00,29.13
10/22/2023 0:00,29.14
10/22/2023 1:00,29.14
10/22/2023 2:00,29.15
10/22/2023 3:00,29.15
10/22/2023 4:00,29.14
10/22/2023 5:00,29.15
10/22/2023 6:00,29.16
10/22/2023 7:00,29.15
10/22/2023 8:00,29.16
10/22/2023 9:00,29.16
10/22/2023 10:00,29.17
10/22/2023 11:00,29.16
10/22/2023 12:00,29.15
10/22/2023 13:00,29.13
10/22/2023 14:00,29.09
10/22/2023 15:00,29.07
10/22/2023 16:00,29.05
10/22/2023 17:00,29.04
10/22/2023 18:00,29.04
10/22/2023 19:00,29.05
10/22/2023 20:00,29.04
10/22/2023 21:00,29.04
10/22/2023 22:00,29.06
10/22/2023 23:00,29.05
10/23/2023 0:00,29.05
10/23/2023 1:00,29.05
10/23/2023 2:00,29.05
10/23/2023 3:00,29.05
10/23/2023 4:00,29.04
10/23/2023 5:00,29.06
10/23/2023 6:00,29.08
10/23/2023 7:00,29.08
10/23/2023 8:00,29.10
10/23/2023 9:00,29.12
10/23/2023 10:00,29.12
10/23/2023 11:00,29.13
10/23/2023 12:00,29.13
10/23/2023 13:00,29.12
10/23/2023 14:00,29.11
10/23/2023 15:00,29.11
10/23/2023 16:00,29.11
10/23/2023 17:00,29.11
10/23/2023 18:00,29.12
10/23/2023 19:00,29.13
10/23/2023 20:00,29.13
10/23/2023 21:00,29.13
10/23/2023 22:00,29.14
10/23/2023 23:00,29.14
10/24/2023 0:00,29.14
10/24/2023 1:00,29.14
10/24/2023 2:00,29.14
10/24/2023 3:00,29.14
10/24/2023 4:00,29.15
10/24/2023 5:00,29.13
10/24/2023 6:00,29.14
10/24/2023 7:00,29.15
10/24/2023 8:00,29.15
10/24/2023 9:00,29.17
10/24/2023 10:00,29.18
10/24/2023 11:00,29.18
10/24/2023 12:00,29.17
10/24/2023 13:00,29.15
10/24/2023 14:00,29.13
10/24/2023 15:00,29.11
10/24/2023 16:00,29.11
10/24/2023 17:00,29.11
10/24/2023 18:00,29.11
10/24/2023 19:00,29.13
10/24/2023 20:00,29.14
10/24/2023 21:00,29.16
10/24/2023 22:00,29.16
10/24/2023 23:00,29.16
10/25/2023 0:00,29.16
10/25/2023 1:00,29.17
10/25/2023 2:00,29.18
10/25/2023 3:00,29.17
10/25/2023 4:00,29.17
10/25/2023 5:00,29.17
10/25/2023 6:00,29.17
10/25/2023 7:00,29.18
10/25/2023 8:00,29.19
10/25/2023 9:00,29.22
10/25/2023 10:00,29.24
10/25/2023 11:00,29.25
10/25/2023 12:00,29.26
10/25/2023 13:00,29.24
10/25/2023 14:00,29.22
10/25/2023 15:00,29.22
10/25/2023 16:00,29.22
10/25/2023 17:00,29.21
10/25/2023 18:00,29.21
10/25/2023 19:00,29.24
10/25/2023 20:00,29.24
10/25/2023 21:00,29.25
10/25/2023 22:00,29.27
10/25/2023 23:00,29.27
10/26/2023 0:00,29.28
10/26/2023 1:00,29.29
10/26/2023 2:00,29.29
10/26/2023 3:00,29.29
10/26/2023 4:00,29.29
10/26/2023 5:00,29.30
10/26/2023 6:00,29.32
10/26/2023 7:00,29.33
10/26/2023 8:00,29.34
10/26/2023 9:00,29.37
10/26/2023 10:00,29.37
10/26/2023 11:00,29.37
10/26/2023 12:00,29.37
10/26/2023 13:00,29.37
10/26/2023 14:00,29.34
10/26/2023 15:00,29.33
10/26/2023 16:00,29.32
10/26/2023 17:00,29.32
10/26/2023 18:00,29.32
10/26/2023 19:00,29.32
10/26/2023 20:00,29.32
10/26/2023 21:00,29.33
10/26/2023 22:00,29.34
10/26/2023 23:00,29.34
10/27/2023 0:00,29.34
10/27/2023 1:00,29.34
10/27/2023 2:00,29.34
10/27/2023 3:00,29.34
10/27/2023 4:00,29.33
10/27/2023 5:00,29.34
10/27/2023 6:00,29.34
10/27/2023 7:00,29.34
10/27/2023 8:00,29.36
10/27/2023 9:00,29.37
10/27/2023 10:00,29.39
10/27/2023 11:00,29.39
10/27/2023 12:00,29.38
10/27/2023 13:00,29.37
10/27/2023 14:00,29.34
10/27/2023 15:00,29.33
10/27/2023 16:00,29.32
10/27/2023 17:00,29.32
10/27/2023 18:00,29.32
10/27/2023 19:00,29.32
10/27/2023 20:00,29.34
10/27/2023 21:00,29.34
10/27/2023 22:00,29.35
10/27/2023 23:00,29.35
10/28/2023 0:00,29.35
10/28/2023 1:00,29.35
10/28/2023 2:00,29.37
10/28/2023 3:00,29.35
10/28/2023 4:00,29.34
10/28/2023 5:00,29.35
10/28/2023 6:00,29.35
10/28/2023 7:00,29.35
10/28/2023 8:00,29.36
10/28/2023 9:00,29.39
10/28/2023 10:00,29.40
10/28/2023 11:00,29.39
10/28/2023 12:00,29.38
10/28/2023 13:00,29.36
10/28/2023 14:00,29.33
10/28/2023 15:00,29.32
10/28/2023 16:00,29.31
10/28/2023 17:00,29.31
10/28/2023 18:00,29.32
10/28/2023 19:00,29.33
10/28/2023 20:00,29.34
10/28/2023 21:00,29.34
10/28/2023 22:00,29.35
10/28/2023 23:00,29.37
10/29/2023 0:00,29.37
10/29/2023 1:00,29.37
10/29/2023 2:00,29.38
10/29/2023 3:00,29.39
10/29/2023 4:00,29.39
10/29/2023 5:00,29.39
10/29/2023 6:00,29.40
10/29/2023 7:00,29.40
10/29/2023 8:00,29.43
10/29/2023 9:00,29.46
10/29/2023 10:00,29.47
10/29/2023 11:00,29.48
10/29/2023 12:00,29.48
10/29/2023 13:00,29.47
10/29/2023 14:00,29.45
10/29/2023 15:00,29.43
10/29/2023 16:00,29.42
10/29/2023 17:00,29.41
10/29/2023 18:00,29.41
10/29/2023 19:00,29.42
10/29/2023 20:00,29.43
10/29/2023 21:00,29.44
10/29/2023 22:00,29.45
10/29/2023 23:00,29.45
10/30/2023 0:00,29.45
10/30/2023 1:00,29.45
10/30/2023 2:00,29.45
10/30/2023 3:00,29.44
10/30/2023 4:00,29.43
10/30/2023 5:00,29.44
10/30/2023 6:00,29.44
10/30/2023 7:00,29.44
10/30/2023 8:00,29.46
10/30/2023 9:00,29.47
10/30/2023 10:00,29.49
10/30/2023 11:00,29.49
10/30/2023 12:00,29.48
10/30/2023 13:00,29.46
10/30/2023 14:00,29.44
10/30/2023 15:00,29.42
10/30/2023 16:00,29.41
10/30/2023 17:00,29.40
10/30/2023 18:00,29.40
10/30/2023 19:00,29.40
10/30/2023 20:00,29.40
10/30/2023 21:00,29.41
10/30/2023 22:00,29.42
10/30/2023 23:00,29.42
10/31/2023 0:00,29.42
10/31/2023 1:00,29.42
10/31/2023 2:00,29.42
10/31/2023 3:00,29.42
10/31/2023 4:00,29.41
10/31/2023 5:00,29.41
10/31/2023 6:00,29.42
10/31/2023 7:00,29.42
10/31/2023 8:00,29.44
10/31/2023 9:00,29.45
10/31/2023 10:00,29.46
10/31/2023 11:00,29.46
10/31/2023 12:00,29.45
10/31/2023 13:00,29.42
10/31/2023 14:00,29.40
10/31/2023 15:00,29.38
10/31/2023 16:00,29.37
10/31/2023 17:00,29.36
10/31/2023 18:00,29.36
10/31/2023 19:00,29.37
10/31/2023 20:00,29.37
10/31/2023 21:00,29.37
10/31/2023 22:00,29.38
10/31/2023 23:00,29.38
11/1/2023 0:00,29.38
11/1/2023 1:00,29.38
11/1/2023 2:00,29.38
11/1/2023 3:00,29.37
11/1/2023 4:00,29.38
11/1/2023 5:00,29.37
11/1/2023 6:00,29.38
11/1/2023 7:00,29.39
11/1/2023 8:00,29.41
11/1/2023 9:00,29.40
11/1/2023 10:00,29.41
11/1/2023 11:00,29.42
11/1/2023 12:00,29.41
11/1/2023 13:00,29.39
11/1/2023 14:00,29.37
11/1/2023 15:00,29.35
11/1/2023 16:00,29.34
11/1/2023 17:00,29.34
11/1/2023 18:00,29.33
11/1/2023 19:00,29.33
11/1/2023 20:00,29.34
11/1/2023 21:00,29.34
11/1/2023 22:00,29.34
11/1/2023 23:00,29.36
11/2/2023 0:00,29.37
11/2/2023 1:00,29.37
11/2/2023 2:00,29.37
11/2/2023 3:00,29.37
11/2/2023 4:00,29.37
11/2/2023 5:00,29.37
11/2/2023 6:00,29.37
11/2/2023 7:00,29.37
11/2/2023 8:00,29.40
11/2/2023 9:00,29.42
11/2/2023 10:00,29.42
11/2/2023 11:00,29.43
11/2/2023 12:00,29.42
11/2/2023 13:00,29.40
11/2/2023 14:00,29.38
11/2/2023 15:00,29.37
11/2/2023 16:00,29.37
11/2/2023 17:00,29.37
11/2/2023 18:00,29.37
11/2/2023 19:00,29.38
11/2/2023 20:00,29.39
11/2/2023 21:00,29.39
11/2/2023 22:00,29.39
11/2/2023 23:00,29.38
11/3/2023 0:00,29.38
11/3/2023 1:00,29.39
11/3/2023 2:00,29.40
11/3/2023 3:00,29.39
11/3/2023 4:00,29.37
11/3/2023 5:00,29.37
11/3/2023 6:00,29.38
11/3/2023 7:00,29.40
11/3/2023 8:00,29.41
11/3/2023 9:00,29.42
11/3/2023 10:00,29.42
11/3/2023 11:00,29.42
11/3/2023 12:00,29.41
11/3/2023 13:00,29.38
11/3/2023 14:00,29.36
11/3/2023 15:00,29.35
11/3/2023 16:00,29.34
11/3/2023 17:00,29.34
11/3/2023 18:00,29.34
11/3/2023 19:00,29.35
11/3/2023 20:00,29.36
11/3/2023 21:00,29.36
11/3/2023 22:00,29.37
11/3/2023 23:00,29.38
11/4/2023 0:00,29.37
11/4/2023 1:00,29.36
11/4/2023 2:00,29.36
11/4/2023 3:00,29.36
11/4/2023 4:00,29.35
11/4/2023 5:00,29.35
11/4/2023 6:00,29.37
11/4/2023 7:00,29.37
11/4/2023 8:00,29.37
11/4/2023 9:00,29.40
11/4/2023 10:00,29.41
11/4/2023 11:00,29.40
11/4/2023 12:00,29.39
11/4/2023 13:00,29.36
11/4/2023 14:00,29.34
11/4/2023 15:00,29.32
11/4/2023 16:00,29.31
11/4/2023 17:00,29.30
11/4/2023 18:00,29.30
11/4/2023 19:00,29.31
11/4/2023 20:00,29.32
11/4/2023 21:00,29.32
11/4/2023 22:00,29.30
11/4/2023 23:00,29.31
11/5/2023 0:00,29.31
11/5/2023 1:00,29.31
11/5/2023 2:00,29.30
11/5/2023 3:00,29.29
11/5/2023 4:00,29.29
11/5/2023 5:00,29.30
11/5/2023 6:00,29.30
11/5/2023 7:00,29.31
11/5/2023 8:00,29.32
11/5/2023 9:00,29.32
11/5/2023 10:00,29.32
11/5/2023 11:00,29.32
11/5/2023 12:00,29.29
11/5/2023 13:00,29.26
11/5/2023 14:00,29.25
11/5/2023 15:00,29.23
11/5/2023 16:00,29.21
11/5/2023 17:00,29.21
11/5/2023 18:00,29.21
11/5/2023 19:00,29.22
11/5/2023 20:00,29.21
11/5/2023 21:00,29.20
11/5/2023 22:00,29.21
11/5/2023 23:00,29.20
11/6/2023 0:00,29.20
11/6/2023 1:00,29.21
11/6/2023 2:00,29.21
11/6/2023 3:00,29.21
11/6/2023 4:00,29.19
11/6/2023 5:00,29.20
11/6/2023 6:00,29.23
11/6/2023 7:00,29.24
11/6/2023 8:00,29.27
11/6/2023 9:00,29.27
11/6/2023 10:00,29.27
11/6/2023 11:00,29.27
11/6/2023 12:00,29.26
11/6/2023 13:00,29.24
11/6/2023 14:00,29.22
11/6/2023 15:00,29.21
11/6/2023 16:00,29.20
11/6/2023 17:00,29.18
11/6/2023 18:00,29.20
11/6/2023 19:00,29.21
11/6/2023 20:00,29.22
11/6/2023 21:00,29.25
11/6/2023 22:00,29.26
11/6/2023 23:00,29.26
11/7/2023 0:00,29.26
11/7/2023 1:00,29.26
11/7/2023 2:00,29.27
11/7/2023 3:00,29.27
11/7/2023 4:00,29.27
11/7/2023 5:00,29.29
11/7/2023 6:00,29.30
11/7/2023 7:00,29.32
11/7/2023 8:00,29.35
11/7/2023 9:00,29.36
11/7/2023 10:00,29.37
11/7/2023 11:00,29.36
11/7/2023 12:00,29.35
11/7/2023 13:00,29.34
11/7/2023 14:00,29.32
11/7/2023 15:00,29.33
11/7/2023 16:00,29.34
11/7/2023 17:00,29.34
11/7/2023 18:00,29.35
11/7/2023 19:00,29.35
11/7/2023 20:00,29.36
11/7/2023 21:00,29.37
11/7/2023 22:00,29.38
11/7/2023 23:00,29.38
11/8/2023 0:00,29.39
11/8/2023 1:00,29.41
11/8/2023 2:00,29.42
11/8/2023 3:00,29.41
11/8/2023 4:00,29.43
11/8/2023 5:00,29.45
11/8/2023 6:00,29.46
11/8/2023 7:00,29.48
11/8/2023 8:00,29.51
11/8/2023 9:00,29.52
11/8/2023 10:00,29.52
11/8/2023 11:00,29.51
11/8/2023 12:00,29.50
11/8/2023 13:00,29.48
11/8/2023 14:00,29.47
11/8/2023 15:00,29.45
11/8/2023 16:00,29.45
11/8/2023 17:00,29.45
11/8/2023 18:00,29.46
11/8/2023 19:00,29.46
11/8/2023 20:00,29.46
11/8/2023 21:00,29.47
11/8/2023 22:00,29.48
11/8/2023 23:00,29.48
11/9/2023 0:00,29.48
11/9/2023 1:00,29.47
11/9/2023 2:00,29.46
11/9/2023 3:00,29.47
11/9/2023 4:00,29.47
11/9/2023 5:00,29.48
11/9/2023 6:00,29.49
11/9/2023 7:00,29.50
11/9/2023 8:00,29.51
11/9/2023 9:00,29.52
11/9/2023 10:00,29.52
11/9/2023 11:00,29.50
11/9/2023 12:00,29.47
11/9/2023 13:00,29.45
11/9/2023 14:00,29.44
11/9/2023 15:00,29.43
11/9/2023 16:00,29.42
11/9/2023 17:00,29.42
11/9/2023 18:00,29.43
11/9/2023 19:00,29.42
11/9/2023 20:00,29.42
11/9/2023 21:00,29.44
11/9/2023 22:00,29.44
11/9/2023 23:00,29.42
11/10/2023 0:00,29.40
11/10/2023 1:00,29.40
11/10/2023 2:00,29.40
11/10/2023 3:00,29.40
11/10/2023 4:00,29.40
11/10/2023 5:00,29.40
11/10/2023 6:00,29.40
11/10/2023 7:00,29.40
11/10/2023 8:00,29.42
11/10/2023 9:00,29.42
11/10/2023 10:00,29.43
11/10/2023 11:00,29.42
11/10/2023 12:00,29.38
11/10/2023 13:00,29.38
11/10/2023 14:00,29.36
11/10/2023 15:00,29.34
11/10/2023 16:00,29.36
11/10/2023 17:00,29.37
11/10/2023 18:00,29.38
11/10/2023 19:00,29.37
11/10/2023 20:00,29.38
11/10/2023 21:00,29.40
11/10/2023 22:00,29.41
11/10/2023 23:00,29.40
11/11/2023 0:00,29.41
11/11/2023 1:00,29.41
11/11/2023 2:00,29.41
11/11/2023 3:00,29.40
11/11/2023 4:00,29.41
11/11/2023 5:00,29.43
11/11/2023 6:00,29.44
11/11/2023 7:00,29.46
11/11/2023 8:00,29.47
11/11/2023 9:00,29.48
11/11/2023 10:00,29.48
11/11/2023 11:00,29.47
11/11/2023 12:00,29.45
11/11/2023 13:00,29.42
11/11/2023 14:00,29.41
11/11/2023 15:00,29.40
11/11/2023 16:00,29.40
11/11/2023 17:00,29.40
11/11/2023 18:00,29.40
11/11/2023 19:00,29.40
11/11/2023 20:00,29.40
11/11/2023 21:00,29.40
11/11/2023 22:00,29.41
11/11/2023 23:00,29.40
11/12/2023 0:00,29.39
11/12/2023 1:00,29.38
11/12/2023 2:00,29.37
11/12/2023 3:00,29.36
11/12/2023 4:00,29.34
11/12/2023 5:00,29.34
11/12/2023 6:00,29.35
11/12/2023 7:00,29.35
11/12/2023 8:00,29.36
11/12/2023 9:00,29.36
11/12/2023 10:00,29.36
11/12/2023 11:00,29.33
11/12/2023 12:00,29.30
11/12/2023 13:00,29.28
11/12/2023 14:00,29.26
11/12/2023 15:00,29.23
11/12/2023 16:00,29.21
11/12/2023 17:00,29.21
11/12/2023 18:00,29.23
11/12/2023 19:00,29.24
11/12/2023 20:00,29.26
11/12/2023 21:00,29.27
11/12/2023 22:00,29.27
11/12/2023 23:00,29.27
11/13/2023 0:00,29.26
11/13/2023 1:00,29.26
11/13/2023 2:00,29.25
11/13/2023 3:00,29.24
11/13/2023 4:00,29.23
11/13/2023 5:00,29.24
11/13/2023 6:00,29.24
11/13/2023 7:00,29.24
11/13/2023 8:00,29.27
11/13/2023 9:00,29.27
11/13/2023 10:00,29.28
11/13/2023 11:00,29.27
11/13/2023 12:00,29.24
11/13/2023 13:00,29.20
11/13/2023 14:00,29.19
11/13/2023 15:00,29.18
11/13/2023 16:00,29.18
11/13/2023 17:00,29.17
11/13/2023 18:00,29.17
11/13/2023 19:00,29.20
11/13/2023 20:00,29.21
11/13/2023 21:00,29.22
11/13/2023 22:00,29.24
11/13/2023 23:00,29.24
11/14/2023 0:00,29.24
11/14/2023 1:00,29.25
11/14/2023 2:00,29.24
11/14/2023 3:00,29.25
11/14/2023 4:00,29.27
11/14/2023 5:00,29.27
11/14/2023 6:00,29.27
11/14/2023 7:00,29.27
11/14/2023 8:00,29.29
11/14/2023 9:00,29.29
11/14/2023 10:00,29.31
11/14/2023 11:00,29.31
11/14/2023 12:00,29.29
11/14/2023 13:00,29.26
11/14/2023 14:00,29.25
11/14/2023 15:00,29.24
11/14/2023 16:00,29.22
11/14/2023 17:00,29.20
11/14/2023 18:00,29.20
11/14/2023 19:00,29.20
11/14/2023 20:00,29.20
11/14/2023 21:00,29.22
11/14/2023 22:00,29.22
11/14/2023 23:00,29.22
11/15/2023 0:00,29.21
11/15/2023 1:00,29.20
11/15/2023 2:00,29.19
11/15/2023 3:00,29.17
11/15/2023 4:00,29.15
11/15/2023 5:00,29.13
11/15/2023 6:00,29.14
11/15/2023 7:00,29.14
11/15/2023 8:00,29.17
11/15/2023 9:00,29.17
11/15/2023 10:00,29.15
11/15/2023 11:00,29.10
11/15/2023 12:00,29.08
11/15/2023 13:00,29.09
11/15/2023 14:00,29.07
11/15/2023 15:00,29.08
11/15/2023 16:00,29.07
11/15/2023 17:00,29.11
11/15/2023 18:00,29.14
11/15/2023 19:00,29.19
11/15/2023 20:00,29.17
11/15/2023 21:00,29.19
11/15/2023 22:00,29.19
11/15/2023 23:00,29.18
11/16/2023 0:00,29.20
11/16/2023 1:00,29.21
11/16/2023 2:00,29.22
11/16/2023 3:00,29.23
11/16/2023 4:00,29.23
11/16/2023 5:00,29.24
11/16/2023 6:00,29.24
11/16/2023 7:00,29.24
11/16/2023 8:00,29.25
11/16/2023 9:00,29.27
11/16/2023 10:00,29.28
11/16/2023 11:00,29.27
11/16/2023 12:00,29.26
11/16/2023 13:00,29.24
11/16/2023 14:00,29.22
11/16/2023 15:00,29.22
11/16/2023 16:00,29.22
11/16/2023 17:00,29.22
11/16/2023 18:00,29.24
11/16/2023 19:00,29.25
11/16/2023 20:00,29.26
11/16/2023 21:00,29.25
11/16/2023 22:00,29.26
11/16/2023 23:00,29.25
11/17/2023 0:00,29.24
11/17/2023 1:00,29.24
11/17/2023 2:00,29.23
11/17/2023 3:00,29.23
11/17/2023 4:00,29.24
11/17/2023 5:00,29.24
11/17/2023 6:00,29.24
11/17/2023 7:00,29.25
11/17/2023 8:00,29.28
11/17/2023 9:00,29.28
11/17/2023 10:00,29.28
11/17/2023 11:00,29.26
11/17/2023 12:00,29.23
11/17/2023 13:00,29.21
11/17/2023 14:00,29.20
11/17/2023 15:00,29.18
11/17/2023 16:00,29.17
11/17/2023 17:00,29.16
11/17/2023 18:00,29.16
11/17/2023 19:00,29.17
11/17/2023 20:00,29.19
11/17/2023 21:00,29.21
11/17/2023 22:00,29.20
11/17/2023 23:00,29.18
11/18/2023 0:00,29.19
11/18/2023 1:00,29.20
11/18/2023 2:00,29.21
11/18/2023 3:00,29.21
11/18/2023 4:00,29.21
11/18/2023 5:00,29.21
11/18/2023 6:00,29.22
11/18/2023 7:00,29.23
11/18/2023 8:00,29.25
11/18/2023 9:00,29.26
11/18/2023 10:00,29.29
11/18/2023 11:00,29.30
11/18/2023 12:00,29.29
11/18/2023 13:00,29.28
11/18/2023 14:00,29.28
11/18/2023 15:00,29.27
11/18/2023 16:00,29.27
11/18/2023 17:00,29.29
11/18/2023 18:00,29.30
11/18/2023 19:00,29.33
11/18/2023 20:00,29.34
11/18/2023 21:00,29.37
11/18/2023 22:00,29.40
11/18/2023 23:00,29.42
11/19/2023 0:00,29.42
11/19/2023 1:00,29.43
11/19/2023 2:00,29.45
11/19/2023 3:00,29.45
11/19/2023 4:00,29.46
11/19/2023 5:00,29.47
11/19/2023 6:00,29.49
11/19/2023 7:00,29.51
11/19/2023 8:00,29.54
11/19/2023 9:00,29.55
11/19/2023 10:00,29.56
11/19/2023 11:00,29.56
11/19/2023 12:00,29.53
11/19/2023 13:00,29.50
11/19/2023 14:00,29.49
11/19/2023 15:00,29.46
11/19/2023 16:00,29.46
11/19/2023 17:00,29.46
11/19/2023 18:00,29.46
11/19/2023 19:00,29.46
11/19/2023 20:00,29.46
11/19/2023 21:00,29.48
11/19/2023 22:00,29.50
11/19/2023 23:00,29.50
11/20/2023 0:00,29.50
11/20/2023 1:00,29.49
11/20/2023 2:00,29.50
11/20/2023 3:00,29.49
11/20/2023 4:00,29.48
11/20/2023 5:00,29.48
11/20/2023 6:00,29.49
11/20/2023 7:00,29.51
11/20/2023 8:00,29.52
11/20/2023 9:00,29.53
11/20/2023 10:00,29.54
11/20/2023 11:00,29.53
11/20/2023 12:00,29.52
11/20/2023 13:00,29.50
11/20/2023 14:00,29.50
11/20/2023 15:00,29.49
11/20/2023 16:00,29.50
11/20/2023 17:00,29.51
11/20/2023 18:00,29.52
11/20/2023 19:00,29.53
11/20/2023 20:00,29.53
11/20/2023 21:00,29.53
11/20/2023 22:00,29.54
11/20/2023 23:00,29.55
11/21/2023 0:00,29.56
11/21/2023 1:00,29.55
11/21/2023 2:00,29.55
11/21/2023 3:00,29.56
11/21/2023 4:00,29.57
11/21/2023 5:00,29.58
11/21/2023 6:00,29.58
11/21/2023 7:00,29.60
11/21/2023 8:00,29.64
11/21/2023 9:00,29.66
11/21/2023 10:00,29.66
11/21/2023 11:00,29.67
11/21/2023 12:00,29.64
11/21/2023 13:00,29.62
11/21/2023 14:00,29.60
11/21/2023 15:00,29.58
11/21/2023 16:00,29.58
11/21/2023 17:00,29.58
11/21/2023 18:00,29.59
11/21/2023 19:00,29.59
11/21/2023 20:00,29.59
11/21/2023 21:00,29.59
11/21/2023 22:00,29.59
11/21/2023 23:00,29.58
11/22/2023 0:00,29.57
11/22/2023 1:00,29.55
11/22/2023 2:00,29.54
11/22/2023 3:00,29.54
11/22/2023 4:00,29.55
11/22/2023 5:00,29.54
11/22/2023 6:00,29.54
11/22/2023 7:00,29.53
11/22/2023 8:00,29.53
11/22/2023 9:00,29.53
11/22/2023 10:00,29.52
11/22/2023 11:00,29.50
11/22/2023 12:00,29.45
11/22/2023 13:00,29.42
11/22/2023 14:00,29.40
11/22/2023 15:00,29.37
11/22/2023 16:00,29.37
11/22/2023 17:00,29.34
11/22/2023 18:00,29.34
11/22/2023 19:00,29.33
11/22/2023 20:00,29.33
11/22/2023 21:00,29.31
11/22/2023 22:00,29.30
11/22/2023 23:00,29.29
11/23/2023 0:00,29.28
11/23/2023 1:00,29.27
11/23/2023 2:00,29.24
11/23/2023 3:00,29.23
11/23/2023 4:00,29.21
11/23/2023 5:00,29.21
11/23/2023 6:00,29.19
11/23/2023 7:00,29.22
11/23/2023 8:00,29.21
11/23/2023 9:00,29.20
11/23/2023 10:00,29.20
11/23/2023 11:00,29.18
11/23/2023 12:00,29.14
11/23/2023 13:00,29.11
11/23/2023 14:00,29.09
11/23/2023 15:00,29.10
11/23/2023 16:00,29.10
11/23/2023 17:00,29.10
11/23/2023 18:00,29.10
11/23/2023 19:00,29.10
11/23/2023 20:00,29.10
11/23/2023 21:00,29.11
11/23/2023 22:00,29.11
11/23/2023 23:00,29.11
11/24/2023 0:00,29.12
11/24/2023 1:00,29.12
11/24/2023 2:00,29.13
11/24/2023 3:00,29.13
11/24/2023 4:00,29.14
11/24/2023 5:00,29.16
11/24/2023 6:00,29.17
11/24/2023 7:00,29.19
11/24/2023 8:00,29.22
11/24/2023 9:00,29.23
11/24/2023 10:00,29.25
11/24/2023 11:00,29.25
11/24/2023 12:00,29.24
11/24/2023 13:00,29.23
11/24/2023 14:00,29.22
11/24/2023 15:00,29.23
11/24/2023 16:00,29.23
11/24/2023 17:00,29.25
11/24/2023 18:00,29.25
11/24/2023 19:00,29.26
11/24/2023 20:00,29.27
11/24/2023 21:00,29.28
11/24/2023 22:00,29.29
11/24/2023 23:00,29.30
11/25/2023 0:00,29.31
11/25/2023 1:00,29.31
11/25/2023 2:00,29.32
11/25/2023 3:00,29.32
11/25/2023 4:00,29.33
11/25/2023 5:00,29.34
11/25/2023 6:00,29.35
11/25/2023 7:00,29.36
11/25/2023 8:00,29.37
11/25/2023 9:00,29.39
11/25/2023 10:00,29.41
11/25/2023 11:00,29.40
11/25/2023 12:00,29.38
11/25/2023 13:00,29.37
11/25/2023 14:00,29.35
11/25/2023 15:00,29.35
11/25/2023 16:00,29.36
11/25/2023 17:00,29.36
11/25/2023 18:00,29.37
11/25/2023 19:00,29.38
11/25/2023 20:00,29.39
11/25/2023 21:00,29.38
11/25/2023 22:00,29.38
11/25/2023 23:00,29.40
11/26/2023 0:00,29.40
11/26/2023 1:00,29.39
11/26/2023 2:00,29.40
11/26/2023 3:00,29.40
11/26/2023 4:00,29.40
11/26/2023 5:00,29.40
11/26/2023 6:00,29.41
11/26/2023 7:00,29.41
11/26/2023 8:00,29.42
11/26/2023 9:00,29.45
11/26/2023 10:00,29.45
11/26/2023 11:00,29.43
11/26/2023 12:00,29.40
11/26/2023 13:00,29.38
11/26/2023 14:00,29.37
11/26/2023 15:00,29.37
11/26/2023 16:00,29.37
11/26/2023 17:00,29.37
11/26/2023 18:00,29.38
11/26/2023 19:00,29.38
11/26/2023 20:00,29.38
11/26/2023 21:00,29.39
11/26/2023 22:00,29.39
11/26/2023 23:00,29.39
11/27/2023 0:00,29.38
11/27/2023 1:00,29.37
11/27/2023 2:00,29.37
11/27/2023 3:00,29.37
11/27/2023 4:00,29.37
11/27/2023 5:00,29.37
11/27/2023 6:00,29.38
11/27/2023 7:00,29.38
11/27/2023 8:00,29.40
11/27/2023 9:00,29.42
11/27/2023 10:00,29.43
11/27/2023 11:00,29.43
11/27/2023 12:00,29.41
11/27/2023 13:00,29.40
11/27/2023 14:00,29.39
11/27/2023 15:00,29.39
11/27/2023 16:00,29.39
11/27/2023 17:00,29.39
11/27/2023 18:00,29.40
11/27/2023 19:00,29.40
11/27/2023 20:00,29.41
11/27/2023 21:00,29.42
11/27/2023 22:00,29.43
11/27/2023 23:00,29.44
11/28/2023 0:00,29.43
11/28/2023 1:00,29.43
11/28/2023 2:00,29.43
11/28/2023 3:00,29.43
11/28/2023 4:00,29.43
11/28/2023 5:00,29.42
11/28/2023 6:00,29.44
11/28/2023 7:00,29.44
11/28/2023 8:00,29.45
11/28/2023 9:00,29.45
11/28/2023 10:00,29.46
11/28/2023 11:00,29.45
11/28/2023 12:00,29.42
11/28/2023 13:00,29.39
11/28/2023 14:00,29.37
11/28/2023 15:00,29.36
11/28/2023 16:00,29.35
11/28/2023 17:00,29.34
11/28/2023 18:00,29.34
11/28/2023 19:00,29.33
11/28/2023 20:00,29.34
11/28/2023 21:00,29.34
11/28/2023 22:00,29.34
11/28/2023 23:00,29.34
11/29/2023 0:00,29.33
11/29/2023 1:00,29.31
11/29/2023 2:00,29.31
11/29/2023 3:00,29.30
11/29/2023 4:00,29.29
11/29/2023 5:00,29.28
11/29/2023 6:00,29.30
11/29/2023 7:00,29.29
11/29/2023 8:00,29.31
11/29/2023 9:00,29.32
11/29/2023 10:00,29.31
11/29/2023 11:00,29.30
11/29/2023 12:00,29.27
11/29/2023 13:00,29.24
11/29/2023 14:00,29.22
11/29/2023 15:00,29.21
11/29/2023 16:00,29.21
11/29/2023 17:00,29.22
11/29/2023 18:00,29.22
11/29/2023 19:00,29.23
11/29/2023 20:00,29.22
11/29/2023 21:00,29.24
11/29/2023 22:00,29.24
11/29/2023 23:00,29.24
11/30/2023 0:00,29.24
11/30/2023 1:00,29.23
11/30/2023 2:00,29.23
11/30/2023 3:00,29.24
11/30/2023 4:00,29.24
11/30/2023 5:00,29.24
11/30/2023 6:00,29.25
11/30/2023 7:00,29.26
11/30/2023 8:00,29.27
11/30/2023 9:00,29.28
11/30/2023 10:00,29.28
11/30/2023 11:00,29.27
11/30/2023 12:00,29.24
11/30/2023 13:00,29.24
11/30/2023 14:00,29.23
11/30/2023 15:00,29.23
11/30/2023 16:00,29.23
11/30/2023 17:00,29.23
11/30/2023 18:00,29.24
11/30/2023 19:00,29.25
11/30/2023 20:00,29.27
11/30/2023 21:00,29.27
11/30/2023 22:00,29.29
11/30/2023 23:00,29.31
12/1/2023 0:00,29.32
12/1/2023 1:00,29.31
12/1/2023 2:00,29.31
12/1/2023 3:00,29.32
12/1/2023 4:00,29.33
12/1/2023 5:00,29.33
12/1/2023 6:00,29.34
12/1/2023 7:00,29.35
12/1/2023 8:00,29.38
12/1/2023 9:00,29.42
12/1/2023 10:00,29.43
12/1/2023 11:00,29.43
12/1/2023 12:00,29.41
12/1/2023 13:00,29.40
12/1/2023 14:00,29.39
12/1/2023 15:00,29.39
12/1/2023 16:00,29.40
12/1/2023 17:00,29.40
12/1/2023 18:00,29.43
12/1/2023 19:00,29.45
12/1/2023 20:00,29.44
12/1/2023 21:00,29.44
12/1/2023 22:00,29.47
12/1/2023 23:00,29.48
12/2/2023 0:00,29.48
12/2/2023 1:00,29.47
12/2/2023 2:00,29.49
12/2/2023 3:00,29.50
12/2/2023 4:00,29.49
12/2/2023 5:00,29.50
12/2/2023 6:00,29.51
12/2/2023 7:00,29.53
12/2/2023 8:00,29.55
12/2/2023 9:00,29.57
12/2/2023 10:00,29.56
12/2/2023 11:00,29.56
12/2/2023 12:00,29.54
12/2/2023 13:00,29.53
12/2/2023 14:00,29.51
12/2/2023 15:00,29.50
12/2/2023 16:00,29.49
12/2/2023 17:00,29.50
12/2/2023 18:00,29.52
12/2/2023 19:00,29.53
12/2/2023 20:00,29.53
12/2/2023 21:00,29.54
12/2/2023 22:00,29.55
12/2/2023 23:00,29.55
12/3/2023 0:00,29.55
12/3/2023 1:00,29.55
12/3/2023 2:00,29.55
12/3/2023 3:00,29.55
12/3/2023 4:00,29.55
12/3/2023 5:00,29.56
12/3/2023 6:00,29.57
12/3/2023 7:00,29.57
12/3/2023 8:00,29.59
12/3/2023 9:00,29.61
12/3/2023 10:00,29.61
12/3/2023 11:00,29.62
12/3/2023 12:00,29.58
12/3/2023 13:00,29.57
12/3/2023 14:00,29.55
12/3/2023 15:00,29.55
12/3/2023 16:00,29.55
12/3/2023 17:00,29.54
12/3/2023 18:00,29.54
12/3/2023 19:00,29.53
12/3/2023 20:00,29.54
12/3/2023 21:00,29.55
12/3/2023 22:00,29.55
12/3/2023 23:00,29.55
12/4/2023 0:00,29.55
12/4/2023 1:00,29.53
12/4/2023 2:00,29.53
12/4/2023 3:00,29.52
12/4/2023 4:00,29.51
12/4/2023 5:00,29.50
12/4/2023 6:00,29.50
12/4/2023 7:00,29.52
12/4/2023 8:00,29.54
12/4/2023 9:00,29.55
12/4/2023 10:00,29.55
12/4/2023 11:00,29.53
12/4/2023 12:00,29.52
12/4/2023 13:00,29.50
12/4/2023 14:00,29.48
12/4/2023 15:00,29.48
12/4/2023 16:00,29.48
12/4/2023 17:00,29.48
12/4/2023 18:00,29.49
12/4/2023 19:00,29.50
12/4/2023 20:00,29.51
12/4/2023 21:00,29.51
12/4/2023 22:00,29.52
12/4/2023 23:00,29.53
12/5/2023 0:00,29.52
12/5/2023 1:00,29.51
12/5/2023 2:00,29.50
12/5/2023 3:00,29.50
12/5/2023 4:00,29.48
12/5/2023 5:00,29.48
12/5/2023 6:00,29.49
12/5/2023 7:00,29.50
12/5/2023 8:00,29.51
12/5/2023 9:00,29.53
12/5/2023 10:00,29.53
12/5/2023 11:00,29.51
12/5/2023 12:00,29.49
12/5/2023 13:00,29.46
12/5/2023 14:00,29.46
12/5/2023 15:00,29.42
12/5/2023 16:00,29.42
12/5/2023 17:00,29.40
12/5/2023 18:00,29.41
12/5/2023 19:00,29.42
12/5/2023 20:00,29.42
12/5/2023 21:00,29.42
12/5/2023 22:00,29.42
12/5/2023 23:00,29.42
12/6/2023 0:00,29.40
12/6/2023 1:00,29.40
12/6/2023 2:00,29.38
12/6/2023 3:00,29.35
12/6/2023 4:00,29.34
12/6/2023 5:00,29.33
12/6/2023 6:00,29.32
12/6/2023 7:00,29.33
12/6/2023 8:00,29.36
12/6/2023 9:00,29.35
12/6/2023 10:00,29.35
12/6/2023 11:00,29.35
12/6/2023 12:00,29.31
12/6/2023 13:00,29.31
12/6/2023 14:00,29.25
12/6/2023 15:00,29.27
12/6/2023 16:00,29.28
12/6/2023 17:00,29.29
12/6/2023 18:00,29.31
12/6/2023 19:00,29.33
12/6/2023 20:00,29.36
12/6/2023 21:00,29.40
12/6/2023 22:00,29.43
12/6/2023 23:00,29.47
12/7/2023 0:00,29.50
12/7/2023 1:00,29.54
12/7/2023 2:00,29.57
12/7/2023 3:00,29.61
12/7/2023 4:00,29.64
12/7/2023 5:00,29.68
12/7/2023 6:00,29.43
12/7/2023 7:00,29.45
12/7/2023 8:00,29.46
12/7/2023 9:00,29.47
12/7/2023 10:00,29.49
12/7/2023 11:00,29.50
12/7/2023 12:00,29.52
12/7/2023 13:00,29.53
12/7/2023 14:00,29.54
12/7/2023 15:00,29.56
12/7/2023 16:00,29.42
12/7/2023 17:00,29.42
12/7/2023 18:00,29.42
12/7/2023 19:00,29.41
12/7/2023 20:00,29.41
12/7/2023 21:00,29.42
12/7/2023 22:00,29.43
12/7/2023 23:00,29.44
12/8/2023 0:00,29.43
12/8/2023 1:00,29.44
12/8/2023 2:00,29.45
12/8/2023 3:00,29.44
12/8/2023 4:00,29.43
12/8/2023 5:00,29.46
12/8/2023 6:00,29.46
12/8/2023 7:00,29.48
12/8/2023 8:00,29.48
12/8/2023 9:00,29.50
12/8/2023 10:00,29.53
12/8/2023 11:00,29.52
12/8/2023 12:00,29.54
12/8/2023 13:00,29.55
12/8/2023 14:00,29.56
12/8/2023 15:00,29.48
12/8/2023 16:00,29.49
12/8/2023 17:00,29.48
12/8/2023 18:00,29.49
12/8/2023 19:00,29.51
12/8/2023 20:00,29.50
12/8/2023 21:00,29.51
12/8/2023 22:00,29.52
12/8/2023 23:00,29.52
12/9/2023 0:00,29.53
12/9/2023 1:00,29.53
12/9/2023 2:00,29.54
12/9/2023 3:00,29.54
12/9/2023 4:00,29.55
12/9/2023 5:00,29.55
12/9/2023 6:00,29.56
12/9/2023 7:00,29.56
12/9/2023 8:00,29.57
12/9/2023 9:00,29.58
12/9/2023 10:00,29.58
12/9/2023 11:00,29.59
12/9/2023 12:00,29.62
12/9/2023 13:00,29.61
12/9/2023 14:00,29.60
12/9/2023 15:00,29.60
12/9/2023 16:00,29.60
12/9/2023 17:00,29.61
12/9/2023 18:00,29.61
12/9/2023 19:00,29.61
12/9/2023 20:00,29.62
12/9/2023 21:00,29.62
12/9/2023 22:00,29.63
12/9/2023 23:00,29.62
12/10/2023 0:00,29.61
12/10/2023 1:00,29.60
12/10/2023 2:00,29.61
12/10/2023 3:00,29.61
12/10/2023 4:00,29.60
12/10/2023 5:00,29.58
12/10/2023 6:00,29.59
12/10/2023 7:00,29.60
12/10/2023 8:00,29.59
12/10/2023 9:00,29.60
12/10/2023 10:00,29.60
12/10/2023 11:00,29.58
12/10/2023 12:00,29.55
12/10/2023 13:00,29.51
12/10/2023 14:00,29.49
12/10/2023 15:00,29.47
12/10/2023 16:00,29.46
12/10/2023 17:00,29.46
12/10/2023 18:00,29.46
12/10/2023 19:00,29.46
12/10/2023 20:00,29.45
12/10/2023 21:00,29.45
12/10/2023 22:00,29.45
12/10/2023 23:00,29.44
12/11/2023 0:00,29.42
12/11/2023 1:00,29.41
12/11/2023 2:00,29.40
12/11/2023 3:00,29.39
12/11/2023 4:00,29.38
12/11/2023 5:00,29.38
12/11/2023 6:00,29.38
12/11/2023 7:00,29.37
12/11/2023 8:00,29.38
12/11/2023 9:00,29.39
12/11/2023 10:00,29.40
12/11/2023 11:00,29.37
12/11/2023 12:00,29.35
12/11/2023 13:00,29.32
12/11/2023 14:00,29.29
12/11/2023 15:00,29.27
12/11/2023 16:00,29.26
12/11/2023 17:00,29.26
12/11/2023 18:00,29.26
12/11/2023 19:00,29.26
12/11/2023 20:00,29.27
12/11/2023 21:00,29.27
12/11/2023 22:00,29.27
12/11/2023 23:00,29.26
12/12/2023 0:00,29.27
12/12/2023 1:00,29.26
12/12/2023 2:00,29.25
12/12/2023 3:00,29.25
12/12/2023 4:00,29.24
12/12/2023 5:00,29.24
12/12/2023 6:00,29.24
12/12/2023 7:00,29.25
12/12/2023 8:00,29.26
12/12/2023 9:00,29.28
12/12/2023 10:00,29.29
12/12/2023 11:00,29.28
12/12/2023 12:00,29.26
12/12/2023 13:00,29.24
12/12/2023 14:00,29.22
12/12/2023 15:00,29.22
12/12/2023 16:00,29.22
12/12/2023 17:00,29.24
12/12/2023 18:00,29.25
12/12/2023 19:00,29.27
12/12/2023 20:00,29.29
12/12/2023 21:00,29.29
12/12/2023 22:00,29.29
12/12/2023 23:00,29.29
12/13/2023 0:00,29.29
12/13/2023 1:00,29.30
12/13/2023 2:00,29.30
12/13/2023 3:00,29.31
12/13/2023 4:00,29.31
12/13/2023 5:00,29.31
12/13/2023 6:00,29.32
12/13/2023 7:00,29.32
12/13/2023 8:00,29.35
12/13/2023 9:00,29.37
12/13/2023 10:00,29.38
12/13/2023 11:00,29.38
12/13/2023 12:00,29.37
12/13/2023 13:00,29.34
12/13/2023 14:00,29.33
12/13/2023 15:00,29.33
12/13/2023 16:00,29.33
12/13/2023 17:00,29.34
12/13/2023 18:00,29.34
12/13/2023 19:00,29.36
12/13/2023 20:00,29.37
12/13/2023 21:00,29.38
12/13/2023 22:00,29.38
12/13/2023 23:00,29.40
12/14/2023 0:00,29.40
12/14/2023 1:00,29.40
12/14/2023 2:00,29.41
12/14/2023 3:00,29.42
12/14/2023 4:00,29.42
12/14/2023 5:00,29.42
12/14/2023 6:00,29.43
12/14/2023 7:00,29.45
12/14/2023 8:00,29.47
12/14/2023 9:00,29.48
12/14/2023 10:00,29.50
12/14/2023 11:00,29.49
12/14/2023 12:00,29.47
12/14/2023 13:00,29.46
12/14/2023 14:00,29.45
12/14/2023 15:00,29.45
12/14/2023 16:00,29.45
12/14/2023 17:00,29.45
12/14/2023 18:00,29.45
12/14/2023 19:00,29.44
12/14/2023 20:00,29.45
12/14/2023 21:00,29.45
12/14/2023 22:00,29.47
12/14/2023 23:00,29.47
12/15/2023 0:00,29.47
12/15/2023 1:00,29.48
12/15/2023 2:00,29.47
12/15/2023 3:00,29.47
12/15/2023 4:00,29.46
12/15/2023 5:00,29.46
12/15/2023 6:00,29.46
12/15/2023 7:00,29.47
12/15/2023 8:00,29.47
12/15/2023 9:00,29.48
12/15/2023 10:00,29.49
12/15/2023 11:00,29.48
12/15/2023 12:00,29.45
12/15/2023 13:00,29.42
12/15/2023 14:00,29.41
12/15/2023 15:00,29.40
12/15/2023 16:00,29.38
12/15/2023 17:00,29.38
12/15/2023 18:00,29.39
12/15/2023 19:00,29.39
12/15/2023 20:00,29.40
12/15/2023 21:00,29.41
12/15/2023 22:00,29.40
12/15/2023 23:00,29.40
12/16/2023 0:00,29.38
12/16/2023 1:00,29.38
12/16/2023 2:00,29.39
12/16/2023 3:00,29.39
12/16/2023 4:00,29.37
12/16/2023 5:00,29.38
12/16/2023 6:00,29.39
12/16/2023 7:00,29.40
12/16/2023 8:00,29.40
12/16/2023 9:00,29.42
12/16/2023 10:00,29.43
12/16/2023 11:00,29.42
12/16/2023 12:00,29.40
12/16/2023 13:00,29.37
12/16/2023 14:00,29.36
12/16/2023 15:00,29.38
12/16/2023 16:00,29.38
12/16/2023 17:00,29.37
12/16/2023 18:00,29.37
12/16/2023 19:00,29.38
12/16/2023 20:00,29.38
12/16/2023 21:00,29.40
12/16/2023 22:00,29.40
12/16/2023 23:00,29.38
12/17/2023 0:00,29.37
12/17/2023 1:00,29.38
12/17/2023 2:00,29.37
12/17/2023 3:00,29.35
12/17/2023 4:00,29.35
12/17/2023 5:00,29.33
12/17/2023 6:00,29.33
12/17/2023 7:00,29.33
12/17/2023 8:00,29.33
12/17/2023 9:00,29.34
12/17/2023 10:00,29.36
12/17/2023 11:00,29.34
12/17/2023 12:00,29.34
12/17/2023 13:00,29.32
12/17/2023 14:00,29.31
12/17/2023 15:00,29.31
12/17/2023 16:00,29.31
12/17/2023 17:00,29.29
12/17/2023 18:00,29.28
12/17/2023 19:00,29.27
12/17/2023 20:00,29.25
12/17/2023 21:00,29.25
12/17/2023 22:00,29.26
12/17/2023 23:00,29.25
12/18/2023 0:00,29.25
12/18/2023 1:00,29.25
12/18/2023 2:00,29.23
12/18/2023 3:00,29.22
12/18/2023 4:00,29.23
12/18/2023 5:00,29.21
12/18/2023 6:00,29.21
12/18/2023 7:00,29.22
12/18/2023 8:00,29.22
12/18/2023 9:00,29.23
12/18/2023 10:00,29.24
12/18/2023 11:00,29.22
12/18/2023 12:00,29.21
12/18/2023 13:00,29.21
12/18/2023 14:00,29.18
12/18/2023 15:00,29.16
12/18/2023 16:00,29.14
12/18/2023 17:00,29.14
12/18/2023 18:00,29.16
12/18/2023 19:00,29.15
12/18/2023 20:00,29.17
12/18/2023 21:00,29.17
12/18/2023 22:00,29.16
12/18/2023 23:00,29.17
12/19/2023 0:00,29.16
12/19/2023 1:00,29.15
12/19/2023 2:00,29.14
12/19/2023 3:00,29.13
12/19/2023 4:00,29.13
12/19/2023 5:00,29.13
12/19/2023 6:00,29.13
12/19/2023 7:00,29.13
12/19/2023 8:00,29.14
12/19/2023 9:00,29.14
12/19/2023 10:00,29.16
12/19/2023 11:00,29.14
12/19/2023 12:00,29.11
12/19/2023 13:00,29.10
12/19/2023 14:00,29.08
12/19/2023 15:00,29.08
12/19/2023 16:00,29.09
12/19/2023 17:00,29.08
12/19/2023 18:00,29.09
12/19/2023 19:00,29.09
12/19/2023 20:00,29.08
12/19/2023 21:00,29.09
12/19/2023 22:00,29.09
12/19/2023 23:00,29.09
12/20/2023 0:00,29.09
12/20/2023 1:00,29.08
12/20/2023 2:00,29.06
12/20/2023 3:00,29.06
12/20/2023 4:00,29.06
12/20/2023 5:00,29.05
12/20/2023 6:00,29.06
12/20/2023 7:00,29.06
12/20/2023 8:00,29.07
12/20/2023 9:00,29.09
12/20/2023 10:00,29.09
12/20/2023 11:00,29.07
12/20/2023 12:00,29.06
12/20/2023 13:00,29.05
12/20/2023 14:00,29.07
12/20/2023 15:00,29.08
12/20/2023 16:00,29.09
12/20/2023 17:00,29.13
12/20/2023 18:00,29.15
12/20/2023 19:00,29.15
12/20/2023 20:00,29.19
12/20/2023 21:00,29.21
12/20/2023 22:00,29.21
12/20/2023 23:00,29.21
12/21/2023 0:00,29.23
12/21/2023 1:00,29.25
12/21/2023 2:00,29.23
12/21/2023 3:00,29.21
12/21/2023 4:00,29.20
12/21/2023 5:00,29.21
12/21/2023 6:00,29.22
12/21/2023 7:00,29.24
12/21/2023 8:00,29.22
12/21/2023 9:00,29.23
12/21/2023 10:00,29.29
12/21/2023 11:00,29.32
12/21/2023 12:00,29.32
12/21/2023 13:00,29.29
12/21/2023 14:00,29.26
12/21/2023 15:00,29.25
12/21/2023 16:00,29.24
12/21/2023 17:00,29.26
12/21/2023 18:00,29.28
12/21/2023 19:00,29.28
12/21/2023 20:00,29.27
12/21/2023 21:00,29.26
12/21/2023 22:00,29.26
12/21/2023 23:00,29.24
12/22/2023 0:00,29.22
12/22/2023 1:00,29.23
12/22/2023 2:00,29.23
12/22/2023 3:00,29.23
12/22/2023 4:00,29.23
12/22/2023 5:00,29.21
12/22/2023 6:00,29.21
12/22/2023 7:00,29.21
12/22/2023 8:00,29.23
12/22/2023 9:00,29.25
12/22/2023 10:00,29.28
12/22/2023 11:00,29.28
12/22/2023 12:00,29.26
12/22/2023 13:00,29.24
12/22/2023 14:00,29.23
12/22/2023 15:00,29.23
12/22/2023 16:00,29.23
12/22/2023 17:00,29.24
12/22/2023 18:00,29.25
12/22/2023 19:00,29.25
12/22/2023 20:00,29.25
12/22/2023 21:00,29.26
12/22/2023 22:00,29.26
12/22/2023 23:00,29.26
12/23/2023 0:00,29.27
12/23/2023 1:00,29.27
12/23/2023 2:00,29.28
12/23/2023 3:00,29.28
12/23/2023 4:00,29.28
12/23/2023 5:00,29.29
12/23/2023 6:00,29.30
12/23/2023 7:00,29.31
12/23/2023 8:00,29.33
12/23/2023 9:00,29.35
12/23/2023 10:00,29.37
12/23/2023 11:00,29.36
12/23/2023 12:00,29.34
12/23/2023 13:00,29.33
12/23/2023 14:00,29.33
12/23/2023 15:00,29.34
12/23/2023 16:00,29.33
12/23/2023 17:00,29.34
12/23/2023 18:00,29.36
12/23/2023 19:00,29.37
12/23/2023 20:00,29.38
12/23/2023 21:00,29.39
12/23/2023 22:00,29.39
12/23/2023 23:00,29.39
12/24/2023 0:00,29.39
12/24/2023 1:00,29.40
12/24/2023 2:00,29.40
12/24/2023 3:00,29.41
12/24/2023 4:00,29.42
12/24/2023 5:00,29.44
12/24/2023 6:00,29.46
12/24/2023 7:00,29.47
12/24/2023 8:00,29.50
12/24/2023 9:00,29.50
12/24/2023 10:00,29.52
12/24/2023 11:00,29.50
12/24/2023 12:00,29.47
12/24/2023 13:00,29.45
12/24/2023 14:00,29.46
12/24/2023 15:00,29.46
12/24/2023 16:00,29.46
12/24/2023 17:00,29.47
12/24/2023 18:00,29.47
12/24/2023 19:00,29.48
12/24/2023 20:00,29.49
12/24/2023 21:00,29.51
12/24/2023 22:00,29.53
12/24/2023 23:00,29.51
12/25/2023 0:00,29.51
12/25/2023 1:00,29.50
12/25/2023 2:00,29.51
12/25/2023 3:00,29.50
12/25/2023 4:00,29.50
12/25/2023 5:00,29.50
12/25/2023 6:00,29.51
12/25/2023 7:00,29.50
12/25/2023 8:00,29.51
12/25/2023 9:00,29.52
12/25/2023 10:00,29.53
12/25/2023 11:00,29.52
12/25/2023 12:00,29.48
12/25/2023 13:00,29.46
12/25/2023 14:00,29.45
12/25/2023 15:00,29.45
12/25/2023 16:00,29.46
12/25/2023 17:00,29.46
12/25/2023 18:00,29.47
12/25/2023 19:00,29.47
12/25/2023 20:00,29.49
12/25/2023 21:00,29.49
12/25/2023 22:00,29.49
12/25/2023 23:00,29.50
12/26/2023 0:00,29.49
12/26/2023 1:00,29.46
12/26/2023 2:00,29.47
12/26/2023 3:00,29.47
12/26/2023 4:00,29.45
12/26/2023 5:00,29.43
12/26/2023 6:00,29.45
12/26/2023 7:00,29.45
12/26/2023 8:00,29.46
12/26/2023 9:00,29.45
12/26/2023 10:00,29.46
12/26/2023 11:00,29.46
12/26/2023 12:00,29.44
12/26/2023 13:00,29.41
12/26/2023 14:00,29.39
12/26/2023 15:00,29.40
12/26/2023 16:00,29.39
12/26/2023 17:00,29.38
12/26/2023 18:00,29.38
12/26/2023 19:00,29.39
12/26/2023 20:00,29.39
12/26/2023 21:00,29.40
12/26/2023 22:00,29.41
12/26/2023 23:00,29.40
12/27/2023 0:00,29.38
12/27/2023 1:00,29.35
12/27/2023 2:00,29.37
12/27/2023 3:00,29.37
12/27/2023 4:00,29.37
12/27/2023 5:00,29.37
12/27/2023 6:00,29.35
12/27/2023 7:00,29.37
12/27/2023 8:00,29.38
12/27/2023 9:00,29.42
12/27/2023 10:00,29.44
12/27/2023 11:00,29.42
12/27/2023 12:00,29.38
12/27/2023 13:00,29.38
12/27/2023 14:00,29.37
12/27/2023 15:00,29.39
12/27/2023 16:00,29.39
12/27/2023 17:00,29.38
12/27/2023 18:00,29.40
12/27/2023 19:00,29.41
12/27/2023 20:00,29.44
12/27/2023 21:00,29.43
12/27/2023 22:00,29.41
12/27/2023 23:00,29.45
12/28/2023 0:00,29.46
12/28/2023 1:00,29.47
12/28/2023 2:00,29.46
12/28/2023 3:00,29.45
12/28/2023 4:00,29.44
12/28/2023 5:00,29.43
12/28/2023 6:00,29.46
12/28/2023 7:00,29.47
12/28/2023 8:00,29.48
12/28/2023 9:00,29.49
12/28/2023 10:00,29.49
12/28/2023 11:00,29.48
12/28/2023 12:00,29.45
12/28/2023 13:00,29.43
12/28/2023 14:00,29.42
12/28/2023 15:00,29.42
12/28/2023 16:00,29.42
12/28/2023 17:00,29.42
12/28/2023 18:00,29.42
12/28/2023 19:00,29.42
12/28/2023 20:00,29.42
12/28/2023 21:00,29.40
12/28/2023 22:00,29.39
12/28/2023 23:00,29.39
12/29/2023 0:00,29.37
12/29/2023 1:00,29.35
12/29/2023 2:00,29.34
12/29/2023 3:00,29.33
12/29/2023 4:00,29.32
12/29/2023 5:00,29.32
12/29/2023 6:00,29.32
12/29/2023 7:00,29.31
12/29/2023 8:00,29.33
12/29/2023 9:00,29.34
12/29/2023 10:00,29.34
12/29/2023 11:00,29.34
12/29/2023 12:00,29.32
12/29/2023 13:00,29.31
12/29/2023 14:00,29.29
12/29/2023 15:00,29.29
12/29/2023 16:00,29.27
12/29/2023 17:00,29.27
12/29/2023 18:00,29.26
12/29/2023 19:00,29.25
12/29/2023 20:00,29.26
12/29/2023 21:00,29.27
12/29/2023 22:00,29.29
12/29/2023 23:00,29.30
12/30/2023 0:00,29.30
12/30/2023 1:00,29.32
12/30/2023 2:00,29.33
12/30/2023 3:00,29.31
12/30/2023 4:00,29.30
12/30/2023 5:00,29.32
12/30/2023 6:00,29.33
12/30/2023 7:00,29.34
12/30/2023 8:00,29.35
12/30/2023 9:00,29.36
12/30/2023 10:00,29.38
12/30/2023 11:00,29.37
12/30/2023 12:00,29.35
12/30/2023 13:00,29.34
12/30/2023 14:00,29.34
12/30/2023 15:00,29.34
12/30/2023 16:00,29.36
12/30/2023 17:00,29.36
12/30/2023 18:00,29.37
12/30/2023 19:00,29.38
12/30/2023 20:00,29.38
12/30/2023 21:00,29.39
12/30/2023 22:00,29.40
12/30/2023 23:00,29.41
12/31/2023 0:00,29.39
12/31/2023 1:00,29.37
12/31/2023 2:00,29.37
12/31/2023 3:00,29.37
12/31/2023 4:00,29.37
12/31/2023 5:00,29.37
12/31/2023 6:00,29.37
12/31/2023 7:00,29.38
12/31/2023 8:00,29.39
12/31/2023 9:00,29.41
12/31/2023 10:00,29.42
12/31/2023 11:00,29.42
12/31/2023 12:00,29.41
12/31/2023 13:00,29.38
12/31/2023 14:00,29.37
12/31/2023 15:00,29.36
12/31/2023 16:00,29.35
12/31/2023 17:00,29.34
12/31/2023 18:00,29.32
12/31/2023 19:00,29.32
12/31/2023 20:00,29.33
12/31/2023 21:00,29.35
12/31/2023 22:00,29.36
12/31/2023 23:00,29.37
