DATE TIME,pcnt_hum
10/1/2023 0:00,75
10/1/2023 1:00,74
10/1/2023 2:00,74
10/1/2023 3:00,75
10/1/2023 4:00,72
10/1/2023 5:00,74
10/1/2023 6:00,82
10/1/2023 7:00,79
10/1/2023 8:00,74
10/1/2023 9:00,68
10/1/2023 10:00,56
10/1/2023 11:00,51
10/1/2023 12:00,49
10/1/2023 13:00,48
10/1/2023 14:00,45
10/1/2023 15:00,42
10/1/2023 16:00,43
10/1/2023 17:00,41
10/1/2023 18:00,44
10/1/2023 19:00,51
10/1/2023 20:00,54
10/1/2023 21:00,54
10/1/2023 22:00,54
10/1/2023 23:00,56
10/2/2023 0:00,56
10/2/2023 1:00,60
10/2/2023 2:00,59
10/2/2023 3:00,60
10/2/2023 4:00,61
10/2/2023 5:00,64
10/2/2023 6:00,64
10/2/2023 7:00,68
10/2/2023 8:00,65
10/2/2023 9:00,57
10/2/2023 10:00,51
10/2/2023 11:00,45
10/2/2023 12:00,42
10/2/2023 13:00,38
10/2/2023 14:00,33
10/2/2023 15:00,30
10/2/2023 16:00,31
10/2/2023 17:00,30
10/2/2023 18:00,33
10/2/2023 19:00,38
10/2/2023 20:00,37
10/2/2023 21:00,37
10/2/2023 22:00,42
10/2/2023 23:00,42
10/3/2023 0:00,52
10/3/2023 1:00,55
10/3/2023 2:00,60
10/3/2023 3:00,60
10/3/2023 4:00,62
10/3/2023 5:00,61
10/3/2023 6:00,63
10/3/2023 7:00,64
10/3/2023 8:00,59
10/3/2023 9:00,51
10/3/2023 10:00,42
10/3/2023 11:00,38
10/3/2023 12:00,35
10/3/2023 13:00,29
10/3/2023 14:00,26
10/3/2023 15:00,25
10/3/2023 16:00,24
10/3/2023 17:00,25
10/3/2023 18:00,26
10/3/2023 19:00,30
10/3/2023 20:00,35
10/3/2023 21:00,40
10/3/2023 22:00,42
10/3/2023 23:00,42
10/4/2023 0:00,44
10/4/2023 1:00,48
10/4/2023 2:00,49
10/4/2023 3:00,51
10/4/2023 4:00,51
10/4/2023 5:00,53
10/4/2023 6:00,55
10/4/2023 7:00,56
10/4/2023 8:00,52
10/4/2023 9:00,45
10/4/2023 10:00,40
10/4/2023 11:00,30
10/4/2023 12:00,28
10/4/2023 13:00,27
10/4/2023 14:00,24
10/4/2023 15:00,22
10/4/2023 16:00,22
10/4/2023 17:00,22
10/4/2023 18:00,25
10/4/2023 19:00,29
10/4/2023 20:00,32
10/4/2023 21:00,33
10/4/2023 22:00,40
10/4/2023 23:00,41
10/5/2023 0:00,38
10/5/2023 1:00,41
10/5/2023 2:00,43
10/5/2023 3:00,43
10/5/2023 4:00,45
10/5/2023 5:00,43
10/5/2023 6:00,45
10/5/2023 7:00,42
10/5/2023 8:00,37
10/5/2023 9:00,40
10/5/2023 10:00,31
10/5/2023 11:00,27
10/5/2023 12:00,25
10/5/2023 13:00,24
10/5/2023 14:00,24
10/5/2023 15:00,23
10/5/2023 16:00,20
10/5/2023 17:00,21
10/5/2023 18:00,24
10/5/2023 19:00,29
10/5/2023 20:00,31
10/5/2023 21:00,34
10/5/2023 22:00,40
10/5/2023 23:00,36
10/6/2023 0:00,38
10/6/2023 1:00,36
10/6/2023 2:00,39
10/6/2023 3:00,38
10/6/2023 4:00,41
10/6/2023 5:00,43
10/6/2023 6:00,40
10/6/2023 7:00,42
10/6/2023 8:00,37
10/6/2023 9:00,45
10/6/2023 10:00,38
10/6/2023 11:00,25
10/6/2023 12:00,24
10/6/2023 13:00,22
10/6/2023 14:00,22
10/6/2023 15:00,21
10/6/2023 16:00,21
10/6/2023 17:00,21
10/6/2023 18:00,24
10/6/2023 19:00,29
10/6/2023 20:00,31
10/6/2023 21:00,34
10/6/2023 22:00,36
10/6/2023 23:00,37
10/7/2023 0:00,37
10/7/2023 1:00,35
10/7/2023 2:00,39
10/7/2023 3:00,40
10/7/2023 4:00,40
10/7/2023 5:00,40
10/7/2023 6:00,36
10/7/2023 7:00,33
10/7/2023 8:00,51
10/7/2023 9:00,36
10/7/2023 10:00,31
10/7/2023 11:00,25
10/7/2023 12:00,22
10/7/2023 13:00,22
10/7/2023 14:00,23
10/7/2023 15:00,21
10/7/2023 16:00,21
10/7/2023 17:00,19
10/7/2023 18:00,22
10/7/2023 19:00,30
10/7/2023 20:00,30
10/7/2023 21:00,29
10/7/2023 22:00,31
10/7/2023 23:00,45
10/8/2023 0:00,33
10/8/2023 1:00,31
10/8/2023 2:00,32
10/8/2023 3:00,30
10/8/2023 4:00,29
10/8/2023 5:00,28
10/8/2023 6:00,29
10/8/2023 7:00,36
10/8/2023 8:00,38
10/8/2023 9:00,30
10/8/2023 10:00,32
10/8/2023 11:00,24
10/8/2023 12:00,21
10/8/2023 13:00,20
10/8/2023 14:00,20
10/8/2023 15:00,18
10/8/2023 16:00,17
10/8/2023 17:00,18
10/8/2023 18:00,22
10/8/2023 19:00,27
10/8/2023 20:00,25
10/8/2023 21:00,29
10/8/2023 22:00,32
10/8/2023 23:00,32
10/9/2023 0:00,34
10/9/2023 1:00,35
10/9/2023 2:00,33
10/9/2023 3:00,35
10/9/2023 4:00,34
10/9/2023 5:00,41
10/9/2023 6:00,36
10/9/2023 7:00,36
10/9/2023 8:00,42
10/9/2023 9:00,40
10/9/2023 10:00,33
10/9/2023 11:00,33
10/9/2023 12:00,35
10/9/2023 13:00,29
10/9/2023 14:00,33
10/9/2023 15:00,38
10/9/2023 16:00,35
10/9/2023 17:00,38
10/9/2023 18:00,40
10/9/2023 19:00,51
10/9/2023 20:00,55
10/9/2023 21:00,59
10/9/2023 22:00,63
10/9/2023 23:00,69
10/10/2023 0:00,69
10/10/2023 1:00,73
10/10/2023 2:00,68
10/10/2023 3:00,68
10/10/2023 4:00,71
10/10/2023 5:00,72
10/10/2023 6:00,74
10/10/2023 7:00,75
10/10/2023 8:00,70
10/10/2023 9:00,61
10/10/2023 10:00,54
10/10/2023 11:00,48
10/10/2023 12:00,45
10/10/2023 13:00,46
10/10/2023 14:00,42
10/10/2023 15:00,41
10/10/2023 16:00,42
10/10/2023 17:00,43
10/10/2023 18:00,44
10/10/2023 19:00,46
10/10/2023 20:00,49
10/10/2023 21:00,48
10/10/2023 22:00,51
10/10/2023 23:00,55
10/11/2023 0:00,55
10/11/2023 1:00,58
10/11/2023 2:00,53
10/11/2023 3:00,63
10/11/2023 4:00,56
10/11/2023 5:00,64
10/11/2023 6:00,65
10/11/2023 7:00,66
10/11/2023 8:00,72
10/11/2023 9:00,64
10/11/2023 10:00,57
10/11/2023 11:00,52
10/11/2023 12:00,44
10/11/2023 13:00,38
10/11/2023 14:00,38
10/11/2023 15:00,36
10/11/2023 16:00,33
10/11/2023 17:00,31
10/11/2023 18:00,30
10/11/2023 19:00,33
10/11/2023 20:00,36
10/11/2023 21:00,39
10/11/2023 22:00,42
10/11/2023 23:00,44
10/12/2023 0:00,47
10/12/2023 1:00,48
10/12/2023 2:00,49
10/12/2023 3:00,58
10/12/2023 4:00,56
10/12/2023 5:00,57
10/12/2023 6:00,56
10/12/2023 7:00,57
10/12/2023 8:00,62
10/12/2023 9:00,50
10/12/2023 10:00,41
10/12/2023 11:00,38
10/12/2023 12:00,36
10/12/2023 13:00,31
10/12/2023 14:00,31
10/12/2023 15:00,29
10/12/2023 16:00,28
10/12/2023 17:00,28
10/12/2023 18:00,33
10/12/2023 19:00,35
10/12/2023 20:00,42
10/12/2023 21:00,42
10/12/2023 22:00,44
10/12/2023 23:00,49
10/13/2023 0:00,49
10/13/2023 1:00,50
10/13/2023 2:00,52
10/13/2023 3:00,50
10/13/2023 4:00,52
10/13/2023 5:00,53
10/13/2023 6:00,52
10/13/2023 7:00,50
10/13/2023 8:00,46
10/13/2023 9:00,46
10/13/2023 10:00,44
10/13/2023 11:00,29
10/13/2023 12:00,25
10/13/2023 13:00,25
10/13/2023 14:00,20
10/13/2023 15:00,20
10/13/2023 16:00,20
10/13/2023 17:00,19
10/13/2023 18:00,22
10/13/2023 19:00,36
10/13/2023 20:00,24
10/13/2023 21:00,24
10/13/2023 22:00,32
10/13/2023 23:00,27
10/14/2023 0:00,29
10/14/2023 1:00,30
10/14/2023 2:00,32
10/14/2023 3:00,30
10/14/2023 4:00,30
10/14/2023 5:00,29
10/14/2023 6:00,32
10/14/2023 7:00,37
10/14/2023 8:00,42
10/14/2023 9:00,45
10/14/2023 10:00,44
10/14/2023 11:00,24
10/14/2023 12:00,21
10/14/2023 13:00,19
10/14/2023 14:00,19
10/14/2023 15:00,19
10/14/2023 16:00,18
10/14/2023 17:00,20
10/14/2023 18:00,22
10/14/2023 19:00,26
10/14/2023 20:00,28
10/14/2023 21:00,34
10/14/2023 22:00,31
10/14/2023 23:00,34
10/15/2023 0:00,36
10/15/2023 1:00,38
10/15/2023 2:00,38
10/15/2023 3:00,38
10/15/2023 4:00,36
10/15/2023 5:00,38
10/15/2023 6:00,41
10/15/2023 7:00,43
10/15/2023 8:00,42
10/15/2023 9:00,39
10/15/2023 10:00,34
10/15/2023 11:00,27
10/15/2023 12:00,22
10/15/2023 13:00,20
10/15/2023 14:00,20
10/15/2023 15:00,16
10/15/2023 16:00,17
10/15/2023 17:00,16
10/15/2023 18:00,23
10/15/2023 19:00,26
10/15/2023 20:00,29
10/15/2023 21:00,35
10/15/2023 22:00,36
10/15/2023 23:00,32
10/16/2023 0:00,34
10/16/2023 1:00,35
10/16/2023 2:00,35
10/16/2023 3:00,34
10/16/2023 4:00,42
10/16/2023 5:00,40
10/16/2023 6:00,38
10/16/2023 7:00,41
10/16/2023 8:00,40
10/16/2023 9:00,37
10/16/2023 10:00,32
10/16/2023 11:00,25
10/16/2023 12:00,24
10/16/2023 13:00,23
10/16/2023 14:00,24
10/16/2023 15:00,23
10/16/2023 16:00,23
10/16/2023 17:00,25
10/16/2023 18:00,27
10/16/2023 19:00,33
10/16/2023 20:00,36
10/16/2023 21:00,36
10/16/2023 22:00,45
10/16/2023 23:00,44
10/17/2023 0:00,42
10/17/2023 1:00,50
10/17/2023 2:00,55
10/17/2023 3:00,48
10/17/2023 4:00,57
10/17/2023 5:00,58
10/17/2023 6:00,49
10/17/2023 7:00,49
10/17/2023 8:00,49
10/17/2023 9:00,45
10/17/2023 10:00,43
10/17/2023 11:00,39
10/17/2023 12:00,36
10/17/2023 13:00,33
10/17/2023 14:00,30
10/17/2023 15:00,28
10/17/2023 16:00,29
10/17/2023 17:00,27
10/17/2023 18:00,35
10/17/2023 19:00,36
10/17/2023 20:00,41
10/17/2023 21:00,43
10/17/2023 22:00,45
10/17/2023 23:00,47
10/18/2023 0:00,49
10/18/2023 1:00,50
10/18/2023 2:00,50
10/18/2023 3:00,52
10/18/2023 4:00,52
10/18/2023 5:00,53
10/18/2023 6:00,57
10/18/2023 7:00,56
10/18/2023 8:00,55
10/18/2023 9:00,50
10/18/2023 10:00,44
10/18/2023 11:00,38
10/18/2023 12:00,31
10/18/2023 13:00,30
10/18/2023 14:00,26
10/18/2023 15:00,25
10/18/2023 16:00,25
10/18/2023 17:00,25
10/18/2023 18:00,29
10/18/2023 19:00,34
10/18/2023 20:00,36
10/18/2023 21:00,42
10/18/2023 22:00,43
10/18/2023 23:00,44
10/19/2023 0:00,49
10/19/2023 1:00,46
10/19/2023 2:00,45
10/19/2023 3:00,46
10/19/2023 4:00,42
10/19/2023 5:00,44
10/19/2023 6:00,46
10/19/2023 7:00,48
10/19/2023 8:00,46
10/19/2023 9:00,40
10/19/2023 10:00,34
10/19/2023 11:00,34
10/19/2023 12:00,30
10/19/2023 13:00,27
10/19/2023 14:00,22
10/19/2023 15:00,22
10/19/2023 16:00,23
10/19/2023 17:00,24
10/19/2023 18:00,28
10/19/2023 19:00,33
10/19/2023 20:00,35
10/19/2023 21:00,41
10/19/2023 22:00,40
10/19/2023 23:00,42
10/20/2023 0:00,41
10/20/2023 1:00,44
10/20/2023 2:00,41
10/20/2023 3:00,44
10/20/2023 4:00,40
10/20/2023 5:00,35
10/20/2023 6:00,39
10/20/2023 7:00,37
10/20/2023 8:00,42
10/20/2023 9:00,40
10/20/2023 10:00,29
10/20/2023 11:00,29
10/20/2023 12:00,27
10/20/2023 13:00,25
10/20/2023 14:00,25
10/20/2023 15:00,22
10/20/2023 16:00,24
10/20/2023 17:00,20
10/20/2023 18:00,23
10/20/2023 19:00,27
10/20/2023 20:00,29
10/20/2023 21:00,32
10/20/2023 22:00,35
10/20/2023 23:00,38
10/21/2023 0:00,39
10/21/2023 1:00,38
10/21/2023 2:00,41
10/21/2023 3:00,51
10/21/2023 4:00,52
10/21/2023 5:00,67
10/21/2023 6:00,69
10/21/2023 7:00,67
10/21/2023 8:00,67
10/21/2023 9:00,66
10/21/2023 10:00,55
10/21/2023 11:00,46
10/21/2023 12:00,42
10/21/2023 13:00,36
10/21/2023 14:00,34
10/21/2023 15:00,31
10/21/2023 16:00,34
10/21/2023 17:00,35
10/21/2023 18:00,41
10/21/2023 19:00,46
10/21/2023 20:00,51
10/21/2023 21:00,54
10/21/2023 22:00,57
10/21/2023 23:00,64
10/22/2023 0:00,67
10/22/2023 1:00,69
10/22/2023 2:00,70
10/22/2023 3:00,76
10/22/2023 4:00,75
10/22/2023 5:00,76
10/22/2023 6:00,78
10/22/2023 7:00,74
10/22/2023 8:00,74
10/22/2023 9:00,71
10/22/2023 10:00,58
10/22/2023 11:00,52
10/22/2023 12:00,46
10/22/2023 13:00,48
10/22/2023 14:00,49
10/22/2023 15:00,44
10/22/2023 16:00,37
10/22/2023 17:00,38
10/22/2023 18:00,59
10/22/2023 19:00,64
10/22/2023 20:00,62
10/22/2023 21:00,68
10/22/2023 22:00,69
10/22/2023 23:00,77
10/23/2023 0:00,80
10/23/2023 1:00,84
10/23/2023 2:00,86
10/23/2023 3:00,88
10/23/2023 4:00,88
10/23/2023 5:00,90
10/23/2023 6:00,89
10/23/2023 7:00,89
10/23/2023 8:00,89
10/23/2023 9:00,87
10/23/2023 10:00,83
10/23/2023 11:00,81
10/23/2023 12:00,77
10/23/2023 13:00,73
10/23/2023 14:00,67
10/23/2023 15:00,64
10/23/2023 16:00,64
10/23/2023 17:00,64
10/23/2023 18:00,62
10/23/2023 19:00,65
10/23/2023 20:00,68
10/23/2023 21:00,68
10/23/2023 22:00,68
10/23/2023 23:00,68
10/24/2023 0:00,76
10/24/2023 1:00,73
10/24/2023 2:00,78
10/24/2023 3:00,80
10/24/2023 4:00,77
10/24/2023 5:00,78
10/24/2023 6:00,77
10/24/2023 7:00,80
10/24/2023 8:00,78
10/24/2023 9:00,73
10/24/2023 10:00,65
10/24/2023 11:00,57
10/24/2023 12:00,53
10/24/2023 13:00,45
10/24/2023 14:00,42
10/24/2023 15:00,38
10/24/2023 16:00,38
10/24/2023 17:00,39
10/24/2023 18:00,44
10/24/2023 19:00,50
10/24/2023 20:00,52
10/24/2023 21:00,59
10/24/2023 22:00,58
10/24/2023 23:00,61
10/25/2023 0:00,63
10/25/2023 1:00,62
10/25/2023 2:00,63
10/25/2023 3:00,63
10/25/2023 4:00,65
10/25/2023 5:00,65
10/25/2023 6:00,65
10/25/2023 7:00,65
10/25/2023 8:00,64
10/25/2023 9:00,55
10/25/2023 10:00,48
10/25/2023 11:00,45
10/25/2023 12:00,43
10/25/2023 13:00,44
10/25/2023 14:00,41
10/25/2023 15:00,39
10/25/2023 16:00,38
10/25/2023 17:00,34
10/25/2023 18:00,31
10/25/2023 19:00,37
10/25/2023 20:00,38
10/25/2023 21:00,52
10/25/2023 22:00,55
10/25/2023 23:00,63
10/26/2023 0:00,68
10/26/2023 1:00,72
10/26/2023 2:00,73
10/26/2023 3:00,76
10/26/2023 4:00,76
10/26/2023 5:00,77
10/26/2023 6:00,81
10/26/2023 7:00,81
10/26/2023 8:00,77
10/26/2023 9:00,70
10/26/2023 10:00,59
10/26/2023 11:00,52
10/26/2023 12:00,55
10/26/2023 13:00,35
10/26/2023 14:00,31
10/26/2023 15:00,28
10/26/2023 16:00,26
10/26/2023 17:00,28
10/26/2023 18:00,34
10/26/2023 19:00,38
10/26/2023 20:00,47
10/26/2023 21:00,50
10/26/2023 22:00,55
10/26/2023 23:00,53
10/27/2023 0:00,54
10/27/2023 1:00,57
10/27/2023 2:00,58
10/27/2023 3:00,62
10/27/2023 4:00,62
10/27/2023 5:00,61
10/27/2023 6:00,64
10/27/2023 7:00,67
10/27/2023 8:00,66
10/27/2023 9:00,63
10/27/2023 10:00,54
10/27/2023 11:00,46
10/27/2023 12:00,42
10/27/2023 13:00,36
10/27/2023 14:00,32
10/27/2023 15:00,27
10/27/2023 16:00,25
10/27/2023 17:00,29
10/27/2023 18:00,24
10/27/2023 19:00,29
10/27/2023 20:00,34
10/27/2023 21:00,44
10/27/2023 22:00,39
10/27/2023 23:00,39
10/28/2023 0:00,43
10/28/2023 1:00,47
10/28/2023 2:00,48
10/28/2023 3:00,54
10/28/2023 4:00,55
10/28/2023 5:00,57
10/28/2023 6:00,57
10/28/2023 7:00,60
10/28/2023 8:00,64
10/28/2023 9:00,57
10/28/2023 10:00,43
10/28/2023 11:00,38
10/28/2023 12:00,31
10/28/2023 13:00,30
10/28/2023 14:00,28
10/28/2023 15:00,25
10/28/2023 16:00,25
10/28/2023 17:00,28
10/28/2023 18:00,32
10/28/2023 19:00,36
10/28/2023 20:00,40
10/28/2023 21:00,40
10/28/2023 22:00,47
10/28/2023 23:00,47
10/29/2023 0:00,52
10/29/2023 1:00,52
10/29/2023 2:00,58
10/29/2023 3:00,54
10/29/2023 4:00,53
10/29/2023 5:00,55
10/29/2023 6:00,55
10/29/2023 7:00,57
10/29/2023 8:00,53
10/29/2023 9:00,51
10/29/2023 10:00,42
10/29/2023 11:00,32
10/29/2023 12:00,31
10/29/2023 13:00,27
10/29/2023 14:00,28
10/29/2023 15:00,23
10/29/2023 16:00,23
10/29/2023 17:00,22
10/29/2023 18:00,27
10/29/2023 19:00,28
10/29/2023 20:00,35
10/29/2023 21:00,36
10/29/2023 22:00,38
10/29/2023 23:00,42
10/30/2023 0:00,43
10/30/2023 1:00,45
10/30/2023 2:00,47
10/30/2023 3:00,45
10/30/2023 4:00,44
10/30/2023 5:00,44
10/30/2023 6:00,44
10/30/2023 7:00,44
10/30/2023 8:00,44
10/30/2023 9:00,36
10/30/2023 10:00,29
10/30/2023 11:00,25
10/30/2023 12:00,23
10/30/2023 13:00,21
10/30/2023 14:00,18
10/30/2023 15:00,17
10/30/2023 16:00,15
10/30/2023 17:00,16
10/30/2023 18:00,19
10/30/2023 19:00,22
10/30/2023 20:00,33
10/30/2023 21:00,28
10/30/2023 22:00,31
10/30/2023 23:00,32
10/31/2023 0:00,35
10/31/2023 1:00,36
10/31/2023 2:00,36
10/31/2023 3:00,38
10/31/2023 4:00,39
10/31/2023 5:00,37
10/31/2023 6:00,39
10/31/2023 7:00,38
10/31/2023 8:00,36
10/31/2023 9:00,34
10/31/2023 10:00,30
10/31/2023 11:00,22
10/31/2023 12:00,20
10/31/2023 13:00,18
10/31/2023 14:00,17
10/31/2023 15:00,14
10/31/2023 16:00,15
10/31/2023 17:00,14
10/31/2023 18:00,18
10/31/2023 19:00,22
10/31/2023 20:00,32
10/31/2023 21:00,25
10/31/2023 22:00,28
10/31/2023 23:00,29
11/1/2023 0:00,30
11/1/2023 1:00,31
11/1/2023 2:00,33
11/1/2023 3:00,32
11/1/2023 4:00,33
11/1/2023 5:00,35
11/1/2023 6:00,37
11/1/2023 7:00,34
11/1/2023 8:00,36
11/1/2023 9:00,30
11/1/2023 10:00,29
11/1/2023 11:00,20
11/1/2023 12:00,20
11/1/2023 13:00,19
11/1/2023 14:00,18
11/1/2023 15:00,17
11/1/2023 16:00,16
11/1/2023 17:00,18
11/1/2023 18:00,20
11/1/2023 19:00,24
11/1/2023 20:00,25
11/1/2023 21:00,26
11/1/2023 22:00,31
11/1/2023 23:00,31
11/2/2023 0:00,32
11/2/2023 1:00,34
11/2/2023 2:00,34
11/2/2023 3:00,34
11/2/2023 4:00,33
11/2/2023 5:00,32
11/2/2023 6:00,34
11/2/2023 7:00,34
11/2/2023 8:00,33
11/2/2023 9:00,34
11/2/2023 10:00,27
11/2/2023 11:00,27
11/2/2023 12:00,20
11/2/2023 13:00,18
11/2/2023 14:00,17
11/2/2023 15:00,18
11/2/2023 16:00,17
11/2/2023 17:00,18
11/2/2023 18:00,22
11/2/2023 19:00,26
11/2/2023 20:00,23
11/2/2023 21:00,29
11/2/2023 22:00,30
11/2/2023 23:00,32
11/3/2023 0:00,34
11/3/2023 1:00,31
11/3/2023 2:00,35
11/3/2023 3:00,36
11/3/2023 4:00,38
11/3/2023 5:00,35
11/3/2023 6:00,39
11/3/2023 7:00,42
11/3/2023 8:00,40
11/3/2023 9:00,38
11/3/2023 10:00,25
11/3/2023 11:00,24
11/3/2023 12:00,25
11/3/2023 13:00,24
11/3/2023 14:00,22
11/3/2023 15:00,21
11/3/2023 16:00,22
11/3/2023 17:00,23
11/3/2023 18:00,26
11/3/2023 19:00,28
11/3/2023 20:00,33
11/3/2023 21:00,38
11/3/2023 22:00,37
11/3/2023 23:00,38
11/4/2023 0:00,40
11/4/2023 1:00,40
11/4/2023 2:00,40
11/4/2023 3:00,40
11/4/2023 4:00,41
11/4/2023 5:00,47
11/4/2023 6:00,44
11/4/2023 7:00,46
11/4/2023 8:00,46
11/4/2023 9:00,42
11/4/2023 10:00,38
11/4/2023 11:00,30
11/4/2023 12:00,25
11/4/2023 13:00,25
11/4/2023 14:00,23
11/4/2023 15:00,22
11/4/2023 16:00,20
11/4/2023 17:00,23
11/4/2023 18:00,27
11/4/2023 19:00,30
11/4/2023 20:00,34
11/4/2023 21:00,34
11/4/2023 22:00,36
11/4/2023 23:00,37
11/5/2023 0:00,38
11/5/2023 1:00,42
11/5/2023 2:00,43
11/5/2023 3:00,41
11/5/2023 4:00,41
11/5/2023 5:00,42
11/5/2023 6:00,42
11/5/2023 7:00,44
11/5/2023 8:00,41
11/5/2023 9:00,40
11/5/2023 10:00,33
11/5/2023 11:00,27
11/5/2023 12:00,26
11/5/2023 13:00,25
11/5/2023 14:00,24
11/5/2023 15:00,25
11/5/2023 16:00,28
11/5/2023 17:00,33
11/5/2023 18:00,35
11/5/2023 19:00,37
11/5/2023 20:00,49
11/5/2023 21:00,46
11/5/2023 22:00,44
11/5/2023 23:00,45
11/6/2023 0:00,46
11/6/2023 1:00,47
11/6/2023 2:00,44
11/6/2023 3:00,43
11/6/2023 4:00,44
11/6/2023 5:00,43
11/6/2023 6:00,50
11/6/2023 7:00,66
11/6/2023 8:00,77
11/6/2023 9:00,73
11/6/2023 10:00,65
11/6/2023 11:00,55
11/6/2023 12:00,43
11/6/2023 13:00,40
11/6/2023 14:00,34
11/6/2023 15:00,37
11/6/2023 16:00,45
11/6/2023 17:00,49
11/6/2023 18:00,51
11/6/2023 19:00,52
11/6/2023 20:00,65
11/6/2023 21:00,83
11/6/2023 22:00,86
11/6/2023 23:00,87
11/7/2023 0:00,87
11/7/2023 1:00,86
11/7/2023 2:00,86
11/7/2023 3:00,83
11/7/2023 4:00,82
11/7/2023 5:00,77
11/7/2023 6:00,74
11/7/2023 7:00,77
11/7/2023 8:00,82
11/7/2023 9:00,80
11/7/2023 10:00,69
11/7/2023 11:00,62
11/7/2023 12:00,56
11/7/2023 13:00,50
11/7/2023 14:00,45
11/7/2023 15:00,44
11/7/2023 16:00,44
11/7/2023 17:00,49
11/7/2023 18:00,54
11/7/2023 19:00,59
11/7/2023 20:00,58
11/7/2023 21:00,67
11/7/2023 22:00,70
11/7/2023 23:00,67
11/8/2023 0:00,75
11/8/2023 1:00,77
11/8/2023 2:00,79
11/8/2023 3:00,79
11/8/2023 4:00,76
11/8/2023 5:00,74
11/8/2023 6:00,77
11/8/2023 7:00,76
11/8/2023 8:00,73
11/8/2023 9:00,61
11/8/2023 10:00,59
11/8/2023 11:00,48
11/8/2023 12:00,46
11/8/2023 13:00,45
11/8/2023 14:00,40
11/8/2023 15:00,37
11/8/2023 16:00,40
11/8/2023 17:00,45
11/8/2023 18:00,48
11/8/2023 19:00,51
11/8/2023 20:00,59
11/8/2023 21:00,58
11/8/2023 22:00,62
11/8/2023 23:00,67
11/9/2023 0:00,70
11/9/2023 1:00,70
11/9/2023 2:00,70
11/9/2023 3:00,70
11/9/2023 4:00,73
11/9/2023 5:00,71
11/9/2023 6:00,70
11/9/2023 7:00,68
11/9/2023 8:00,62
11/9/2023 9:00,54
11/9/2023 10:00,43
11/9/2023 11:00,44
11/9/2023 12:00,40
11/9/2023 13:00,35
11/9/2023 14:00,34
11/9/2023 15:00,37
11/9/2023 16:00,38
11/9/2023 17:00,41
11/9/2023 18:00,43
11/9/2023 19:00,51
11/9/2023 20:00,58
11/9/2023 21:00,55
11/9/2023 22:00,54
11/9/2023 23:00,60
11/10/2023 0:00,60
11/10/2023 1:00,60
11/10/2023 2:00,63
11/10/2023 3:00,62
11/10/2023 4:00,65
11/10/2023 5:00,63
11/10/2023 6:00,61
11/10/2023 7:00,61
11/10/2023 8:00,57
11/10/2023 9:00,48
11/10/2023 10:00,41
11/10/2023 11:00,38
11/10/2023 12:00,32
11/10/2023 13:00,34
11/10/2023 14:00,31
11/10/2023 15:00,29
11/10/2023 16:00,29
11/10/2023 17:00,35
11/10/2023 18:00,36
11/10/2023 19:00,43
11/10/2023 20:00,46
11/10/2023 21:00,46
11/10/2023 22:00,50
11/10/2023 23:00,52
11/11/2023 0:00,53
11/11/2023 1:00,57
11/11/2023 2:00,56
11/11/2023 3:00,58
11/11/2023 4:00,59
11/11/2023 5:00,59
11/11/2023 6:00,62
11/11/2023 7:00,61
11/11/2023 8:00,59
11/11/2023 9:00,48
11/11/2023 10:00,41
11/11/2023 11:00,37
11/11/2023 12:00,35
11/11/2023 13:00,33
11/11/2023 14:00,31
11/11/2023 15:00,30
11/11/2023 16:00,30
11/11/2023 17:00,35
11/11/2023 18:00,38
11/11/2023 19:00,48
11/11/2023 20:00,46
11/11/2023 21:00,49
11/11/2023 22:00,52
11/11/2023 23:00,54
11/12/2023 0:00,55
11/12/2023 1:00,57
11/12/2023 2:00,58
11/12/2023 3:00,58
11/12/2023 4:00,61
11/12/2023 5:00,60
11/12/2023 6:00,60
11/12/2023 7:00,60
11/12/2023 8:00,60
11/12/2023 9:00,44
11/12/2023 10:00,38
11/12/2023 11:00,39
11/12/2023 12:00,33
11/12/2023 13:00,22
11/12/2023 14:00,19
11/12/2023 15:00,17
11/12/2023 16:00,16
11/12/2023 17:00,21
11/12/2023 18:00,23
11/12/2023 19:00,25
11/12/2023 20:00,25
11/12/2023 21:00,29
11/12/2023 22:00,25
11/12/2023 23:00,24
11/13/2023 0:00,24
11/13/2023 1:00,23
11/13/2023 2:00,24
11/13/2023 3:00,24
11/13/2023 4:00,23
11/13/2023 5:00,23
11/13/2023 6:00,30
11/13/2023 7:00,33
11/13/2023 8:00,24
11/13/2023 9:00,28
11/13/2023 10:00,19
11/13/2023 11:00,14
11/13/2023 12:00,13
11/13/2023 13:00,12
11/13/2023 14:00,13
11/13/2023 15:00,14
11/13/2023 16:00,13
11/13/2023 17:00,14
11/13/2023 18:00,25
11/13/2023 19:00,27
11/13/2023 20:00,25
11/13/2023 21:00,29
11/13/2023 22:00,33
11/13/2023 23:00,29
11/14/2023 0:00,32
11/14/2023 1:00,32
11/14/2023 2:00,30
11/14/2023 3:00,32
11/14/2023 4:00,34
11/14/2023 5:00,35
11/14/2023 6:00,34
11/14/2023 7:00,37
11/14/2023 8:00,31
11/14/2023 9:00,22
11/14/2023 10:00,20
11/14/2023 11:00,20
11/14/2023 12:00,16
11/14/2023 13:00,18
11/14/2023 14:00,14
11/14/2023 15:00,12
11/14/2023 16:00,14
11/14/2023 17:00,15
11/14/2023 18:00,17
11/14/2023 19:00,17
11/14/2023 20:00,22
11/14/2023 21:00,22
11/14/2023 22:00,25
11/14/2023 23:00,26
11/15/2023 0:00,28
11/15/2023 1:00,25
11/15/2023 2:00,22
11/15/2023 3:00,23
11/15/2023 4:00,33
11/15/2023 5:00,28
11/15/2023 6:00,22
11/15/2023 7:00,40
11/15/2023 8:00,42
11/15/2023 9:00,27
11/15/2023 10:00,24
11/15/2023 11:00,25
11/15/2023 12:00,17
11/15/2023 13:00,22
11/15/2023 14:00,31
11/15/2023 15:00,29
11/15/2023 16:00,36
11/15/2023 17:00,48
11/15/2023 18:00,41
11/15/2023 19:00,62
11/15/2023 20:00,61
11/15/2023 21:00,60
11/15/2023 22:00,56
11/15/2023 23:00,62
11/16/2023 0:00,55
11/16/2023 1:00,64
11/16/2023 2:00,62
11/16/2023 3:00,64
11/16/2023 4:00,65
11/16/2023 5:00,72
11/16/2023 6:00,72
11/16/2023 7:00,72
11/16/2023 8:00,65
11/16/2023 9:00,56
11/16/2023 10:00,62
11/16/2023 11:00,44
11/16/2023 12:00,42
11/16/2023 13:00,41
11/16/2023 14:00,41
11/16/2023 15:00,35
11/16/2023 16:00,38
11/16/2023 17:00,48
11/16/2023 18:00,47
11/16/2023 19:00,52
11/16/2023 20:00,61
11/16/2023 21:00,60
11/16/2023 22:00,62
11/16/2023 23:00,66
11/17/2023 0:00,65
11/17/2023 1:00,63
11/17/2023 2:00,64
11/17/2023 3:00,62
11/17/2023 4:00,63
11/17/2023 5:00,63
11/17/2023 6:00,65
11/17/2023 7:00,63
11/17/2023 8:00,54
11/17/2023 9:00,51
11/17/2023 10:00,41
11/17/2023 11:00,36
11/17/2023 12:00,35
11/17/2023 13:00,32
11/17/2023 14:00,34
11/17/2023 15:00,34
11/17/2023 16:00,37
11/17/2023 17:00,36
11/17/2023 18:00,35
11/17/2023 19:00,33
11/17/2023 20:00,52
11/17/2023 21:00,57
11/17/2023 22:00,60
11/17/2023 23:00,45
11/18/2023 0:00,44
11/18/2023 1:00,55
11/18/2023 2:00,44
11/18/2023 3:00,54
11/18/2023 4:00,51
11/18/2023 5:00,54
11/18/2023 6:00,53
11/18/2023 7:00,52
11/18/2023 8:00,47
11/18/2023 9:00,46
11/18/2023 10:00,48
11/18/2023 11:00,68
11/18/2023 12:00,62
11/18/2023 13:00,70
11/18/2023 14:00,68
11/18/2023 15:00,66
11/18/2023 16:00,58
11/18/2023 17:00,67
11/18/2023 18:00,72
11/18/2023 19:00,77
11/18/2023 20:00,78
11/18/2023 21:00,79
11/18/2023 22:00,80
11/18/2023 23:00,81
11/19/2023 0:00,83
11/19/2023 1:00,85
11/19/2023 2:00,78
11/19/2023 3:00,77
11/19/2023 4:00,82
11/19/2023 5:00,85
11/19/2023 6:00,81
11/19/2023 7:00,82
11/19/2023 8:00,77
11/19/2023 9:00,80
11/19/2023 10:00,69
11/19/2023 11:00,62
11/19/2023 12:00,54
11/19/2023 13:00,53
11/19/2023 14:00,46
11/19/2023 15:00,42
11/19/2023 16:00,42
11/19/2023 17:00,47
11/19/2023 18:00,49
11/19/2023 19:00,53
11/19/2023 20:00,58
11/19/2023 21:00,63
11/19/2023 22:00,63
11/19/2023 23:00,66
11/20/2023 0:00,69
11/20/2023 1:00,70
11/20/2023 2:00,66
11/20/2023 3:00,69
11/20/2023 4:00,69
11/20/2023 5:00,79
11/20/2023 6:00,78
11/20/2023 7:00,79
11/20/2023 8:00,76
11/20/2023 9:00,69
11/20/2023 10:00,54
11/20/2023 11:00,48
11/20/2023 12:00,44
11/20/2023 13:00,36
11/20/2023 14:00,32
11/20/2023 15:00,32
11/20/2023 16:00,33
11/20/2023 17:00,40
11/20/2023 18:00,43
11/20/2023 19:00,54
11/20/2023 20:00,51
11/20/2023 21:00,58
11/20/2023 22:00,55
11/20/2023 23:00,60
11/21/2023 0:00,62
11/21/2023 1:00,64
11/21/2023 2:00,64
11/21/2023 3:00,61
11/21/2023 4:00,60
11/21/2023 5:00,57
11/21/2023 6:00,55
11/21/2023 7:00,52
11/21/2023 8:00,53
11/21/2023 9:00,45
11/21/2023 10:00,36
11/21/2023 11:00,30
11/21/2023 12:00,25
11/21/2023 13:00,19
11/21/2023 14:00,17
11/21/2023 15:00,17
11/21/2023 16:00,21
11/21/2023 17:00,24
11/21/2023 18:00,28
11/21/2023 19:00,36
11/21/2023 20:00,36
11/21/2023 21:00,37
11/21/2023 22:00,40
11/21/2023 23:00,43
11/22/2023 0:00,42
11/22/2023 1:00,46
11/22/2023 2:00,47
11/22/2023 3:00,47
11/22/2023 4:00,
11/22/2023 5:00,
11/22/2023 6:00,
11/22/2023 7:00,
11/22/2023 8:00,
11/22/2023 9:00,
11/22/2023 10:00,
11/22/2023 11:00,34
11/22/2023 12:00,32
11/22/2023 13:00,31
11/22/2023 14:00,28
11/22/2023 15:00,27
11/22/2023 16:00,29
11/22/2023 17:00,32
11/22/2023 18:00,40
11/22/2023 19:00,43
11/22/2023 20:00,52
11/22/2023 21:00,47
11/22/2023 22:00,55
11/22/2023 23:00,48
11/23/2023 0:00,50
11/23/2023 1:00,50
11/23/2023 2:00,51
11/23/2023 3:00,55
11/23/2023 4:00,52
11/23/2023 5:00,49
11/23/2023 6:00,56
11/23/2023 7:00,64
11/23/2023 8:00,61
11/23/2023 9:00,48
11/23/2023 10:00,38
11/23/2023 11:00,38
11/23/2023 12:00,36
11/23/2023 13:00,32
11/23/2023 14:00,30
11/23/2023 15:00,28
11/23/2023 16:00,34
11/23/2023 17:00,37
11/23/2023 18:00,41
11/23/2023 19:00,54
11/23/2023 20:00,56
11/23/2023 21:00,52
11/23/2023 22:00,56
11/23/2023 23:00,60
11/24/2023 0:00,66
11/24/2023 1:00,63
11/24/2023 2:00,62
11/24/2023 3:00,67
11/24/2023 4:00,67
11/24/2023 5:00,69
11/24/2023 6:00,71
11/24/2023 7:00,73
11/24/2023 8:00,74
11/24/2023 9:00,67
11/24/2023 10:00,60
11/24/2023 11:00,50
11/24/2023 12:00,49
11/24/2023 13:00,44
11/24/2023 14:00,39
11/24/2023 15:00,39
11/24/2023 16:00,40
11/24/2023 17:00,44
11/24/2023 18:00,46
11/24/2023 19:00,50
11/24/2023 20:00,56
11/24/2023 21:00,59
11/24/2023 22:00,62
11/24/2023 23:00,66
11/25/2023 0:00,68
11/25/2023 1:00,68
11/25/2023 2:00,70
11/25/2023 3:00,72
11/25/2023 4:00,72
11/25/2023 5:00,72
11/25/2023 6:00,72
11/25/2023 7:00,75
11/25/2023 8:00,67
11/25/2023 9:00,52
11/25/2023 10:00,49
11/25/2023 11:00,43
11/25/2023 12:00,40
11/25/2023 13:00,36
11/25/2023 14:00,36
11/25/2023 15:00,35
11/25/2023 16:00,36
11/25/2023 17:00,39
11/25/2023 18:00,47
11/25/2023 19:00,52
11/25/2023 20:00,53
11/25/2023 21:00,57
11/25/2023 22:00,57
11/25/2023 23:00,54
11/26/2023 0:00,52
11/26/2023 1:00,62
11/26/2023 2:00,62
11/26/2023 3:00,64
11/26/2023 4:00,64
11/26/2023 5:00,63
11/26/2023 6:00,61
11/26/2023 7:00,64
11/26/2023 8:00,58
11/26/2023 9:00,49
11/26/2023 10:00,40
11/26/2023 11:00,32
11/26/2023 12:00,33
11/26/2023 13:00,28
11/26/2023 14:00,29
11/26/2023 15:00,32
11/26/2023 16:00,33
11/26/2023 17:00,35
11/26/2023 18:00,39
11/26/2023 19:00,44
11/26/2023 20:00,46
11/26/2023 21:00,49
11/26/2023 22:00,50
11/26/2023 23:00,52
11/27/2023 0:00,53
11/27/2023 1:00,55
11/27/2023 2:00,54
11/27/2023 3:00,52
11/27/2023 4:00,55
11/27/2023 5:00,55
11/27/2023 6:00,53
11/27/2023 7:00,53
11/27/2023 8:00,50
11/27/2023 9:00,39
11/27/2023 10:00,33
11/27/2023 11:00,28
11/27/2023 12:00,26
11/27/2023 13:00,25
11/27/2023 14:00,24
11/27/2023 15:00,22
11/27/2023 16:00,24
11/27/2023 17:00,28
11/27/2023 18:00,37
11/27/2023 19:00,35
11/27/2023 20:00,40
11/27/2023 21:00,42
11/27/2023 22:00,43
11/27/2023 23:00,45
11/28/2023 0:00,47
11/28/2023 1:00,46
11/28/2023 2:00,47
11/28/2023 3:00,46
11/28/2023 4:00,43
11/28/2023 5:00,43
11/28/2023 6:00,39
11/28/2023 7:00,40
11/28/2023 8:00,38
11/28/2023 9:00,33
11/28/2023 10:00,28
11/28/2023 11:00,22
11/28/2023 12:00,23
11/28/2023 13:00,17
11/28/2023 14:00,16
11/28/2023 15:00,15
11/28/2023 16:00,17
11/28/2023 17:00,19
11/28/2023 18:00,23
11/28/2023 19:00,27
11/28/2023 20:00,30
11/28/2023 21:00,35
11/28/2023 22:00,34
11/28/2023 23:00,38
11/29/2023 0:00,37
11/29/2023 1:00,40
11/29/2023 2:00,42
11/29/2023 3:00,43
11/29/2023 4:00,43
11/29/2023 5:00,42
11/29/2023 6:00,40
11/29/2023 7:00,48
11/29/2023 8:00,38
11/29/2023 9:00,43
11/29/2023 10:00,27
11/29/2023 11:00,30
11/29/2023 12:00,31
11/29/2023 13:00,34
11/29/2023 14:00,33
11/29/2023 15:00,33
11/29/2023 16:00,36
11/29/2023 17:00,40
11/29/2023 18:00,38
11/29/2023 19:00,39
11/29/2023 20:00,47
11/29/2023 21:00,51
11/29/2023 22:00,54
11/29/2023 23:00,58
11/30/2023 0:00,60
11/30/2023 1:00,60
11/30/2023 2:00,62
11/30/2023 3:00,57
11/30/2023 4:00,58
11/30/2023 5:00,61
11/30/2023 6:00,62
11/30/2023 7:00,63
11/30/2023 8:00,62
11/30/2023 9:00,57
11/30/2023 10:00,48
11/30/2023 11:00,40
11/30/2023 12:00,39
11/30/2023 13:00,35
11/30/2023 14:00,36
11/30/2023 15:00,45
11/30/2023 16:00,43
11/30/2023 17:00,48
11/30/2023 18:00,52
11/30/2023 19:00,53
11/30/2023 20:00,52
11/30/2023 21:00,55
11/30/2023 22:00,59
11/30/2023 23:00,68
12/1/2023 0:00,72
12/1/2023 1:00,70
12/1/2023 2:00,80
12/1/2023 3:00,82
12/1/2023 4:00,82
12/1/2023 5:00,85
12/1/2023 6:00,85
12/1/2023 7:00,86
12/1/2023 8:00,88
12/1/2023 9:00,78
12/1/2023 10:00,70
12/1/2023 11:00,62
12/1/2023 12:00,55
12/1/2023 13:00,54
12/1/2023 14:00,44
12/1/2023 15:00,42
12/1/2023 16:00,43
12/1/2023 17:00,49
12/1/2023 18:00,52
12/1/2023 19:00,52
12/1/2023 20:00,55
12/1/2023 21:00,58
12/1/2023 22:00,67
12/1/2023 23:00,63
12/2/2023 0:00,65
12/2/2023 1:00,68
12/2/2023 2:00,72
12/2/2023 3:00,74
12/2/2023 4:00,73
12/2/2023 5:00,72
12/2/2023 6:00,72
12/2/2023 7:00,76
12/2/2023 8:00,72
12/2/2023 9:00,67
12/2/2023 10:00,55
12/2/2023 11:00,50
12/2/2023 12:00,44
12/2/2023 13:00,41
12/2/2023 14:00,40
12/2/2023 15:00,39
12/2/2023 16:00,42
12/2/2023 17:00,46
12/2/2023 18:00,60
12/2/2023 19:00,53
12/2/2023 20:00,57
12/2/2023 21:00,59
12/2/2023 22:00,63
12/2/2023 23:00,60
12/3/2023 0:00,63
12/3/2023 1:00,61
12/3/2023 2:00,69
12/3/2023 3:00,67
12/3/2023 4:00,71
12/3/2023 5:00,73
12/3/2023 6:00,75
12/3/2023 7:00,75
12/3/2023 8:00,75
12/3/2023 9:00,65
12/3/2023 10:00,55
12/3/2023 11:00,52
12/3/2023 12:00,55
12/3/2023 13:00,51
12/3/2023 14:00,52
12/3/2023 15:00,51
12/3/2023 16:00,54
12/3/2023 17:00,57
12/3/2023 18:00,58
12/3/2023 19:00,68
12/3/2023 20:00,61
12/3/2023 21:00,65
12/3/2023 22:00,66
12/3/2023 23:00,68
12/4/2023 0:00,70
12/4/2023 1:00,70
12/4/2023 2:00,71
12/4/2023 3:00,70
12/4/2023 4:00,70
12/4/2023 5:00,70
12/4/2023 6:00,70
12/4/2023 7:00,68
12/4/2023 8:00,69
12/4/2023 9:00,59
12/4/2023 10:00,56
12/4/2023 11:00,48
12/4/2023 12:00,41
12/4/2023 13:00,41
12/4/2023 14:00,41
12/4/2023 15:00,42
12/4/2023 16:00,46
12/4/2023 17:00,51
12/4/2023 18:00,55
12/4/2023 19:00,66
12/4/2023 20:00,60
12/4/2023 21:00,65
12/4/2023 22:00,68
12/4/2023 23:00,68
12/5/2023 0:00,69
12/5/2023 1:00,69
12/5/2023 2:00,72
12/5/2023 3:00,73
12/5/2023 4:00,72
12/5/2023 5:00,72
12/5/2023 6:00,73
12/5/2023 7:00,75
12/5/2023 8:00,71
12/5/2023 9:00,63
12/5/2023 10:00,57
12/5/2023 11:00,46
12/5/2023 12:00,45
12/5/2023 13:00,40
12/5/2023 14:00,
12/5/2023 15:00,37
12/5/2023 16:00,
12/5/2023 17:00,47
12/5/2023 18:00,51
12/5/2023 19:00,54
12/5/2023 20:00,55
12/5/2023 21:00,57
12/5/2023 22:00,
12/5/2023 23:00,63
12/6/2023 0:00,59
12/6/2023 1:00,62
12/6/2023 2:00,60
12/6/2023 3:00,57
12/6/2023 4:00,42
12/6/2023 5:00,50
12/6/2023 6:00,48
12/6/2023 7:00,66
12/6/2023 8:00,62
12/6/2023 9:00,47
12/6/2023 10:00,39
12/6/2023 11:00,
12/6/2023 12:00,27
12/6/2023 13:00,
12/6/2023 14:00,21
12/6/2023 15:00,44
12/6/2023 16:00,44
12/6/2023 17:00,41
12/6/2023 18:00,
12/6/2023 19:00,50
12/6/2023 20:00,60
12/6/2023 21:00,65
12/6/2023 22:00,
12/6/2023 23:00,
12/7/2023 0:00,
12/7/2023 1:00,
12/7/2023 2:00,
12/7/2023 3:00,
12/7/2023 4:00,
12/7/2023 5:00,
12/7/2023 6:00,76
12/7/2023 7:00,79
12/7/2023 8:00,73
12/7/2023 9:00,74
12/7/2023 10:00,54
12/7/2023 11:00,
12/7/2023 12:00,
12/7/2023 13:00,
12/7/2023 14:00,
12/7/2023 15:00,
12/7/2023 16:00,30
12/7/2023 17:00,39
12/7/2023 18:00,47
12/7/2023 19:00,50
12/7/2023 20:00,53
12/7/2023 21:00,
12/7/2023 22:00,53
12/7/2023 23:00,57
12/8/2023 0:00,61
12/8/2023 1:00,67
12/8/2023 2:00,70
12/8/2023 3:00,68
12/8/2023 4:00,68
12/8/2023 5:00,74
12/8/2023 6:00,81
12/8/2023 7:00,
12/8/2023 8:00,74
12/8/2023 9:00,86
12/8/2023 10:00,87
12/8/2023 11:00,82
12/8/2023 12:00,
12/8/2023 13:00,
12/8/2023 14:00,
12/8/2023 15:00,58
12/8/2023 16:00,60
12/8/2023 17:00,67
12/8/2023 18:00,68
12/8/2023 19:00,71
12/8/2023 20:00,73
12/8/2023 21:00,77
12/8/2023 22:00,77
12/8/2023 23:00,80
12/9/2023 0:00,80
12/9/2023 1:00,81
12/9/2023 2:00,
12/9/2023 3:00,
12/9/2023 4:00,
12/9/2023 5:00,
12/9/2023 6:00,
12/9/2023 7:00,
12/9/2023 8:00,
12/9/2023 9:00,
12/9/2023 10:00,
12/9/2023 11:00,
12/9/2023 12:00,53
12/9/2023 13:00,49
12/9/2023 14:00,45
12/9/2023 15:00,44
12/9/2023 16:00,46
12/9/2023 17:00,51
12/9/2023 18:00,57
12/9/2023 19:00,57
12/9/2023 20:00,60
12/9/2023 21:00,64
12/9/2023 22:00,66
12/9/2023 23:00,67
12/10/2023 0:00,63
12/10/2023 1:00,66
12/10/2023 2:00,69
12/10/2023 3:00,72
12/10/2023 4:00,71
12/10/2023 5:00,72
12/10/2023 6:00,69
12/10/2023 7:00,69
12/10/2023 8:00,68
12/10/2023 9:00,62
12/10/2023 10:00,50
12/10/2023 11:00,44
12/10/2023 12:00,37
12/10/2023 13:00,33
12/10/2023 14:00,32
12/10/2023 15:00,32
12/10/2023 16:00,35
12/10/2023 17:00,40
12/10/2023 18:00,46
12/10/2023 19:00,49
12/10/2023 20:00,63
12/10/2023 21:00,52
12/10/2023 22:00,56
12/10/2023 23:00,55
12/11/2023 0:00,59
12/11/2023 1:00,60
12/11/2023 2:00,59
12/11/2023 3:00,62
12/11/2023 4:00,63
12/11/2023 5:00,65
12/11/2023 6:00,68
12/11/2023 7:00,68
12/11/2023 8:00,68
12/11/2023 9:00,61
12/11/2023 10:00,55
12/11/2023 11:00,45
12/11/2023 12:00,42
12/11/2023 13:00,37
12/11/2023 14:00,34
12/11/2023 15:00,32
12/11/2023 16:00,34
12/11/2023 17:00,42
12/11/2023 18:00,51
12/11/2023 19:00,53
12/11/2023 20:00,57
12/11/2023 21:00,59
12/11/2023 22:00,60
12/11/2023 23:00,60
12/12/2023 0:00,64
12/12/2023 1:00,64
12/12/2023 2:00,66
12/12/2023 3:00,66
12/12/2023 4:00,67
12/12/2023 5:00,68
12/12/2023 6:00,71
12/12/2023 7:00,71
12/12/2023 8:00,66
12/12/2023 9:00,63
12/12/2023 10:00,49
12/12/2023 11:00,50
12/12/2023 12:00,41
12/12/2023 13:00,39
12/12/2023 14:00,38
12/12/2023 15:00,39
12/12/2023 16:00,41
12/12/2023 17:00,46
12/12/2023 18:00,57
12/12/2023 19:00,55
12/12/2023 20:00,56
12/12/2023 21:00,61
12/12/2023 22:00,64
12/12/2023 23:00,66
12/13/2023 0:00,68
12/13/2023 1:00,68
12/13/2023 2:00,69
12/13/2023 3:00,70
12/13/2023 4:00,70
12/13/2023 5:00,70
12/13/2023 6:00,70
12/13/2023 7:00,74
12/13/2023 8:00,71
12/13/2023 9:00,68
12/13/2023 10:00,57
12/13/2023 11:00,45
12/13/2023 12:00,40
12/13/2023 13:00,36
12/13/2023 14:00,38
12/13/2023 15:00,34
12/13/2023 16:00,34
12/13/2023 17:00,39
12/13/2023 18:00,46
12/13/2023 19:00,49
12/13/2023 20:00,52
12/13/2023 21:00,51
12/13/2023 22:00,54
12/13/2023 23:00,55
12/14/2023 0:00,55
12/14/2023 1:00,56
12/14/2023 2:00,57
12/14/2023 3:00,52
12/14/2023 4:00,54
12/14/2023 5:00,53
12/14/2023 6:00,50
12/14/2023 7:00,51
12/14/2023 8:00,52
12/14/2023 9:00,49
12/14/2023 10:00,38
12/14/2023 11:00,33
12/14/2023 12:00,33
12/14/2023 13:00,28
12/14/2023 14:00,26
12/14/2023 15:00,27
12/14/2023 16:00,29
12/14/2023 17:00,31
12/14/2023 18:00,34
12/14/2023 19:00,35
12/14/2023 20:00,38
12/14/2023 21:00,42
12/14/2023 22:00,40
12/14/2023 23:00,45
12/15/2023 0:00,43
12/15/2023 1:00,46
12/15/2023 2:00,45
12/15/2023 3:00,43
12/15/2023 4:00,44
12/15/2023 5:00,46
12/15/2023 6:00,46
12/15/2023 7:00,46
12/15/2023 8:00,43
12/15/2023 9:00,42
12/15/2023 10:00,39
12/15/2023 11:00,35
12/15/2023 12:00,28
12/15/2023 13:00,26
12/15/2023 14:00,21
12/15/2023 15:00,22
12/15/2023 16:00,23
12/15/2023 17:00,25
12/15/2023 18:00,36
12/15/2023 19:00,32
12/15/2023 20:00,36
12/15/2023 21:00,37
12/15/2023 22:00,38
12/15/2023 23:00,39
12/16/2023 0:00,38
12/16/2023 1:00,34
12/16/2023 2:00,39
12/16/2023 3:00,42
12/16/2023 4:00,39
12/16/2023 5:00,30
12/16/2023 6:00,35
12/16/2023 7:00,37
12/16/2023 8:00,26
12/16/2023 9:00,28
12/16/2023 10:00,25
12/16/2023 11:00,24
12/16/2023 12:00,24
12/16/2023 13:00,22
12/16/2023 14:00,20
12/16/2023 15:00,19
12/16/2023 16:00,22
12/16/2023 17:00,22
12/16/2023 18:00,30
12/16/2023 19:00,32
12/16/2023 20:00,33
12/16/2023 21:00,32
12/16/2023 22:00,38
12/16/2023 23:00,34
12/17/2023 0:00,37
12/17/2023 1:00,36
12/17/2023 2:00,36
12/17/2023 3:00,36
12/17/2023 4:00,37
12/17/2023 5:00,36
12/17/2023 6:00,29
12/17/2023 7:00,35
12/17/2023 8:00,29
12/17/2023 9:00,35
12/17/2023 10:00,38
12/17/2023 11:00,24
12/17/2023 12:00,22
12/17/2023 13:00,27
12/17/2023 14:00,27
12/17/2023 15:00,23
12/17/2023 16:00,25
12/17/2023 17:00,26
12/17/2023 18:00,32
12/17/2023 19:00,30
12/17/2023 20:00,30
12/17/2023 21:00,37
12/17/2023 22:00,38
12/17/2023 23:00,38
12/18/2023 0:00,35
12/18/2023 1:00,39
12/18/2023 2:00,30
12/18/2023 3:00,36
12/18/2023 4:00,42
12/18/2023 5:00,35
12/18/2023 6:00,39
12/18/2023 7:00,31
12/18/2023 8:00,38
12/18/2023 9:00,44
12/18/2023 10:00,51
12/18/2023 11:00,40
12/18/2023 12:00,55
12/18/2023 13:00,41
12/18/2023 14:00,45
12/18/2023 15:00,48
12/18/2023 16:00,48
12/18/2023 17:00,56
12/18/2023 18:00,52
12/18/2023 19:00,54
12/18/2023 20:00,60
12/18/2023 21:00,64
12/18/2023 22:00,74
12/18/2023 23:00,73
12/19/2023 0:00,67
12/19/2023 1:00,63
12/19/2023 2:00,62
12/19/2023 3:00,67
12/19/2023 4:00,80
12/19/2023 5:00,85
12/19/2023 6:00,87
12/19/2023 7:00,84
12/19/2023 8:00,81
12/19/2023 9:00,75
12/19/2023 10:00,74
12/19/2023 11:00,68
12/19/2023 12:00,70
12/19/2023 13:00,65
12/19/2023 14:00,63
12/19/2023 15:00,65
12/19/2023 16:00,63
12/19/2023 17:00,66
12/19/2023 18:00,71
12/19/2023 19:00,71
12/19/2023 20:00,71
12/19/2023 21:00,69
12/19/2023 22:00,62
12/19/2023 23:00,59
12/20/2023 0:00,57
12/20/2023 1:00,62
12/20/2023 2:00,73
12/20/2023 3:00,72
12/20/2023 4:00,70
12/20/2023 5:00,66
12/20/2023 6:00,66
12/20/2023 7:00,61
12/20/2023 8:00,60
12/20/2023 9:00,62
12/20/2023 10:00,60
12/20/2023 11:00,57
12/20/2023 12:00,47
12/20/2023 13:00,51
12/20/2023 14:00,72
12/20/2023 15:00,74
12/20/2023 16:00,82
12/20/2023 17:00,85
12/20/2023 18:00,89
12/20/2023 19:00,89
12/20/2023 20:00,89
12/20/2023 21:00,88
12/20/2023 22:00,80
12/20/2023 23:00,81
12/21/2023 0:00,87
12/21/2023 1:00,86
12/21/2023 2:00,83
12/21/2023 3:00,78
12/21/2023 4:00,70
12/21/2023 5:00,79
12/21/2023 6:00,86
12/21/2023 7:00,88
12/21/2023 8:00,89
12/21/2023 9:00,89
12/21/2023 10:00,90
12/21/2023 11:00,88
12/21/2023 12:00,85
12/21/2023 13:00,84
12/21/2023 14:00,84
12/21/2023 15:00,82
12/21/2023 16:00,84
12/21/2023 17:00,86
12/21/2023 18:00,88
12/21/2023 19:00,88
12/21/2023 20:00,89
12/21/2023 21:00,90
12/21/2023 22:00,90
12/21/2023 23:00,91
12/22/2023 0:00,91
12/22/2023 1:00,91
12/22/2023 2:00,91
12/22/2023 3:00,91
12/22/2023 4:00,91
12/22/2023 5:00,90
12/22/2023 6:00,90
12/22/2023 7:00,90
12/22/2023 8:00,89
12/22/2023 9:00,89
12/22/2023 10:00,89
12/22/2023 11:00,85
12/22/2023 12:00,83
12/22/2023 13:00,80
12/22/2023 14:00,78
12/22/2023 15:00,76
12/22/2023 16:00,79
12/22/2023 17:00,81
12/22/2023 18:00,84
12/22/2023 19:00,85
12/22/2023 20:00,79
12/22/2023 21:00,76
12/22/2023 22:00,77
12/22/2023 23:00,76
12/23/2023 0:00,82
12/23/2023 1:00,79
12/23/2023 2:00,79
12/23/2023 3:00,76
12/23/2023 4:00,78
12/23/2023 5:00,76
12/23/2023 6:00,76
12/23/2023 7:00,84
12/23/2023 8:00,84
12/23/2023 9:00,82
12/23/2023 10:00,79
12/23/2023 11:00,67
12/23/2023 12:00,71
12/23/2023 13:00,60
12/23/2023 14:00,66
12/23/2023 15:00,62
12/23/2023 16:00,63
12/23/2023 17:00,72
12/23/2023 18:00,74
12/23/2023 19:00,77
12/23/2023 20:00,79
12/23/2023 21:00,77
12/23/2023 22:00,80
12/23/2023 23:00,76
12/24/2023 0:00,85
12/24/2023 1:00,84
12/24/2023 2:00,84
12/24/2023 3:00,85
12/24/2023 4:00,85
12/24/2023 5:00,79
12/24/2023 6:00,78
12/24/2023 7:00,79
12/24/2023 8:00,76
12/24/2023 9:00,75
12/24/2023 10:00,82
12/24/2023 11:00,75
12/24/2023 12:00,67
12/24/2023 13:00,65
12/24/2023 14:00,55
12/24/2023 15:00,55
12/24/2023 16:00,59
12/24/2023 17:00,64
12/24/2023 18:00,66
12/24/2023 19:00,67
12/24/2023 20:00,68
12/24/2023 21:00,70
12/24/2023 22:00,79
12/24/2023 23:00,77
12/25/2023 0:00,81
12/25/2023 1:00,79
12/25/2023 2:00,81
12/25/2023 3:00,81
12/25/2023 4:00,80
12/25/2023 5:00,77
12/25/2023 6:00,78
12/25/2023 7:00,81
12/25/2023 8:00,86
12/25/2023 9:00,82
12/25/2023 10:00,69
12/25/2023 11:00,57
12/25/2023 12:00,53
12/25/2023 13:00,53
12/25/2023 14:00,52
12/25/2023 15:00,52
12/25/2023 16:00,58
12/25/2023 17:00,64
12/25/2023 18:00,67
12/25/2023 19:00,69
12/25/2023 20:00,71
12/25/2023 21:00,77
12/25/2023 22:00,74
12/25/2023 23:00,81
12/26/2023 0:00,79
12/26/2023 1:00,77
12/26/2023 2:00,78
12/26/2023 3:00,81
12/26/2023 4:00,81
12/26/2023 5:00,79
12/26/2023 6:00,80
12/26/2023 7:00,84
12/26/2023 8:00,81
12/26/2023 9:00,81
12/26/2023 10:00,78
12/26/2023 11:00,72
12/26/2023 12:00,66
12/26/2023 13:00,60
12/26/2023 14:00,63
12/26/2023 15:00,53
12/26/2023 16:00,57
12/26/2023 17:00,64
12/26/2023 18:00,63
12/26/2023 19:00,69
12/26/2023 20:00,76
12/26/2023 21:00,73
12/26/2023 22:00,79
12/26/2023 23:00,72
12/27/2023 0:00,67
12/27/2023 1:00,61
12/27/2023 2:00,71
12/27/2023 3:00,60
12/27/2023 4:00,68
12/27/2023 5:00,67
12/27/2023 6:00,64
12/27/2023 7:00,56
12/27/2023 8:00,59
12/27/2023 9:00,59
12/27/2023 10:00,53
12/27/2023 11:00,51
12/27/2023 12:00,48
12/27/2023 13:00,47
12/27/2023 14:00,42
12/27/2023 15:00,48
12/27/2023 16:00,45
12/27/2023 17:00,51
12/27/2023 18:00,50
12/27/2023 19:00,55
12/27/2023 20:00,61
12/27/2023 21:00,55
12/27/2023 22:00,44
12/27/2023 23:00,53
12/28/2023 0:00,64
12/28/2023 1:00,54
12/28/2023 2:00,57
12/28/2023 3:00,51
12/28/2023 4:00,59
12/28/2023 5:00,67
12/28/2023 6:00,58
12/28/2023 7:00,71
12/28/2023 8:00,66
12/28/2023 9:00,57
12/28/2023 10:00,54
12/28/2023 11:00,52
12/28/2023 12:00,51
12/28/2023 13:00,45
12/28/2023 14:00,42
12/28/2023 15:00,40
12/28/2023 16:00,44
12/28/2023 17:00,48
12/28/2023 18:00,53
12/28/2023 19:00,55
12/28/2023 20:00,61
12/28/2023 21:00,64
12/28/2023 22:00,64
12/28/2023 23:00,65
12/29/2023 0:00,66
12/29/2023 1:00,64
12/29/2023 2:00,58
12/29/2023 3:00,62
12/29/2023 4:00,61
12/29/2023 5:00,58
12/29/2023 6:00,59
12/29/2023 7:00,51
12/29/2023 8:00,40
12/29/2023 9:00,44
12/29/2023 10:00,33
12/29/2023 11:00,38
12/29/2023 12:00,42
12/29/2023 13:00,41
12/29/2023 14:00,38
12/29/2023 15:00,37
12/29/2023 16:00,40
12/29/2023 17:00,43
12/29/2023 18:00,46
12/29/2023 19:00,48
12/29/2023 20:00,57
12/29/2023 21:00,57
12/29/2023 22:00,59
12/29/2023 23:00,61
12/30/2023 0:00,63
12/30/2023 1:00,76
12/30/2023 2:00,68
12/30/2023 3:00,73
12/30/2023 4:00,78
12/30/2023 5:00,87
12/30/2023 6:00,88
12/30/2023 7:00,88
12/30/2023 8:00,88
12/30/2023 9:00,88
12/30/2023 10:00,85
12/30/2023 11:00,87
12/30/2023 12:00,86
12/30/2023 13:00,79
12/30/2023 14:00,80
12/30/2023 15:00,76
12/30/2023 16:00,72
12/30/2023 17:00,76
12/30/2023 18:00,77
12/30/2023 19:00,81
12/30/2023 20:00,82
12/30/2023 21:00,85
12/30/2023 22:00,86
12/30/2023 23:00,88
12/31/2023 0:00,87
12/31/2023 1:00,86
12/31/2023 2:00,84
12/31/2023 3:00,87
12/31/2023 4:00,87
12/31/2023 5:00,87
12/31/2023 6:00,87
12/31/2023 7:00,84
12/31/2023 8:00,82
12/31/2023 9:00,79
12/31/2023 10:00,73
12/31/2023 11:00,68
12/31/2023 12:00,64
12/31/2023 13:00,61
12/31/2023 14:00,62
12/31/2023 15:00,59
12/31/2023 16:00,63
12/31/2023 17:00,70
12/31/2023 18:00,72
12/31/2023 19:00,69
12/31/2023 20:00,78
12/31/2023 21:00,85
12/31/2023 22:00,78
12/31/2023 23:00,80
