DATE TIME,speed_mph
10/1/2023 0:00,4
10/1/2023 1:00,2
10/1/2023 2:00,2
10/1/2023 3:00,3
10/1/2023 4:00,5
10/1/2023 5:00,3
10/1/2023 6:00,4
10/1/2023 7:00,3
10/1/2023 8:00,6
10/1/2023 9:00,8
10/1/2023 10:00,6
10/1/2023 11:00,5
10/1/2023 12:00,5
10/1/2023 13:00,5
10/1/2023 14:00,5
10/1/2023 15:00,2
10/1/2023 16:00,4
10/1/2023 17:00,4
10/1/2023 18:00,2
10/1/2023 19:00,2
10/1/2023 20:00,2
10/1/2023 21:00,1
10/1/2023 22:00,2
10/1/2023 23:00,1
10/2/2023 0:00,1
10/2/2023 1:00,3
10/2/2023 2:00,3
10/2/2023 3:00,2
10/2/2023 4:00,3
10/2/2023 5:00,3
10/2/2023 6:00,3
10/2/2023 7:00,2
10/2/2023 8:00,2
10/2/2023 9:00,4
10/2/2023 10:00,1
10/2/2023 11:00,4
10/2/2023 12:00,4
10/2/2023 13:00,6
10/2/2023 14:00,6
10/2/2023 15:00,2
10/2/2023 16:00,6
10/2/2023 17:00,4
10/2/2023 18:00,5
10/2/2023 19:00,2
10/2/2023 20:00,4
10/2/2023 21:00,2
10/2/2023 22:00,2
10/2/2023 23:00,4
10/3/2023 0:00,3
10/3/2023 1:00,5
10/3/2023 2:00,4
10/3/2023 3:00,8
10/3/2023 4:00,6
10/3/2023 5:00,7
10/3/2023 6:00,8
10/3/2023 7:00,7
10/3/2023 8:00,4
10/3/2023 9:00,1
10/3/2023 10:00,1
10/3/2023 11:00,3
10/3/2023 12:00,2
10/3/2023 13:00,7
10/3/2023 14:00,3
10/3/2023 15:00,3
10/3/2023 16:00,4
10/3/2023 17:00,1
10/3/2023 18:00,2
10/3/2023 19:00,2
10/3/2023 20:00,1
10/3/2023 21:00,2
10/3/2023 22:00,4
10/3/2023 23:00,4
10/4/2023 0:00,7
10/4/2023 1:00,8
10/4/2023 2:00,10
10/4/2023 3:00,6
10/4/2023 4:00,6
10/4/2023 5:00,8
10/4/2023 6:00,7
10/4/2023 7:00,7
10/4/2023 8:00,4
10/4/2023 9:00,2
10/4/2023 10:00,1
10/4/2023 11:00,2
10/4/2023 12:00,3
10/4/2023 13:00,3
10/4/2023 14:00,3
10/4/2023 15:00,2
10/4/2023 16:00,1
10/4/2023 17:00,4
10/4/2023 18:00,2
10/4/2023 19:00,3
10/4/2023 20:00,4
10/4/2023 21:00,2
10/4/2023 22:00,2
10/4/2023 23:00,6
10/5/2023 0:00,7
10/5/2023 1:00,6
10/5/2023 2:00,6
10/5/2023 3:00,6
10/5/2023 4:00,7
10/5/2023 5:00,8
10/5/2023 6:00,9
10/5/2023 7:00,6
10/5/2023 8:00,4
10/5/2023 9:00,3
10/5/2023 10:00,3
10/5/2023 11:00,3
10/5/2023 12:00,3
10/5/2023 13:00,4
10/5/2023 14:00,3
10/5/2023 15:00,6
10/5/2023 16:00,4
10/5/2023 17:00,5
10/5/2023 18:00,3
10/5/2023 19:00,3
10/5/2023 20:00,2
10/5/2023 21:00,2
10/5/2023 22:00,4
10/5/2023 23:00,6
10/6/2023 0:00,8
10/6/2023 1:00,6
10/6/2023 2:00,7
10/6/2023 3:00,7
10/6/2023 4:00,8
10/6/2023 5:00,7
10/6/2023 6:00,7
10/6/2023 7:00,5
10/6/2023 8:00,1
10/6/2023 9:00,2
10/6/2023 10:00,2
10/6/2023 11:00,5
10/6/2023 12:00,2
10/6/2023 13:00,4
10/6/2023 14:00,6
10/6/2023 15:00,2
10/6/2023 16:00,2
10/6/2023 17:00,4
10/6/2023 18:00,3
10/6/2023 19:00,2
10/6/2023 20:00,2
10/6/2023 21:00,4
10/6/2023 22:00,6
10/6/2023 23:00,7
10/7/2023 0:00,4
10/7/2023 1:00,3
10/7/2023 2:00,6
10/7/2023 3:00,8
10/7/2023 4:00,7
10/7/2023 5:00,6
10/7/2023 6:00,5
10/7/2023 7:00,2
10/7/2023 8:00,2
10/7/2023 9:00,3
10/7/2023 10:00,2
10/7/2023 11:00,6
10/7/2023 12:00,7
10/7/2023 13:00,3
10/7/2023 14:00,4
10/7/2023 15:00,1
10/7/2023 16:00,3
10/7/2023 17:00,4
10/7/2023 18:00,2
10/7/2023 19:00,1
10/7/2023 20:00,6
10/7/2023 21:00,6
10/7/2023 22:00,4
10/7/2023 23:00,4
10/8/2023 0:00,6
10/8/2023 1:00,8
10/8/2023 2:00,10
10/8/2023 3:00,10
10/8/2023 4:00,9
10/8/2023 5:00,8
10/8/2023 6:00,1
10/8/2023 7:00,3
10/8/2023 8:00,1
10/8/2023 9:00,2
10/8/2023 10:00,3
10/8/2023 11:00,3
10/8/2023 12:00,5
10/8/2023 13:00,4
10/8/2023 14:00,3
10/8/2023 15:00,1
10/8/2023 16:00,4
10/8/2023 17:00,6
10/8/2023 18:00,4
10/8/2023 19:00,3
10/8/2023 20:00,1
10/8/2023 21:00,5
10/8/2023 22:00,6
10/8/2023 23:00,7
10/9/2023 0:00,7
10/9/2023 1:00,9
10/9/2023 2:00,4
10/9/2023 3:00,4
10/9/2023 4:00,2
10/9/2023 5:00,6
10/9/2023 6:00,5
10/9/2023 7:00,5
10/9/2023 8:00,5
10/9/2023 9:00,3
10/9/2023 10:00,2
10/9/2023 11:00,3
10/9/2023 12:00,5
10/9/2023 13:00,4
10/9/2023 14:00,8
10/9/2023 15:00,6
10/9/2023 16:00,4
10/9/2023 17:00,4
10/9/2023 18:00,4
10/9/2023 19:00,3
10/9/2023 20:00,4
10/9/2023 21:00,1
10/9/2023 22:00,4
10/9/2023 23:00,3
10/10/2023 0:00,4
10/10/2023 1:00,1
10/10/2023 2:00,2
10/10/2023 3:00,2
10/10/2023 4:00,1
10/10/2023 5:00,5
10/10/2023 6:00,3
10/10/2023 7:00,5
10/10/2023 8:00,3
10/10/2023 9:00,3
10/10/2023 10:00,4
10/10/2023 11:00,2
10/10/2023 12:00,3
10/10/2023 13:00,6
10/10/2023 14:00,5
10/10/2023 15:00,6
10/10/2023 16:00,6
10/10/2023 17:00,7
10/10/2023 18:00,5
10/10/2023 19:00,3
10/10/2023 20:00,5
10/10/2023 21:00,2
10/10/2023 22:00,4
10/10/2023 23:00,5
10/11/2023 0:00,6
10/11/2023 1:00,5
10/11/2023 2:00,14
10/11/2023 3:00,7
10/11/2023 4:00,8
10/11/2023 5:00,12
10/11/2023 6:00,12
10/11/2023 7:00,4
10/11/2023 8:00,3
10/11/2023 9:00,9
10/11/2023 10:00,5
10/11/2023 11:00,8
10/11/2023 12:00,8
10/11/2023 13:00,5
10/11/2023 14:00,8
10/11/2023 15:00,7
10/11/2023 16:00,7
10/11/2023 17:00,9
10/11/2023 18:00,7
10/11/2023 19:00,4
10/11/2023 20:00,3
10/11/2023 21:00,1
10/11/2023 22:00,5
10/11/2023 23:00,3
10/12/2023 0:00,1
10/12/2023 1:00,0
10/12/2023 2:00,2
10/12/2023 3:00,4
10/12/2023 4:00,6
10/12/2023 5:00,6
10/12/2023 6:00,4
10/12/2023 7:00,3
10/12/2023 8:00,4
10/12/2023 9:00,1
10/12/2023 10:00,3
10/12/2023 11:00,7
10/12/2023 12:00,2
10/12/2023 13:00,5
10/12/2023 14:00,2
10/12/2023 15:00,1
10/12/2023 16:00,3
10/12/2023 17:00,1
10/12/2023 18:00,0
10/12/2023 19:00,1
10/12/2023 20:00,2
10/12/2023 21:00,5
10/12/2023 22:00,6
10/12/2023 23:00,7
10/13/2023 0:00,7
10/13/2023 1:00,8
10/13/2023 2:00,4
10/13/2023 3:00,6
10/13/2023 4:00,6
10/13/2023 5:00,6
10/13/2023 6:00,5
10/13/2023 7:00,6
10/13/2023 8:00,2
10/13/2023 9:00,2
10/13/2023 10:00,2
10/13/2023 11:00,2
10/13/2023 12:00,4
10/13/2023 13:00,2
10/13/2023 14:00,3
10/13/2023 15:00,3
10/13/2023 16:00,5
10/13/2023 17:00,1
10/13/2023 18:00,1
10/13/2023 19:00,3
10/13/2023 20:00,5
10/13/2023 21:00,1
10/13/2023 22:00,5
10/13/2023 23:00,8
10/14/2023 0:00,9
10/14/2023 1:00,8
10/14/2023 2:00,10
10/14/2023 3:00,7
10/14/2023 4:00,9
10/14/2023 5:00,6
10/14/2023 6:00,3
10/14/2023 7:00,3
10/14/2023 8:00,2
10/14/2023 9:00,2
10/14/2023 10:00,2
10/14/2023 11:00,2
10/14/2023 12:00,2
10/14/2023 13:00,2
10/14/2023 14:00,4
10/14/2023 15:00,5
10/14/2023 16:00,2
10/14/2023 17:00,4
10/14/2023 18:00,2
10/14/2023 19:00,1
10/14/2023 20:00,2
10/14/2023 21:00,3
10/14/2023 22:00,8
10/14/2023 23:00,7
10/15/2023 0:00,7
10/15/2023 1:00,7
10/15/2023 2:00,10
10/15/2023 3:00,9
10/15/2023 4:00,6
10/15/2023 5:00,3
10/15/2023 6:00,2
10/15/2023 7:00,4
10/15/2023 8:00,7
10/15/2023 9:00,4
10/15/2023 10:00,3
10/15/2023 11:00,2
10/15/2023 12:00,3
10/15/2023 13:00,2
10/15/2023 14:00,3
10/15/2023 15:00,3
10/15/2023 16:00,2
10/15/2023 17:00,2
10/15/2023 18:00,4
10/15/2023 19:00,2
10/15/2023 20:00,2
10/15/2023 21:00,2
10/15/2023 22:00,3
10/15/2023 23:00,6
10/16/2023 0:00,6
10/16/2023 1:00,6
10/16/2023 2:00,7
10/16/2023 3:00,4
10/16/2023 4:00,5
10/16/2023 5:00,5
10/16/2023 6:00,9
10/16/2023 7:00,6
10/16/2023 8:00,2
10/16/2023 9:00,3
10/16/2023 10:00,3
10/16/2023 11:00,3
10/16/2023 12:00,3
10/16/2023 13:00,3
10/16/2023 14:00,6
10/16/2023 15:00,6
10/16/2023 16:00,6
10/16/2023 17:00,4
10/16/2023 18:00,3
10/16/2023 19:00,3
10/16/2023 20:00,3
10/16/2023 21:00,4
10/16/2023 22:00,1
10/16/2023 23:00,2
10/17/2023 0:00,4
10/17/2023 1:00,2
10/17/2023 2:00,3
10/17/2023 3:00,6
10/17/2023 4:00,1
10/17/2023 5:00,5
10/17/2023 6:00,8
10/17/2023 7:00,3
10/17/2023 8:00,2
10/17/2023 9:00,2
10/17/2023 10:00,3
10/17/2023 11:00,3
10/17/2023 12:00,3
10/17/2023 13:00,2
10/17/2023 14:00,2
10/17/2023 15:00,1
10/17/2023 16:00,3
10/17/2023 17:00,2
10/17/2023 18:00,3
10/17/2023 19:00,3
10/17/2023 20:00,2
10/17/2023 21:00,4
10/17/2023 22:00,6
10/17/2023 23:00,8
10/18/2023 0:00,9
10/18/2023 1:00,8
10/18/2023 2:00,9
10/18/2023 3:00,8
10/18/2023 4:00,8
10/18/2023 5:00,6
10/18/2023 6:00,8
10/18/2023 7:00,6
10/18/2023 8:00,7
10/18/2023 9:00,5
10/18/2023 10:00,3
10/18/2023 11:00,4
10/18/2023 12:00,1
10/18/2023 13:00,4
10/18/2023 14:00,1
10/18/2023 15:00,4
10/18/2023 16:00,1
10/18/2023 17:00,3
10/18/2023 18:00,2
10/18/2023 19:00,1
10/18/2023 20:00,2
10/18/2023 21:00,2
10/18/2023 22:00,4
10/18/2023 23:00,5
10/19/2023 0:00,6
10/19/2023 1:00,6
10/19/2023 2:00,7
10/19/2023 3:00,8
10/19/2023 4:00,6
10/19/2023 5:00,3
10/19/2023 6:00,3
10/19/2023 7:00,6
10/19/2023 8:00,4
10/19/2023 9:00,4
10/19/2023 10:00,2
10/19/2023 11:00,2
10/19/2023 12:00,2
10/19/2023 13:00,2
10/19/2023 14:00,3
10/19/2023 15:00,1
10/19/2023 16:00,3
10/19/2023 17:00,3
10/19/2023 18:00,3
10/19/2023 19:00,2
10/19/2023 20:00,2
10/19/2023 21:00,2
10/19/2023 22:00,4
10/19/2023 23:00,6
10/20/2023 0:00,4
10/20/2023 1:00,6
10/20/2023 2:00,4
10/20/2023 3:00,6
10/20/2023 4:00,8
10/20/2023 5:00,8
10/20/2023 6:00,4
10/20/2023 7:00,3
10/20/2023 8:00,5
10/20/2023 9:00,5
10/20/2023 10:00,4
10/20/2023 11:00,2
10/20/2023 12:00,4
10/20/2023 13:00,4
10/20/2023 14:00,2
10/20/2023 15:00,4
10/20/2023 16:00,3
10/20/2023 17:00,3
10/20/2023 18:00,2
10/20/2023 19:00,2
10/20/2023 20:00,3
10/20/2023 21:00,2
10/20/2023 22:00,6
10/20/2023 23:00,4
10/21/2023 0:00,7
10/21/2023 1:00,6
10/21/2023 2:00,2
10/21/2023 3:00,3
10/21/2023 4:00,3
10/21/2023 5:00,4
10/21/2023 6:00,1
10/21/2023 7:00,4
10/21/2023 8:00,2
10/21/2023 9:00,3
10/21/2023 10:00,3
10/21/2023 11:00,4
10/21/2023 12:00,3
10/21/2023 13:00,2
10/21/2023 14:00,4
10/21/2023 15:00,3
10/21/2023 16:00,6
10/21/2023 17:00,6
10/21/2023 18:00,4
10/21/2023 19:00,4
10/21/2023 20:00,3
10/21/2023 21:00,2
10/21/2023 22:00,2
10/21/2023 23:00,4
10/22/2023 0:00,4
10/22/2023 1:00,3
10/22/2023 2:00,1
10/22/2023 3:00,2
10/22/2023 4:00,3
10/22/2023 5:00,3
10/22/2023 6:00,2
10/22/2023 7:00,1
10/22/2023 8:00,2
10/22/2023 9:00,1
10/22/2023 10:00,2
10/22/2023 11:00,4
10/22/2023 12:00,7
10/22/2023 13:00,3
10/22/2023 14:00,3
10/22/2023 15:00,3
10/22/2023 16:00,3
10/22/2023 17:00,4
10/22/2023 18:00,8
10/22/2023 19:00,10
10/22/2023 20:00,7
10/22/2023 21:00,3
10/22/2023 22:00,9
10/22/2023 23:00,2
10/23/2023 0:00,3
10/23/2023 1:00,4
10/23/2023 2:00,5
10/23/2023 3:00,1
10/23/2023 4:00,1
10/23/2023 5:00,1
10/23/2023 6:00,0
10/23/2023 7:00,2
10/23/2023 8:00,3
10/23/2023 9:00,2
10/23/2023 10:00,1
10/23/2023 11:00,2
10/23/2023 12:00,2
10/23/2023 13:00,2
10/23/2023 14:00,4
10/23/2023 15:00,3
10/23/2023 16:00,7
10/23/2023 17:00,7
10/23/2023 18:00,7
10/23/2023 19:00,9
10/23/2023 20:00,7
10/23/2023 21:00,3
10/23/2023 22:00,3
10/23/2023 23:00,2
10/24/2023 0:00,2
10/24/2023 1:00,2
10/24/2023 2:00,3
10/24/2023 3:00,4
10/24/2023 4:00,6
10/24/2023 5:00,3
10/24/2023 6:00,4
10/24/2023 7:00,8
10/24/2023 8:00,6
10/24/2023 9:00,4
10/24/2023 10:00,2
10/24/2023 11:00,3
10/24/2023 12:00,1
10/24/2023 13:00,1
10/24/2023 14:00,3
10/24/2023 15:00,4
10/24/2023 16:00,3
10/24/2023 17:00,3
10/24/2023 18:00,2
10/24/2023 19:00,3
10/24/2023 20:00,4
10/24/2023 21:00,2
10/24/2023 22:00,6
10/24/2023 23:00,6
10/25/2023 0:00,7
10/25/2023 1:00,5
10/25/2023 2:00,6
10/25/2023 3:00,7
10/25/2023 4:00,4
10/25/2023 5:00,7
10/25/2023 6:00,8
10/25/2023 7:00,6
10/25/2023 8:00,7
10/25/2023 9:00,5
10/25/2023 10:00,3
10/25/2023 11:00,2
10/25/2023 12:00,6
10/25/2023 13:00,3
10/25/2023 14:00,3
10/25/2023 15:00,3
10/25/2023 16:00,3
10/25/2023 17:00,12
10/25/2023 18:00,7
10/25/2023 19:00,8
10/25/2023 20:00,4
10/25/2023 21:00,4
10/25/2023 22:00,6
10/25/2023 23:00,4
10/26/2023 0:00,4
10/26/2023 1:00,3
10/26/2023 2:00,4
10/26/2023 3:00,4
10/26/2023 4:00,2
10/26/2023 5:00,1
10/26/2023 6:00,1
10/26/2023 7:00,3
10/26/2023 8:00,2
10/26/2023 9:00,3
10/26/2023 10:00,5
10/26/2023 11:00,7
10/26/2023 12:00,8
10/26/2023 13:00,2
10/26/2023 14:00,2
10/26/2023 15:00,2
10/26/2023 16:00,4
10/26/2023 17:00,2
10/26/2023 18:00,2
10/26/2023 19:00,5
10/26/2023 20:00,3
10/26/2023 21:00,1
10/26/2023 22:00,3
10/26/2023 23:00,4
10/27/2023 0:00,6
10/27/2023 1:00,6
10/27/2023 2:00,8
10/27/2023 3:00,8
10/27/2023 4:00,7
10/27/2023 5:00,5
10/27/2023 6:00,6
10/27/2023 7:00,6
10/27/2023 8:00,6
10/27/2023 9:00,4
10/27/2023 10:00,4
10/27/2023 11:00,2
10/27/2023 12:00,2
10/27/2023 13:00,5
10/27/2023 14:00,3
10/27/2023 15:00,1
10/27/2023 16:00,5
10/27/2023 17:00,5
10/27/2023 18:00,3
10/27/2023 19:00,2
10/27/2023 20:00,1
10/27/2023 21:00,5
10/27/2023 22:00,8
10/27/2023 23:00,7
10/28/2023 0:00,8
10/28/2023 1:00,9
10/28/2023 2:00,4
10/28/2023 3:00,8
10/28/2023 4:00,6
10/28/2023 5:00,7
10/28/2023 6:00,8
10/28/2023 7:00,3
10/28/2023 8:00,4
10/28/2023 9:00,4
10/28/2023 10:00,3
10/28/2023 11:00,4
10/28/2023 12:00,3
10/28/2023 13:00,5
10/28/2023 14:00,6
10/28/2023 15:00,3
10/28/2023 16:00,4
10/28/2023 17:00,5
10/28/2023 18:00,4
10/28/2023 19:00,4
10/28/2023 20:00,3
10/28/2023 21:00,1
10/28/2023 22:00,6
10/28/2023 23:00,6
10/29/2023 0:00,5
10/29/2023 1:00,4
10/29/2023 2:00,4
10/29/2023 3:00,5
10/29/2023 4:00,5
10/29/2023 5:00,6
10/29/2023 6:00,8
10/29/2023 7:00,9
10/29/2023 8:00,3
10/29/2023 9:00,4
10/29/2023 10:00,1
10/29/2023 11:00,1
10/29/2023 12:00,8
10/29/2023 13:00,3
10/29/2023 14:00,2
10/29/2023 15:00,2
10/29/2023 16:00,3
10/29/2023 17:00,3
10/29/2023 18:00,1
10/29/2023 19:00,1
10/29/2023 20:00,2
10/29/2023 21:00,4
10/29/2023 22:00,6
10/29/2023 23:00,6
10/30/2023 0:00,8
10/30/2023 1:00,8
10/30/2023 2:00,10
10/30/2023 3:00,10
10/30/2023 4:00,8
10/30/2023 5:00,8
10/30/2023 6:00,8
10/30/2023 7:00,9
10/30/2023 8:00,8
10/30/2023 9:00,10
10/30/2023 10:00,3
10/30/2023 11:00,2
10/30/2023 12:00,3
10/30/2023 13:00,4
10/30/2023 14:00,1
10/30/2023 15:00,3
10/30/2023 16:00,4
10/30/2023 17:00,3
10/30/2023 18:00,3
10/30/2023 19:00,2
10/30/2023 20:00,3
10/30/2023 21:00,4
10/30/2023 22:00,6
10/30/2023 23:00,9
10/31/2023 0:00,7
10/31/2023 1:00,7
10/31/2023 2:00,8
10/31/2023 3:00,9
10/31/2023 4:00,10
10/31/2023 5:00,7
10/31/2023 6:00,7
10/31/2023 7:00,6
10/31/2023 8:00,4
10/31/2023 9:00,4
10/31/2023 10:00,3
10/31/2023 11:00,0
10/31/2023 12:00,2
10/31/2023 13:00,1
10/31/2023 14:00,2
10/31/2023 15:00,4
10/31/2023 16:00,4
10/31/2023 17:00,3
10/31/2023 18:00,2
10/31/2023 19:00,1
10/31/2023 20:00,2
10/31/2023 21:00,5
10/31/2023 22:00,8
10/31/2023 23:00,9
11/1/2023 0:00,10
11/1/2023 1:00,9
11/1/2023 2:00,8
11/1/2023 3:00,6
11/1/2023 4:00,8
11/1/2023 5:00,9
11/1/2023 6:00,8
11/1/2023 7:00,5
11/1/2023 8:00,6
11/1/2023 9:00,4
11/1/2023 10:00,1
11/1/2023 11:00,3
11/1/2023 12:00,3
11/1/2023 13:00,3
11/1/2023 14:00,4
11/1/2023 15:00,1
11/1/2023 16:00,2
11/1/2023 17:00,2
11/1/2023 18:00,2
11/1/2023 19:00,2
11/1/2023 20:00,4
11/1/2023 21:00,6
11/1/2023 22:00,7
11/1/2023 23:00,6
11/2/2023 0:00,6
11/2/2023 1:00,8
11/2/2023 2:00,9
11/2/2023 3:00,10
11/2/2023 4:00,10
11/2/2023 5:00,8
11/2/2023 6:00,4
11/2/2023 7:00,7
11/2/2023 8:00,6
11/2/2023 9:00,3
11/2/2023 10:00,2
11/2/2023 11:00,1
11/2/2023 12:00,2
11/2/2023 13:00,2
11/2/2023 14:00,2
11/2/2023 15:00,3
11/2/2023 16:00,4
11/2/2023 17:00,4
11/2/2023 18:00,3
11/2/2023 19:00,1
11/2/2023 20:00,1
11/2/2023 21:00,3
11/2/2023 22:00,5
11/2/2023 23:00,5
11/3/2023 0:00,8
11/3/2023 1:00,3
11/3/2023 2:00,5
11/3/2023 3:00,6
11/3/2023 4:00,8
11/3/2023 5:00,3
11/3/2023 6:00,2
11/3/2023 7:00,5
11/3/2023 8:00,6
11/3/2023 9:00,8
11/3/2023 10:00,6
11/3/2023 11:00,7
11/3/2023 12:00,3
11/3/2023 13:00,2
11/3/2023 14:00,4
11/3/2023 15:00,3
11/3/2023 16:00,2
11/3/2023 17:00,3
11/3/2023 18:00,1
11/3/2023 19:00,2
11/3/2023 20:00,3
11/3/2023 21:00,4
11/3/2023 22:00,6
11/3/2023 23:00,8
11/4/2023 0:00,6
11/4/2023 1:00,8
11/4/2023 2:00,8
11/4/2023 3:00,5
11/4/2023 4:00,6
11/4/2023 5:00,7
11/4/2023 6:00,6
11/4/2023 7:00,6
11/4/2023 8:00,7
11/4/2023 9:00,3
11/4/2023 10:00,6
11/4/2023 11:00,3
11/4/2023 12:00,4
11/4/2023 13:00,1
11/4/2023 14:00,1
11/4/2023 15:00,3
11/4/2023 16:00,2
11/4/2023 17:00,2
11/4/2023 18:00,2
11/4/2023 19:00,2
11/4/2023 20:00,3
11/4/2023 21:00,5
11/4/2023 22:00,6
11/4/2023 23:00,7
11/5/2023 0:00,8
11/5/2023 1:00,8
11/5/2023 2:00,8
11/5/2023 3:00,9
11/5/2023 4:00,8
11/5/2023 5:00,7
11/5/2023 6:00,4
11/5/2023 7:00,4
11/5/2023 8:00,6
11/5/2023 9:00,2
11/5/2023 10:00,2
11/5/2023 11:00,3
11/5/2023 12:00,2
11/5/2023 13:00,1
11/5/2023 14:00,1
11/5/2023 15:00,4
11/5/2023 16:00,4
11/5/2023 17:00,4
11/5/2023 18:00,2
11/5/2023 19:00,2
11/5/2023 20:00,3
11/5/2023 21:00,5
11/5/2023 22:00,7
11/5/2023 23:00,6
11/6/2023 0:00,5
11/6/2023 1:00,5
11/6/2023 2:00,4
11/6/2023 3:00,7
11/6/2023 4:00,6
11/6/2023 5:00,4
11/6/2023 6:00,12
11/6/2023 7:00,9
11/6/2023 8:00,5
11/6/2023 9:00,12
11/6/2023 10:00,14
11/6/2023 11:00,6
11/6/2023 12:00,5
11/6/2023 13:00,2
11/6/2023 14:00,4
11/6/2023 15:00,5
11/6/2023 16:00,3
11/6/2023 17:00,6
11/6/2023 18:00,4
11/6/2023 19:00,3
11/6/2023 20:00,6
11/6/2023 21:00,4
11/6/2023 22:00,4
11/6/2023 23:00,2
11/7/2023 0:00,3
11/7/2023 1:00,1
11/7/2023 2:00,4
11/7/2023 3:00,4
11/7/2023 4:00,4
11/7/2023 5:00,2
11/7/2023 6:00,3
11/7/2023 7:00,2
11/7/2023 8:00,2
11/7/2023 9:00,2
11/7/2023 10:00,6
11/7/2023 11:00,7
11/7/2023 12:00,8
11/7/2023 13:00,6
11/7/2023 14:00,7
11/7/2023 15:00,7
11/7/2023 16:00,6
11/7/2023 17:00,4
11/7/2023 18:00,7
11/7/2023 19:00,8
11/7/2023 20:00,4
11/7/2023 21:00,3
11/7/2023 22:00,3
11/7/2023 23:00,2
11/8/2023 0:00,2
11/8/2023 1:00,1
11/8/2023 2:00,3
11/8/2023 3:00,6
11/8/2023 4:00,5
11/8/2023 5:00,4
11/8/2023 6:00,3
11/8/2023 7:00,4
11/8/2023 8:00,6
11/8/2023 9:00,1
11/8/2023 10:00,2
11/8/2023 11:00,2
11/8/2023 12:00,2
11/8/2023 13:00,3
11/8/2023 14:00,1
11/8/2023 15:00,5
11/8/2023 16:00,3
11/8/2023 17:00,3
11/8/2023 18:00,3
11/8/2023 19:00,3
11/8/2023 20:00,2
11/8/2023 21:00,4
11/8/2023 22:00,6
11/8/2023 23:00,8
11/9/2023 0:00,8
11/9/2023 1:00,8
11/9/2023 2:00,6
11/9/2023 3:00,7
11/9/2023 4:00,6
11/9/2023 5:00,8
11/9/2023 6:00,7
11/9/2023 7:00,6
11/9/2023 8:00,6
11/9/2023 9:00,1
11/9/2023 10:00,1
11/9/2023 11:00,3
11/9/2023 12:00,4
11/9/2023 13:00,4
11/9/2023 14:00,3
11/9/2023 15:00,4
11/9/2023 16:00,6
11/9/2023 17:00,3
11/9/2023 18:00,1
11/9/2023 19:00,1
11/9/2023 20:00,2
11/9/2023 21:00,6
11/9/2023 22:00,4
11/9/2023 23:00,8
11/10/2023 0:00,7
11/10/2023 1:00,6
11/10/2023 2:00,6
11/10/2023 3:00,6
11/10/2023 4:00,6
11/10/2023 5:00,7
11/10/2023 6:00,8
11/10/2023 7:00,1
11/10/2023 8:00,2
11/10/2023 9:00,4
11/10/2023 10:00,4
11/10/2023 11:00,2
11/10/2023 12:00,8
11/10/2023 13:00,2
11/10/2023 14:00,2
11/10/2023 15:00,2
11/10/2023 16:00,4
11/10/2023 17:00,3
11/10/2023 18:00,2
11/10/2023 19:00,1
11/10/2023 20:00,3
11/10/2023 21:00,5
11/10/2023 22:00,9
11/10/2023 23:00,7
11/11/2023 0:00,6
11/11/2023 1:00,7
11/11/2023 2:00,8
11/11/2023 3:00,10
11/11/2023 4:00,4
11/11/2023 5:00,7
11/11/2023 6:00,7
11/11/2023 7:00,6
11/11/2023 8:00,7
11/11/2023 9:00,4
11/11/2023 10:00,1
11/11/2023 11:00,5
11/11/2023 12:00,6
11/11/2023 13:00,2
11/11/2023 14:00,4
11/11/2023 15:00,3
11/11/2023 16:00,3
11/11/2023 17:00,2
11/11/2023 18:00,3
11/11/2023 19:00,2
11/11/2023 20:00,2
11/11/2023 21:00,7
11/11/2023 22:00,8
11/11/2023 23:00,6
11/12/2023 0:00,7
11/12/2023 1:00,8
11/12/2023 2:00,5
11/12/2023 3:00,4
11/12/2023 4:00,8
11/12/2023 5:00,5
11/12/2023 6:00,5
11/12/2023 7:00,4
11/12/2023 8:00,4
11/12/2023 9:00,3
11/12/2023 10:00,4
11/12/2023 11:00,2
11/12/2023 12:00,4
11/12/2023 13:00,5
11/12/2023 14:00,2
11/12/2023 15:00,2
11/12/2023 16:00,4
11/12/2023 17:00,3
11/12/2023 18:00,3
11/12/2023 19:00,9
11/12/2023 20:00,2
11/12/2023 21:00,6
11/12/2023 22:00,11
11/12/2023 23:00,11
11/13/2023 0:00,9
11/13/2023 1:00,11
11/13/2023 2:00,8
11/13/2023 3:00,8
11/13/2023 4:00,4
11/13/2023 5:00,2
11/13/2023 6:00,2
11/13/2023 7:00,5
11/13/2023 8:00,4
11/13/2023 9:00,4
11/13/2023 10:00,1
11/13/2023 11:00,1
11/13/2023 12:00,6
11/13/2023 13:00,6
11/13/2023 14:00,6
11/13/2023 15:00,5
11/13/2023 16:00,2
11/13/2023 17:00,2
11/13/2023 18:00,4
11/13/2023 19:00,5
11/13/2023 20:00,7
11/13/2023 21:00,6
11/13/2023 22:00,9
11/13/2023 23:00,8
11/14/2023 0:00,6
11/14/2023 1:00,5
11/14/2023 2:00,6
11/14/2023 3:00,4
11/14/2023 4:00,6
11/14/2023 5:00,8
11/14/2023 6:00,8
11/14/2023 7:00,6
11/14/2023 8:00,7
11/14/2023 9:00,3
11/14/2023 10:00,1
11/14/2023 11:00,1
11/14/2023 12:00,1
11/14/2023 13:00,3
11/14/2023 14:00,2
11/14/2023 15:00,3
11/14/2023 16:00,2
11/14/2023 17:00,6
11/14/2023 18:00,7
11/14/2023 19:00,7
11/14/2023 20:00,6
11/14/2023 21:00,7
11/14/2023 22:00,11
11/14/2023 23:00,12
11/15/2023 0:00,11
11/15/2023 1:00,7
11/15/2023 2:00,4
11/15/2023 3:00,5
11/15/2023 4:00,2
11/15/2023 5:00,8
11/15/2023 6:00,2
11/15/2023 7:00,5
11/15/2023 8:00,6
11/15/2023 9:00,10
11/15/2023 10:00,9
11/15/2023 11:00,14
11/15/2023 12:00,5
11/15/2023 13:00,4
11/15/2023 14:00,4
11/15/2023 15:00,3
11/15/2023 16:00,4
11/15/2023 17:00,4
11/15/2023 18:00,11
11/15/2023 19:00,8
11/15/2023 20:00,14
11/15/2023 21:00,7
11/15/2023 22:00,3
11/15/2023 23:00,8
11/16/2023 0:00,3
11/16/2023 1:00,5
11/16/2023 2:00,5
11/16/2023 3:00,6
11/16/2023 4:00,7
11/16/2023 5:00,10
11/16/2023 6:00,7
11/16/2023 7:00,10
11/16/2023 8:00,7
11/16/2023 9:00,1
11/16/2023 10:00,4
11/16/2023 11:00,2
11/16/2023 12:00,4
11/16/2023 13:00,2
11/16/2023 14:00,2
11/16/2023 15:00,1
11/16/2023 16:00,1
11/16/2023 17:00,3
11/16/2023 18:00,4
11/16/2023 19:00,3
11/16/2023 20:00,2
11/16/2023 21:00,6
11/16/2023 22:00,7
11/16/2023 23:00,9
11/17/2023 0:00,8
11/17/2023 1:00,11
11/17/2023 2:00,7
11/17/2023 3:00,1
11/17/2023 4:00,3
11/17/2023 5:00,6
11/17/2023 6:00,8
11/17/2023 7:00,10
11/17/2023 8:00,7
11/17/2023 9:00,3
11/17/2023 10:00,5
11/17/2023 11:00,2
11/17/2023 12:00,4
11/17/2023 13:00,4
11/17/2023 14:00,2
11/17/2023 15:00,6
11/17/2023 16:00,5
11/17/2023 17:00,6
11/17/2023 18:00,6
11/17/2023 19:00,4
11/17/2023 20:00,3
11/17/2023 21:00,7
11/17/2023 22:00,12
11/17/2023 23:00,11
11/18/2023 0:00,7
11/18/2023 1:00,3
11/18/2023 2:00,6
11/18/2023 3:00,3
11/18/2023 4:00,3
11/18/2023 5:00,7
11/18/2023 6:00,9
11/18/2023 7:00,6
11/18/2023 8:00,8
11/18/2023 9:00,6
11/18/2023 10:00,7
11/18/2023 11:00,8
11/18/2023 12:00,9
11/18/2023 13:00,6
11/18/2023 14:00,3
11/18/2023 15:00,4
11/18/2023 16:00,3
11/18/2023 17:00,1
11/18/2023 18:00,1
11/18/2023 19:00,2
11/18/2023 20:00,1
11/18/2023 21:00,1
11/18/2023 22:00,1
11/18/2023 23:00,1
11/19/2023 0:00,0
11/19/2023 1:00,2
11/19/2023 2:00,11
11/19/2023 3:00,10
11/19/2023 4:00,6
11/19/2023 5:00,2
11/19/2023 6:00,4
11/19/2023 7:00,2
11/19/2023 8:00,2
11/19/2023 9:00,2
11/19/2023 10:00,2
11/19/2023 11:00,5
11/19/2023 12:00,11
11/19/2023 13:00,5
11/19/2023 14:00,17
11/19/2023 15:00,15
11/19/2023 16:00,8
11/19/2023 17:00,9
11/19/2023 18:00,8
11/19/2023 19:00,4
11/19/2023 20:00,3
11/19/2023 21:00,4
11/19/2023 22:00,2
11/19/2023 23:00,2
11/20/2023 0:00,4
11/20/2023 1:00,5
11/20/2023 2:00,2
11/20/2023 3:00,2
11/20/2023 4:00,3
11/20/2023 5:00,5
11/20/2023 6:00,5
11/20/2023 7:00,5
11/20/2023 8:00,5
11/20/2023 9:00,2
11/20/2023 10:00,2
11/20/2023 11:00,5
11/20/2023 12:00,2
11/20/2023 13:00,5
11/20/2023 14:00,1
11/20/2023 15:00,1
11/20/2023 16:00,2
11/20/2023 17:00,2
11/20/2023 18:00,2
11/20/2023 19:00,4
11/20/2023 20:00,6
11/20/2023 21:00,5
11/20/2023 22:00,7
11/20/2023 23:00,7
11/21/2023 0:00,8
11/21/2023 1:00,9
11/21/2023 2:00,12
11/21/2023 3:00,6
11/21/2023 4:00,11
11/21/2023 5:00,11
11/21/2023 6:00,10
11/21/2023 7:00,11
11/21/2023 8:00,10
11/21/2023 9:00,3
11/21/2023 10:00,3
11/21/2023 11:00,1
11/21/2023 12:00,3
11/21/2023 13:00,8
11/21/2023 14:00,4
11/21/2023 15:00,2
11/21/2023 16:00,2
11/21/2023 17:00,1
11/21/2023 18:00,2
11/21/2023 19:00,1
11/21/2023 20:00,3
11/21/2023 21:00,4
11/21/2023 22:00,7
11/21/2023 23:00,9
11/22/2023 0:00,7
11/22/2023 1:00,7
11/22/2023 2:00,8
11/22/2023 3:00,8
11/22/2023 11:00,
11/22/2023 12:00,
11/22/2023 13:00,
11/22/2023 14:00,
11/22/2023 15:00,
11/22/2023 16:00,
11/22/2023 17:00,
11/22/2023 18:00,2
11/22/2023 19:00,2
11/22/2023 20:00,4
11/22/2023 21:00,1
11/22/2023 22:00,3
11/22/2023 23:00,1
11/23/2023 0:00,1
11/23/2023 1:00,1
11/23/2023 2:00,1
11/23/2023 3:00,1
11/23/2023 4:00,4
11/23/2023 5:00,5
11/23/2023 6:00,3
11/23/2023 7:00,5
11/23/2023 8:00,6
11/23/2023 9:00,5
11/23/2023 10:00,6
11/23/2023 11:00,5
11/23/2023 12:00,2
11/23/2023 13:00,2
11/23/2023 14:00,2
11/23/2023 15:00,6
11/23/2023 16:00,2
11/23/2023 17:00,2
11/23/2023 18:00,3
11/23/2023 19:00,4
11/23/2023 20:00,3
11/23/2023 21:00,3
11/23/2023 22:00,4
11/23/2023 23:00,4
11/24/2023 0:00,2
11/24/2023 1:00,3
11/24/2023 2:00,2
11/24/2023 3:00,3
11/24/2023 4:00,7
11/24/2023 5:00,8
11/24/2023 6:00,3
11/24/2023 7:00,6
11/24/2023 8:00,6
11/24/2023 9:00,5
11/24/2023 10:00,3
11/24/2023 11:00,2
11/24/2023 12:00,2
11/24/2023 13:00,6
11/24/2023 14:00,2
11/24/2023 15:00,3
11/24/2023 16:00,3
11/24/2023 17:00,3
11/24/2023 18:00,3
11/24/2023 19:00,3
11/24/2023 20:00,4
11/24/2023 21:00,5
11/24/2023 22:00,3
11/24/2023 23:00,3
11/25/2023 0:00,3
11/25/2023 1:00,4
11/25/2023 2:00,4
11/25/2023 3:00,5
11/25/2023 4:00,6
11/25/2023 5:00,5
11/25/2023 6:00,7
11/25/2023 7:00,6
11/25/2023 8:00,6
11/25/2023 9:00,6
11/25/2023 10:00,7
11/25/2023 11:00,7
11/25/2023 12:00,8
11/25/2023 13:00,2
11/25/2023 14:00,6
11/25/2023 15:00,4
11/25/2023 16:00,1
11/25/2023 17:00,2
11/25/2023 18:00,3
11/25/2023 19:00,3
11/25/2023 20:00,4
11/25/2023 21:00,3
11/25/2023 22:00,3
11/25/2023 23:00,2
11/26/2023 0:00,2
11/26/2023 1:00,2
11/26/2023 2:00,4
11/26/2023 3:00,6
11/26/2023 4:00,6
11/26/2023 5:00,8
11/26/2023 6:00,3
11/26/2023 7:00,1
11/26/2023 8:00,6
11/26/2023 9:00,7
11/26/2023 10:00,8
11/26/2023 11:00,9
11/26/2023 12:00,8
11/26/2023 13:00,10
11/26/2023 14:00,8
11/26/2023 15:00,8
11/26/2023 16:00,2
11/26/2023 17:00,1
11/26/2023 18:00,1
11/26/2023 19:00,4
11/26/2023 20:00,4
11/26/2023 21:00,4
11/26/2023 22:00,2
11/26/2023 23:00,2
11/27/2023 0:00,3
11/27/2023 1:00,1
11/27/2023 2:00,4
11/27/2023 3:00,6
11/27/2023 4:00,8
11/27/2023 5:00,10
11/27/2023 6:00,9
11/27/2023 7:00,11
11/27/2023 8:00,12
11/27/2023 9:00,12
11/27/2023 10:00,10
11/27/2023 11:00,10
11/27/2023 12:00,8
11/27/2023 13:00,8
11/27/2023 14:00,8
11/27/2023 15:00,6
11/27/2023 16:00,2
11/27/2023 17:00,2
11/27/2023 18:00,2
11/27/2023 19:00,0
11/27/2023 20:00,2
11/27/2023 21:00,5
11/27/2023 22:00,2
11/27/2023 23:00,3
11/28/2023 0:00,2
11/28/2023 1:00,4
11/28/2023 2:00,4
11/28/2023 3:00,5
11/28/2023 4:00,5
11/28/2023 5:00,8
11/28/2023 6:00,8
11/28/2023 7:00,9
11/28/2023 8:00,11
11/28/2023 9:00,12
11/28/2023 10:00,11
11/28/2023 11:00,8
11/28/2023 12:00,10
11/28/2023 13:00,7
11/28/2023 14:00,6
11/28/2023 15:00,3
11/28/2023 16:00,3
11/28/2023 17:00,2
11/28/2023 18:00,1
11/28/2023 19:00,2
11/28/2023 20:00,2
11/28/2023 21:00,2
11/28/2023 22:00,1
11/28/2023 23:00,1
11/29/2023 0:00,2
11/29/2023 1:00,6
11/29/2023 2:00,7
11/29/2023 3:00,2
11/29/2023 4:00,4
11/29/2023 5:00,7
11/29/2023 6:00,7
11/29/2023 7:00,7
11/29/2023 8:00,10
11/29/2023 9:00,10
11/29/2023 10:00,8
11/29/2023 11:00,8
11/29/2023 12:00,9
11/29/2023 13:00,4
11/29/2023 14:00,10
11/29/2023 15:00,2
11/29/2023 16:00,4
11/29/2023 17:00,4
11/29/2023 18:00,5
11/29/2023 19:00,3
11/29/2023 20:00,4
11/29/2023 21:00,4
11/29/2023 22:00,4
11/29/2023 23:00,3
11/30/2023 0:00,2
11/30/2023 1:00,1
11/30/2023 2:00,1
11/30/2023 3:00,4
11/30/2023 4:00,4
11/30/2023 5:00,6
11/30/2023 6:00,6
11/30/2023 7:00,7
11/30/2023 8:00,7
11/30/2023 9:00,8
11/30/2023 10:00,5
11/30/2023 11:00,6
11/30/2023 12:00,6
11/30/2023 13:00,5
11/30/2023 14:00,8
11/30/2023 15:00,6
11/30/2023 16:00,3
11/30/2023 17:00,2
11/30/2023 18:00,5
11/30/2023 19:00,1
11/30/2023 20:00,2
11/30/2023 21:00,4
11/30/2023 22:00,9
11/30/2023 23:00,2
12/1/2023 0:00,3
12/1/2023 1:00,5
12/1/2023 2:00,3
12/1/2023 3:00,1
12/1/2023 4:00,3
12/1/2023 5:00,9
12/1/2023 6:00,6
12/1/2023 7:00,4
12/1/2023 8:00,5
12/1/2023 9:00,3
12/1/2023 10:00,3
12/1/2023 11:00,3
12/1/2023 12:00,4
12/1/2023 13:00,3
12/1/2023 14:00,2
12/1/2023 15:00,2
12/1/2023 16:00,2
12/1/2023 17:00,3
12/1/2023 18:00,2
12/1/2023 19:00,3
12/1/2023 20:00,1
12/1/2023 21:00,7
12/1/2023 22:00,6
12/1/2023 23:00,3
12/2/2023 0:00,3
12/2/2023 1:00,1
12/2/2023 2:00,1
12/2/2023 3:00,1
12/2/2023 4:00,3
12/2/2023 5:00,5
12/2/2023 6:00,7
12/2/2023 7:00,3
12/2/2023 8:00,6
12/2/2023 9:00,6
12/2/2023 10:00,6
12/2/2023 11:00,5
12/2/2023 12:00,7
12/2/2023 13:00,2
12/2/2023 14:00,5
12/2/2023 15:00,6
12/2/2023 16:00,1
12/2/2023 17:00,3
12/2/2023 18:00,2
12/2/2023 19:00,3
12/2/2023 20:00,4
12/2/2023 21:00,3
12/2/2023 22:00,2
12/2/2023 23:00,2
12/3/2023 0:00,2
12/3/2023 1:00,3
12/3/2023 2:00,6
12/3/2023 3:00,4
12/3/2023 4:00,5
12/3/2023 5:00,9
12/3/2023 6:00,4
12/3/2023 7:00,3
12/3/2023 8:00,2
12/3/2023 9:00,6
12/3/2023 10:00,6
12/3/2023 11:00,6
12/3/2023 12:00,8
12/3/2023 13:00,5
12/3/2023 14:00,8
12/3/2023 15:00,5
12/3/2023 16:00,3
12/3/2023 17:00,3
12/3/2023 18:00,1
12/3/2023 19:00,2
12/3/2023 20:00,2
12/3/2023 21:00,2
12/3/2023 22:00,3
12/3/2023 23:00,3
12/4/2023 0:00,1
12/4/2023 1:00,1
12/4/2023 2:00,4
12/4/2023 3:00,2
12/4/2023 4:00,3
12/4/2023 5:00,5
12/4/2023 6:00,7
12/4/2023 7:00,9
12/4/2023 8:00,6
12/4/2023 9:00,6
12/4/2023 10:00,7
12/4/2023 11:00,8
12/4/2023 12:00,6
12/4/2023 13:00,5
12/4/2023 14:00,4
12/4/2023 15:00,4
12/4/2023 16:00,2
12/4/2023 17:00,1
12/4/2023 18:00,2
12/4/2023 19:00,4
12/4/2023 20:00,1
12/4/2023 21:00,3
12/4/2023 22:00,2
12/4/2023 23:00,4
12/5/2023 0:00,2
12/5/2023 1:00,3
12/5/2023 2:00,3
12/5/2023 3:00,6
12/5/2023 4:00,7
12/5/2023 5:00,5
12/5/2023 6:00,8
12/5/2023 7:00,7
12/5/2023 8:00,9
12/5/2023 9:00,6
12/5/2023 10:00,6
12/5/2023 11:00,8
12/5/2023 12:00,9
12/5/2023 13:00,6
12/5/2023 15:00,5
12/5/2023 17:00,8
12/5/2023 18:00,5
12/5/2023 19:00,2
12/5/2023 20:00,1
12/5/2023 21:00,2
12/5/2023 23:00,2
12/6/2023 0:00,
12/6/2023 1:00,4
12/6/2023 2:00,
12/6/2023 3:00,2
12/6/2023 4:00,3
12/6/2023 5:00,4
12/6/2023 6:00,4
12/6/2023 7:00,4
12/6/2023 8:00,
12/6/2023 9:00,8
12/6/2023 10:00,8
12/6/2023 12:00,6
12/6/2023 14:00,10
12/6/2023 15:00,7
12/6/2023 16:00,3
12/6/2023 17:00,1
12/6/2023 19:00,2
12/6/2023 20:00,2
12/6/2023 21:00,2
12/7/2023 6:00,6
12/7/2023 7:00,3
12/7/2023 8:00,
12/7/2023 9:00,2
12/7/2023 10:00,
12/7/2023 16:00,5
12/7/2023 17:00,11
12/7/2023 18:00,7
12/7/2023 19:00,5
12/7/2023 20:00,
12/7/2023 22:00,3
12/7/2023 23:00,3
12/8/2023 0:00,8
12/8/2023 1:00,
12/8/2023 2:00,
12/8/2023 3:00,
12/8/2023 4:00,
12/8/2023 5:00,
12/8/2023 6:00,
12/8/2023 8:00,
12/8/2023 9:00,
12/8/2023 10:00,2
12/8/2023 11:00,2
12/8/2023 15:00,3
12/8/2023 16:00,2
12/8/2023 17:00,4
12/8/2023 18:00,
12/8/2023 19:00,
12/8/2023 20:00,
12/8/2023 21:00,
12/8/2023 22:00,
12/8/2023 23:00,4
12/9/2023 0:00,3
12/9/2023 1:00,6
12/9/2023 12:00,5
12/9/2023 13:00,4
12/9/2023 14:00,
12/9/2023 15:00,3
12/9/2023 16:00,3
12/9/2023 17:00,2
12/9/2023 18:00,2
12/9/2023 19:00,2
12/9/2023 20:00,3
12/9/2023 21:00,2
12/9/2023 22:00,1
12/9/2023 23:00,2
12/10/2023 0:00,
12/10/2023 1:00,3
12/10/2023 2:00,2
12/10/2023 3:00,1
12/10/2023 4:00,4
12/10/2023 5:00,
12/10/2023 6:00,
12/10/2023 7:00,
12/10/2023 8:00,2
12/10/2023 9:00,2
12/10/2023 10:00,4
12/10/2023 11:00,4
12/10/2023 12:00,5
12/10/2023 13:00,4
12/10/2023 14:00,4
12/10/2023 15:00,5
12/10/2023 16:00,6
12/10/2023 17:00,4
12/10/2023 18:00,7
12/10/2023 19:00,
12/10/2023 20:00,
12/10/2023 21:00,
12/10/2023 22:00,
12/10/2023 23:00,
12/11/2023 0:00,
12/11/2023 1:00,
12/11/2023 2:00,
12/11/2023 3:00,
12/11/2023 4:00,
12/11/2023 5:00,3
12/11/2023 6:00,3
12/11/2023 7:00,2
12/11/2023 8:00,1
12/11/2023 9:00,3
12/11/2023 10:00,1
12/11/2023 11:00,3
12/11/2023 12:00,3
12/11/2023 13:00,4
12/11/2023 14:00,4
12/11/2023 15:00,6
12/11/2023 16:00,5
12/11/2023 17:00,7
12/11/2023 18:00,6
12/11/2023 19:00,6
12/11/2023 20:00,9
12/11/2023 21:00,7
12/11/2023 22:00,10
12/11/2023 23:00,9
12/12/2023 0:00,6
12/12/2023 1:00,6
12/12/2023 2:00,4
12/12/2023 3:00,2
12/12/2023 4:00,1
12/12/2023 5:00,6
12/12/2023 6:00,1
12/12/2023 7:00,3
12/12/2023 8:00,2
12/12/2023 9:00,3
12/12/2023 10:00,4
12/12/2023 11:00,3
12/12/2023 12:00,1
12/12/2023 13:00,3
12/12/2023 14:00,4
12/12/2023 15:00,4
12/12/2023 16:00,5
12/12/2023 17:00,7
12/12/2023 18:00,4
12/12/2023 19:00,6
12/12/2023 20:00,4
12/12/2023 21:00,6
12/12/2023 22:00,7
12/12/2023 23:00,6
12/13/2023 0:00,4
12/13/2023 1:00,7
12/13/2023 2:00,2
12/13/2023 3:00,3
12/13/2023 4:00,3
12/13/2023 5:00,1
12/13/2023 6:00,2
12/13/2023 7:00,1
12/13/2023 8:00,3
12/13/2023 9:00,2
12/13/2023 10:00,2
12/13/2023 11:00,2
12/13/2023 12:00,2
12/13/2023 13:00,4
12/13/2023 14:00,5
12/13/2023 15:00,8
12/13/2023 16:00,6
12/13/2023 17:00,5
12/13/2023 18:00,7
12/13/2023 19:00,8
12/13/2023 20:00,6
12/13/2023 21:00,7
12/13/2023 22:00,9
12/13/2023 23:00,8
12/14/2023 0:00,6
12/14/2023 1:00,5
12/14/2023 2:00,3
12/14/2023 3:00,1
12/14/2023 4:00,1
12/14/2023 5:00,2
12/14/2023 6:00,3
12/14/2023 7:00,2
12/14/2023 8:00,1
12/14/2023 9:00,2
12/14/2023 10:00,1
12/14/2023 11:00,2
12/14/2023 12:00,4
12/14/2023 13:00,5
12/14/2023 14:00,7
12/14/2023 15:00,8
12/14/2023 16:00,8
12/14/2023 17:00,9
12/14/2023 18:00,11
12/14/2023 19:00,11
12/14/2023 20:00,7
12/14/2023 21:00,9
12/14/2023 22:00,11
12/14/2023 23:00,9
12/15/2023 0:00,8
12/15/2023 1:00,7
12/15/2023 2:00,2
12/15/2023 3:00,1
12/15/2023 4:00,2
12/15/2023 5:00,2
12/15/2023 6:00,1
12/15/2023 7:00,4
12/15/2023 8:00,2
12/15/2023 9:00,1
12/15/2023 10:00,2
12/15/2023 11:00,2
12/15/2023 12:00,2
12/15/2023 13:00,5
12/15/2023 14:00,7
12/15/2023 15:00,4
12/15/2023 16:00,4
12/15/2023 17:00,6
12/15/2023 18:00,8
12/15/2023 19:00,8
12/15/2023 20:00,8
12/15/2023 21:00,7
12/15/2023 22:00,8
12/15/2023 23:00,5
12/16/2023 0:00,1
12/16/2023 1:00,3
12/16/2023 2:00,6
12/16/2023 3:00,3
12/16/2023 4:00,2
12/16/2023 5:00,2
12/16/2023 6:00,2
12/16/2023 7:00,1
12/16/2023 8:00,0
12/16/2023 9:00,2
12/16/2023 10:00,4
12/16/2023 11:00,3
12/16/2023 12:00,4
12/16/2023 13:00,7
12/16/2023 14:00,6
12/16/2023 15:00,7
12/16/2023 16:00,6
12/16/2023 17:00,6
12/16/2023 18:00,7
12/16/2023 19:00,7
12/16/2023 20:00,6
12/16/2023 21:00,5
12/16/2023 22:00,5
12/16/2023 23:00,6
12/17/2023 0:00,5
12/17/2023 1:00,4
12/17/2023 2:00,4
12/17/2023 3:00,3
12/17/2023 4:00,2
12/17/2023 5:00,1
12/17/2023 6:00,3
12/17/2023 7:00,3
12/17/2023 8:00,2
12/17/2023 9:00,2
12/17/2023 10:00,2
12/17/2023 11:00,3
12/17/2023 12:00,4
12/17/2023 13:00,6
12/17/2023 14:00,8
12/17/2023 15:00,9
12/17/2023 16:00,8
12/17/2023 17:00,7
12/17/2023 18:00,8
12/17/2023 19:00,9
12/17/2023 20:00,7
12/17/2023 21:00,7
12/17/2023 22:00,3
12/17/2023 23:00,7
12/18/2023 0:00,7
12/18/2023 1:00,4
12/18/2023 2:00,2
12/18/2023 3:00,2
12/18/2023 4:00,3
12/18/2023 5:00,2
12/18/2023 6:00,1
12/18/2023 7:00,3
12/18/2023 8:00,4
12/18/2023 9:00,2
12/18/2023 10:00,5
12/18/2023 11:00,3
12/18/2023 12:00,4
12/18/2023 13:00,5
12/18/2023 14:00,5
12/18/2023 15:00,6
12/18/2023 16:00,6
12/18/2023 17:00,6
12/18/2023 18:00,9
12/18/2023 19:00,9
12/18/2023 20:00,8
12/18/2023 21:00,4
12/18/2023 22:00,8
12/18/2023 23:00,3
12/19/2023 0:00,11
12/19/2023 1:00,3
12/19/2023 2:00,2
12/19/2023 3:00,6
12/19/2023 4:00,8
12/19/2023 5:00,1
12/19/2023 6:00,3
12/19/2023 7:00,3
12/19/2023 8:00,4
12/19/2023 9:00,4
12/19/2023 10:00,3
12/19/2023 11:00,3
12/19/2023 12:00,5
12/19/2023 13:00,9
12/19/2023 14:00,4
12/19/2023 15:00,1
12/19/2023 16:00,3
12/19/2023 17:00,6
12/19/2023 18:00,4
12/19/2023 19:00,2
12/19/2023 20:00,2
12/19/2023 21:00,5
12/19/2023 22:00,4
12/19/2023 23:00,7
12/20/2023 0:00,9
12/20/2023 1:00,3
12/20/2023 2:00,4
12/20/2023 3:00,3
12/20/2023 4:00,2
12/20/2023 5:00,0
12/20/2023 6:00,2
12/20/2023 7:00,13
12/20/2023 8:00,8
12/20/2023 9:00,6
12/20/2023 10:00,4
12/20/2023 11:00,3
12/20/2023 12:00,10
12/20/2023 13:00,6
12/20/2023 14:00,7
12/20/2023 15:00,12
12/20/2023 16:00,8
12/20/2023 17:00,10
12/20/2023 18:00,9
12/20/2023 19:00,4
12/20/2023 20:00,4
12/20/2023 21:00,4
12/20/2023 22:00,5
12/20/2023 23:00,5
12/21/2023 0:00,5
12/21/2023 1:00,4
12/21/2023 2:00,9
12/21/2023 3:00,10
12/21/2023 4:00,5
12/21/2023 5:00,10
12/21/2023 6:00,7
12/21/2023 7:00,11
12/21/2023 8:00,12
12/21/2023 9:00,5
12/21/2023 10:00,6
12/21/2023 11:00,6
12/21/2023 12:00,6
12/21/2023 13:00,9
12/21/2023 14:00,10
12/21/2023 15:00,8
12/21/2023 16:00,7
12/21/2023 17:00,3
12/21/2023 18:00,7
12/21/2023 19:00,12
12/21/2023 20:00,9
12/21/2023 21:00,6
12/21/2023 22:00,5
12/21/2023 23:00,7
12/22/2023 0:00,7
12/22/2023 1:00,6
12/22/2023 2:00,5
12/22/2023 3:00,7
12/22/2023 4:00,6
12/22/2023 5:00,2
12/22/2023 6:00,2
12/22/2023 7:00,4
12/22/2023 8:00,3
12/22/2023 9:00,14
12/22/2023 10:00,4
12/22/2023 11:00,1
12/22/2023 12:00,4
12/22/2023 13:00,6
12/22/2023 14:00,8
12/22/2023 15:00,3
12/22/2023 16:00,2
12/22/2023 17:00,2
12/22/2023 18:00,7
12/22/2023 19:00,14
12/22/2023 20:00,10
12/22/2023 21:00,6
12/22/2023 22:00,3
12/22/2023 23:00,1
12/23/2023 0:00,4
12/23/2023 1:00,1
12/23/2023 2:00,2
12/23/2023 3:00,3
12/23/2023 4:00,1
12/23/2023 5:00,7
12/23/2023 6:00,1
12/23/2023 7:00,2
12/23/2023 8:00,3
12/23/2023 9:00,2
12/23/2023 10:00,2
12/23/2023 11:00,3
12/23/2023 12:00,2
12/23/2023 13:00,3
12/23/2023 14:00,4
12/23/2023 15:00,2
12/23/2023 16:00,3
12/23/2023 17:00,2
12/23/2023 18:00,2
12/23/2023 19:00,1
12/23/2023 20:00,2
12/23/2023 21:00,4
12/23/2023 22:00,6
12/23/2023 23:00,5
12/24/2023 0:00,4
12/24/2023 1:00,3
12/24/2023 2:00,7
12/24/2023 3:00,4
12/24/2023 4:00,5
12/24/2023 5:00,4
12/24/2023 6:00,2
12/24/2023 7:00,2
12/24/2023 8:00,4
12/24/2023 9:00,4
12/24/2023 10:00,4
12/24/2023 11:00,2
12/24/2023 12:00,4
12/24/2023 13:00,6
12/24/2023 14:00,4
12/24/2023 15:00,4
12/24/2023 16:00,4
12/24/2023 17:00,3
12/24/2023 18:00,4
12/24/2023 19:00,5
12/24/2023 20:00,5
12/24/2023 21:00,3
12/24/2023 22:00,3
12/24/2023 23:00,3
12/25/2023 0:00,3
12/25/2023 1:00,1
12/25/2023 2:00,3
12/25/2023 3:00,3
12/25/2023 4:00,1
12/25/2023 5:00,3
12/25/2023 6:00,4
12/25/2023 7:00,2
12/25/2023 8:00,1
12/25/2023 9:00,1
12/25/2023 10:00,1
12/25/2023 11:00,0
12/25/2023 12:00,2
12/25/2023 13:00,2
12/25/2023 14:00,0
12/25/2023 15:00,2
12/25/2023 16:00,1
12/25/2023 17:00,1
12/25/2023 18:00,2
12/25/2023 19:00,3
12/25/2023 20:00,6
12/25/2023 21:00,7
12/25/2023 22:00,6
12/25/2023 23:00,4
12/26/2023 0:00,5
12/26/2023 1:00,6
12/26/2023 2:00,5
12/26/2023 3:00,4
12/26/2023 4:00,2
12/26/2023 5:00,3
12/26/2023 6:00,4
12/26/2023 7:00,3
12/26/2023 8:00,3
12/26/2023 9:00,2
12/26/2023 10:00,2
12/26/2023 11:00,1
12/26/2023 12:00,2
12/26/2023 13:00,4
12/26/2023 14:00,1
12/26/2023 15:00,2
12/26/2023 16:00,2
12/26/2023 17:00,3
12/26/2023 18:00,3
12/26/2023 19:00,6
12/26/2023 20:00,5
12/26/2023 21:00,4
12/26/2023 22:00,4
12/26/2023 23:00,1
12/27/2023 0:00,4
12/27/2023 1:00,1
12/27/2023 2:00,5
12/27/2023 3:00,2
12/27/2023 4:00,1
12/27/2023 5:00,2
12/27/2023 6:00,2
12/27/2023 7:00,1
12/27/2023 8:00,2
12/27/2023 9:00,4
12/27/2023 10:00,3
12/27/2023 11:00,2
12/27/2023 12:00,2
12/27/2023 13:00,4
12/27/2023 14:00,4
12/27/2023 15:00,3
12/27/2023 16:00,4
12/27/2023 17:00,6
12/27/2023 18:00,5
12/27/2023 19:00,2
12/27/2023 20:00,1
12/27/2023 21:00,5
12/27/2023 22:00,4
12/27/2023 23:00,3
12/28/2023 0:00,6
12/28/2023 1:00,2
12/28/2023 2:00,3
12/28/2023 3:00,3
12/28/2023 4:00,3
12/28/2023 5:00,2
12/28/2023 6:00,3
12/28/2023 7:00,4
12/28/2023 8:00,1
12/28/2023 9:00,2
12/28/2023 10:00,2
12/28/2023 11:00,1
12/28/2023 12:00,1
12/28/2023 13:00,1
12/28/2023 14:00,1
12/28/2023 15:00,5
12/28/2023 16:00,8
12/28/2023 17:00,6
12/28/2023 18:00,2
12/28/2023 19:00,4
12/28/2023 20:00,3
12/28/2023 21:00,3
12/28/2023 22:00,6
12/28/2023 23:00,8
12/29/2023 0:00,4
12/29/2023 1:00,4
12/29/2023 2:00,3
12/29/2023 3:00,5
12/29/2023 4:00,2
12/29/2023 5:00,4
12/29/2023 6:00,2
12/29/2023 7:00,1
12/29/2023 8:00,3
12/29/2023 9:00,3
12/29/2023 10:00,2
12/29/2023 11:00,3
12/29/2023 12:00,6
12/29/2023 13:00,8
12/29/2023 14:00,8
12/29/2023 15:00,14
12/29/2023 16:00,3
12/29/2023 17:00,3
12/29/2023 18:00,4
12/29/2023 19:00,4
12/29/2023 20:00,5
12/29/2023 21:00,3
12/29/2023 22:00,5
12/29/2023 23:00,2
12/30/2023 0:00,7
12/30/2023 1:00,7
12/30/2023 2:00,9
12/30/2023 3:00,8
12/30/2023 4:00,1
12/30/2023 5:00,3
12/30/2023 6:00,2
12/30/2023 7:00,1
12/30/2023 8:00,2
12/30/2023 9:00,0
12/30/2023 10:00,1
12/30/2023 11:00,2
12/30/2023 12:00,4
12/30/2023 13:00,4
12/30/2023 14:00,7
12/30/2023 15:00,5
12/30/2023 16:00,7
12/30/2023 17:00,8
12/30/2023 18:00,9
12/30/2023 19:00,9
12/30/2023 20:00,7
12/30/2023 21:00,8
12/30/2023 22:00,6
12/30/2023 23:00,10
12/31/2023 0:00,9
12/31/2023 1:00,6
12/31/2023 2:00,4
12/31/2023 3:00,8
12/31/2023 4:00,4
12/31/2023 5:00,3
12/31/2023 6:00,1
12/31/2023 7:00,1
12/31/2023 8:00,2
12/31/2023 9:00,3
12/31/2023 10:00,3
12/31/2023 11:00,2
12/31/2023 12:00,3
12/31/2023 13:00,4
12/31/2023 14:00,3
12/31/2023 15:00,5
12/31/2023 16:00,5
12/31/2023 17:00,4
12/31/2023 18:00,1
12/31/2023 19:00,4
12/31/2023 20:00,2
12/31/2023 21:00,5
12/31/2023 22:00,4
12/31/2023 23:00,2
,2
,5
,3
,4
,2
,5
,4
,2
,2
,1
,2
,3
,2
,2
,2
,3
,3
,5
,4
,3
,4
,5
,4
,8
,6
,10
,8
,5
,3
,4
,2
,2
,2
,1
,2
,7
,6
,4
,1
,2
,4
