Date,2021_Temp,2020_Temp,2019_Temp,2018_Temp,2017_Temp,2016_Temp,2015_Temp,2014_Temp,2013_Temp,2012_Temp,2011_Temp,2010_Temp,2009_Temp,2008_Temp,2007_Temp,2006_Temp,2005_Temp,2004_Temp,2003_Temp,2002_Temp,1994_Temp,1990_Temp,1989_Temp,1988_Temp
1/1/2020,18.09,18.4,15.8,18.37,17.29,18.76,20.16,20.38,17.57,20.03,16.1,19.24,18.8,20.04,17.54,13.9,18.29,18.45,18.61,6,6,6,6,6
1/2/2020,18,18.06,15.52,18.87,16.85,18.37,20.27,20.54,17.46,20.07,16.05,19.17,18.72,20.16,17.54,13.76,18.1,18.38,18.54,6,6,6,6,6
1/3/2020,18.02,17.92,15.62,19.02,16.54,17.61,20.48,20.45,17.35,19.85,15.99,19.52,18.59,20.25,17.53,13.84,17.61,18.3,18.47,6,6,6,6,6
1/4/2020,18,17.77,15.74,19,16.3,17.04,20.01,20.71,17.24,19.88,15.93,19.35,18.25,20.12,17.47,13.9,17.39,18.22,18.4,6,6,6,6,6
1/5/2020,17.68,17.43,15.64,18.89,16.46,16.66,20.01,20.61,17.13,20.12,15.87,19.07,18.22,19.78,17.38,13.79,17.31,18.14,18.32,6,6,6,6,6
1/6/2020,17.59,17.43,15.63,18.74,16.43,16.82,19.89,20.53,17.13,20.14,15.81,18.65,18.1,19.42,17.34,13.59,17.46,18.05,18.24,6,6,6,6,6
1/7/2020,17.55,17.77,15.91,18.09,16.51,16.68,19.97,20.53,17.13,19.44,15.75,18.27,17.69,19.25,17.28,13.56,17.42,17.97,18.16,6,6,6,6,6
1/8/2020,17.47,17.64,16.13,17.66,16.62,16.69,20.13,20.58,17.13,18.51,15.69,18.23,17.56,19.23,17.11,13.61,17.43,17.88,18.08,6,6,6,6,6
1/9/2020,17.15,17.05,16.11,17.6,16.45,16.82,20.31,20.48,17.13,18.08,15.62,18.45,17.44,19.25,17.02,13.58,17.09,17.8,17.99,6,6,6,6,6
1/10/2020,16.8,17.06,15.67,17.47,16.09,16.91,20.41,20.01,17.13,17.86,15.56,18.54,17.37,19.35,16.93,13.51,17.32,17.71,17.9,6,6,6,6,6
1/11/2020,16.45,17.12,15.24,17.31,16.03,16.92,20.57,19.93,17.13,17.48,15.49,18.47,17.33,19.11,16.83,13.41,17.04,17.62,17.81,6,6,6,6,6
1/12/2020,15.81,17.19,15.25,17.12,15.76,16.87,20.64,19.95,17.13,17.11,15.42,18.67,17.27,18.41,16.82,13.38,17.15,17.53,17.71,6,6,6,6,6
1/13/2020,15.16,17.41,15.18,17.1,15.27,16.59,20.78,19.84,17.13,16.7,15.35,18.72,17.06,17.69,16.84,13.44,16.97,17.44,17.61,6,6,6,6,6
1/14/2020,15.05,17.42,15.15,17.1,15.1,16.48,20.6,19.78,17.13,16.55,15.27,18.62,17.11,17.24,16.86,13.3,16.97,17.35,17.51,6,6,6,6,6
1/15/2020,15.03,17.36,15.07,17.1,14.86,16.35,20.64,19.77,16.31,16.46,15.2,19.15,17.14,16.97,16.83,13.3,16.77,17.26,17.4,6,6,6,6,6
1/16/2020,15.11,17.38,15.12,17.1,15.1,16.71,21.07,19.46,16.31,16.56,15.12,18.77,17.49,16.95,16.78,13.25,16.6,17.16,17.3,6,6,6,6,6
1/17/2020,15.03,16.41,15.36,16.65,14.9,16.77,20.97,19.36,16.31,16.79,15.04,18.49,17.64,16.76,16.77,13.11,16.44,17.07,17.19,6,6,6,6,6
1/18/2020,15.04,17.31,15.1,16,14.79,16.84,20.9,19.25,16.31,17.13,14.97,18.79,17.63,16.49,16.7,12.9,16.47,16.98,17.08,6,6,6,6,6
1/19/2020,15.54,16.91,14.8,15.94,14.81,16.49,20.5,18.94,16.31,17.4,14.89,18.47,17.55,16.52,16.64,12.83,16.33,16.88,16.97,6,6,6,6,6
1/20/2020,15.69,16.85,15.02,15.82,14.93,16.31,20.34,18.83,16.31,17.52,14.81,18.38,17.15,16.57,16.65,12.81,16.66,16.79,16.87,6,6,6,6,6
1/21/2020,15.66,16.79,15.05,15.82,14.8,16.23,20.02,18.78,16.31,17.59,14.73,18.39,17.09,16.58,16.52,12.83,16.31,16.69,16.76,6,6,6,6,6
1/22/2020,15.24,16.48,15.12,15.8,14.7,16.04,19.88,18.37,16.31,17.52,14.65,18.41,17.02,16.52,16.47,12.82,16.5,16.6,16.65,6,6,6,6,6
1/23/2020,15.69,16.46,15.3,15.69,14.49,15.76,19.69,18.12,16.31,17.1,14.57,18.46,16.88,16.54,16.42,12.76,16.39,16.5,16.54,6,6,6,6,6
1/24/2020,15.12,16.37,15.25,15.64,14.81,15.75,19.62,17.96,16.31,16.49,14.49,18.46,16.95,16.51,16.35,12.71,16.44,16.41,16.43,6,6,6,6,6
1/25/2020,15.21,16.32,15.08,15.59,14.96,16.08,19.26,17.77,16.17,16.09,14.41,18.99,17.01,16.44,16.3,12.66,16.4,16.31,16.32,6,6,6,6,6
1/26/2020,14.46,16.27,15,15.56,15,15.79,19.1,17.86,16.09,15.74,14.32,18.79,17.02,16.41,16.25,12.47,16.31,16.21,16.21,6,6,6,6,6
1/27/2020,13.73,16.06,14.91,15.54,15.1,15.66,18.78,17.65,16.02,15.57,14.24,18.38,16.85,16.26,16.22,12.27,16.16,16.12,16.09,6,6,6,6,6
1/28/2020,13.25,15.86,14.63,15.54,14.92,15.63,18.88,17.27,15.96,15.5,14.16,18.27,16.14,16.25,16.24,12.22,16.03,16.02,15.98,6,6,6,6,6
1/29/2020,13.36,14.78,13.88,15.45,14.68,15.93,18.55,17.14,15.96,15.54,14.08,18.01,15.57,16.26,16.26,12.33,15.99,15.92,15.87,6,6,6,6,6
1/30/2020,13.47,14.65,13.47,15.21,14.63,15.62,18.09,17.17,15.71,15.58,13.99,17.95,15.22,16.17,16.26,12.15,15.81,15.82,15.76,6,6,6,6,6
1/31/2020,13.52,14.29,12.82,15.04,14.52,15.39,17.89,17.64,15.42,15.61,13.91,17.68,15.07,16.15,16.28,12.18,15.7,15.72,15.65,6,6,6,6,6
2/1/2020,13.72,14.28,13.04,15.01,14.01,15.01,17.75,18.09,15.25,15.63,13.82,18.18,15.05,16.23,16.3,12.14,15.66,15.62,15.53,6,6,6,6,6
2/2/2020,13.91,14.25,12.68,14.9,13.7,14.44,17.47,17.76,15.06,15.62,13.74,18.01,15.1,16.31,16.28,12.17,15.62,15.51,15.42,6,6,6,6,6
2/3/2020,13.82,14.1,12.94,14.77,13.98,14.17,17.39,17.71,14.71,15.43,13.65,17.95,15.19,16.35,16.25,12.22,15.47,15.41,15.31,6,6,6,6,6
2/4/2020,13.79,13.97,12.89,14.76,14.16,13.93,17.06,17.38,14.61,15.31,13.57,18.05,15.19,16.14,16.17,12.19,15.35,15.3,15.19,6,6,6,6,6
2/5/2020,13.98,13.83,12.98,14.75,14.05,13.7,16.51,17.26,14.15,15.23,13.48,17.68,15.16,15.89,16.07,12.16,15.25,15.2,15.08,6,6,6,6,6
2/6/2020,13.86,14.01,12.98,14.69,13.15,13.08,16.13,17.1,13.88,15.21,13.4,17.67,15.07,15.7,15.97,12.13,14.94,15.09,14.96,6,6,6,6,6
2/7/2020,13.49,14.04,13.05,14.61,12.53,12.57,15.78,17.03,13.77,15.27,13.31,17.3,15.13,15.63,15.89,12.18,14.88,14.98,14.85,6,6,6,6,6
2/8/2020,13.6,13.43,13.14,14.33,12.7,12.29,15.57,16.61,13.51,15.47,13.22,17.51,15.05,15.67,15.84,12.21,14.87,14.87,14.73,6,6,6,6,6
2/9/2020,13.3,13.29,13.09,14.01,12.93,12.03,15.49,16.56,13.35,15.48,13.14,17.14,14.76,15.6,15.82,12.16,14.88,14.75,14.62,6,6,6,6,6
2/10/2020,13.35,12.74,12.86,13.54,13.17,12.67,15.1,16.53,13.17,15.48,13.05,17.47,14.04,15.36,15.78,12,14.76,14.64,14.5,6,6,6,6,6
2/11/2020,13.42,12.48,13.05,13.18,12.72,12.87,14.71,16.37,13.13,14.94,12.96,17.03,13.44,15.13,15.76,11.94,14.45,14.52,14.39,6,6,6,6,6
2/12/2020,13.32,12.48,12.68,13.13,12.31,12.43,14.29,16.47,13.12,14.38,12.87,16.91,13.86,15.1,15.73,11.82,14.35,14.41,14.27,6,6,6,6,6
2/13/2020,13.44,12.33,12.62,12.99,11.94,11.62,14.12,16.22,13.12,13.79,12.78,16.86,14.17,15.12,15.69,11.88,14.05,14.29,14.15,6,6,6,6,6
2/14/2020,13.22,12.19,12.81,12.76,12.14,11.79,13.91,16.17,13.2,13.47,12.7,16.7,13.86,15.25,15.64,12.09,13.98,14.17,14.04,6,6,6,6,6
2/15/2020,13.21,11.94,12.68,12.52,12.26,10.85,13.43,15.89,12.64,12.81,12.61,16.97,13.61,14.8,15.68,11.96,13.93,14.04,13.92,6,6,6,6,6
2/16/2020,12.99,11.69,12.5,12.3,12.39,11.03,13.42,15.5,13.2,12.63,12.52,17.18,13.36,14.65,15.78,11.93,13.88,13.92,13.8,6,6,6,6,6
2/17/2020,12.88,11.63,12.58,12.21,12.6,10.96,12.93,15.04,13.11,12.85,12.43,17.11,13.18,14.46,15.69,11.71,14.03,13.79,13.68,6,6,6,6,6
2/18/2020,12.68,11.58,12.37,11.96,11.89,11.06,12.7,14.76,12.99,13.13,12.34,16.54,12.94,14.16,15.64,11.84,13.63,13.66,13.56,6,6,6,6,6
2/19/2020,12.66,11.53,12.34,11.84,11.48,10.71,12.43,15.05,12.94,13.39,12.25,16.61,12.81,13.98,15.58,11.77,13.46,13.52,13.44,6,6,6,6,6
2/20/2020,12.43,11.49,12.37,11.65,11.53,10.94,12.36,14.65,13.02,13.54,12.15,16.54,12.73,13.81,15.55,11.71,13.3,13.38,13.31,6,6,6,6,6
2/21/2020,12.03,11.64,12.36,11.49,11.8,10.91,12.28,14.63,13.11,13.52,12.06,16.18,12.71,13.45,15.71,11.58,13.17,13.23,13.19,6,6,6,6,6
2/22/2020,11.44,11.36,12.01,11.78,11.54,11.08,12.18,14.6,13.09,13.47,11.96,15.86,12.51,13.08,15.54,11.41,13.08,13.08,13.07,6.73,6,6,6,6
2/23/2020,10.92,11.07,11.82,11.87,11.84,11.05,12.22,14.51,13.01,13.45,11.87,15.54,12.5,12.68,15.38,11.26,13.08,12.93,12.94,6,6,6,6,6
2/24/2020,10.71,10.94,11.56,12.02,12.02,10.79,12.06,13.91,12.93,13.2,11.77,15.22,12.46,12.48,15.22,11.22,12.76,12.78,12.81,6,6,6,6,6
2/25/2020,11.89,10.81,11.24,12.19,11.58,10.36,11.81,13.64,12.73,12.84,11.67,14.91,12.4,12.23,15.06,11.15,12.81,12.62,12.69,6,6,6,6,6
2/26/2020,11.81,10.6,10.87,12.13,11.39,10.26,11.36,13.5,12.41,12.74,11.57,14.59,12.36,11.97,14.93,11.07,12.8,12.46,12.56,6.29,6,6,6,6
2/27/2020,11.73,10.32,10.87,11.95,11.63,10.15,11.41,13.38,12.47,12.62,11.48,14.27,12.12,11.95,14.82,10.91,12.52,12.3,12.43,6,6,6.17,6,6
2/28/2020,11.66,10.04,10.66,11.85,11.16,10.22,11.23,13.29,12.67,12.62,11.38,13.96,12.08,11.8,14.75,10.84,11.84,12.14,12.3,6.46,6,6.04,6,6
2/29/2020,11.66,9.66,10.66,11.85,11.16,10.2,11.23,13.29,12.67,12.86,11.38,13.96,12.08,11.71,14.75,10.84,11.84,11.97,12.3,6.46,6,6.04,6,6
3/1/2020,11.58,9.29,10.41,11.81,10.85,10.2,11.1,12.79,12.74,12.82,11.28,13.64,12,11.69,14.6,10.64,11.73,11.81,12.18,6,6,6,6,6
3/2/2020,11.5,9.27,10.06,11.43,10.64,9.98,10.97,12.98,12.67,12.91,11.18,13.33,11.78,11.61,14.33,10.39,12.29,11.64,12.05,6,6,6,6,6
3/3/2020,11.42,9.23,10.33,11.15,10.41,9.81,10.71,13.15,12.59,12.7,11.07,13.02,11.65,11.56,14.17,10.32,12.28,11.47,11.92,6,6,6,6,6
3/4/2020,11.35,9.28,10.51,10.38,10.25,9.8,10.55,12.98,12.4,12.83,10.97,12.72,11.59,11.28,14.24,10.21,11.96,11.31,11.79,6.04,6,6,6,6.26
3/5/2020,11.27,8.97,10.75,9.86,10.28,9.41,10.29,13.11,12.24,11.91,10.87,12.41,11.36,11.15,14.22,10.13,11.54,11.14,11.67,6.3,6,6,6,6.3
3/6/2020,11.19,9.07,10.66,9.77,10.02,9.26,10.46,13.31,12.2,11.97,10.77,12.12,11.23,11.06,14.12,10.05,11.53,10.97,11.54,6,6,6,6,6
3/7/2020,11.11,9.03,10.4,9.92,9.8,9.35,10,13.38,12.01,12.24,10.67,11.82,11.07,10.89,14.1,9.98,11.23,10.81,11.41,6,6,6,6.17,6.11
3/8/2020,11.04,8.96,10.3,10.07,9.43,9.27,9.98,13.44,11.92,12.18,10.56,11.54,10.86,10.63,14.21,9.9,11.1,10.64,11.29,6,7.01,6,6.66,6.51
3/9/2020,10.96,8.77,10.33,10.16,9.08,9.01,10.04,13.38,11.38,11.92,10.46,11.25,10.79,10.57,14.21,9.85,10.82,10.48,11.16,6,6.96,6.01,6,6
3/10/2020,10.88,8.56,10.27,9.88,9.03,9.35,10.05,13.26,10.97,12.04,10.36,10.98,10.52,10.27,14.04,9.77,10.78,10.32,11.04,6,6.93,6,6,6
3/11/2020,10.8,8.46,10.03,9.68,8.92,9.5,9.88,13.15,10.59,12.2,10.25,10.71,9.75,10.03,14,9.85,10.91,10.16,10.92,6.82,6,6,6.56,6
3/12/2020,10.73,8.63,9.69,9.57,8.49,9.5,9.81,13.04,10.23,12.26,10.15,10.44,9.94,10.17,13.84,10.01,10.57,10,10.8,7.18,6.26,6,6,6
3/13/2020,10.65,8.58,9.45,9.39,8.51,9.5,9.99,12.94,9.99,12.12,10.04,10.19,10.71,10.16,13.7,10,10.51,9.84,10.68,6,7.04,6,6,6
3/14/2020,10.57,8.86,9.44,8.82,8.35,9.5,9.52,12.69,9.3,11.86,9.94,9.94,10.91,9.92,13.42,9.9,10.38,9.69,10.56,6,7.16,6,6.14,6
3/15/2020,10.49,8.85,9.56,8.67,8.32,9.5,9.58,12.46,8.4,11.56,9.84,9.7,10.56,10.09,13.42,9.89,10.44,9.54,10.44,6,6.16,6,6,6.32
3/16/2020,10.41,8.94,9.44,8.76,8.21,9.5,9.33,12.22,8.25,11.36,9.73,9.47,9.9,9.98,13.32,9.88,9.95,9.39,10.32,6,6,6,6,6.13
3/17/2020,10.34,8.93,9.08,8.43,8.29,9.5,8.81,11.98,9.1,11.17,9.63,9.25,9.42,9.85,13.29,9.78,9.92,9.25,10.21,6,6,8.15,6,6.88
3/18/2020,10.26,8.69,8.79,8.38,8.52,9.5,8.8,11.87,8.36,10.95,9.51,9.04,9.25,9.35,13.17,9.84,9.62,9.11,10.1,6,7.11,8.18,6,7.34
3/19/2020,10.18,8.2,8.45,9.09,8.16,9.5,8.8,11.89,8.43,10.7,9.38,8.83,9.25,9.37,13.1,9.83,9.24,8.97,9.99,6.49,6,6.31,7.02,7.66
3/20/2020,10.1,8.56,8.29,9.3,7.82,9.5,8.46,11.86,8.65,10.59,9.23,8.63,9.6,9.31,13.08,9.6,9.25,8.82,9.89,7.4,6.74,8.4,7.52,7.71
3/21/2020,10.03,8.35,7.97,9.23,7.73,9.5,8.21,11.85,8.97,10.06,9.06,8.44,9.52,9.1,13.09,9.42,9.16,8.68,9.78,8.26,7.02,8.19,7.82,6.7
3/22/2020,9.95,8.23,7.88,8.83,8.07,8.93,8.51,11.87,9.3,9.55,8.88,8.26,9.52,9.05,13.17,9.21,9.26,8.54,9.69,7,6,7.3,8.86,7.08
3/23/2020,9.87,8.11,8.14,9.16,7.51,8.06,8.71,11.72,9.44,9.27,8.7,8.08,9.38,8.89,13.14,9.06,9.47,8.4,9.59,6.07,6,8.02,7.32,7.05
3/24/2020,9.79,8,8.1,9.3,7.24,7.86,8.98,11.84,9.33,9.19,8.51,7.92,9.33,8.94,12.94,8.95,9.22,8.26,9.5,6,6,7.15,6.18,7.67
3/25/2020,9.72,8.06,8.33,9.37,7.4,7.92,8.86,11.78,9.34,8.79,8.31,7.75,9.13,8.96,12.78,8.86,9.23,8.12,9.41,7.36,6,7.74,6,8.52
3/26/2020,9.64,7.77,8.42,9.33,7.77,7.86,8.25,11.63,9.25,8.47,8.11,7.6,8.51,9.06,12.8,8.88,9.26,7.99,9.32,7.6,7.08,7.44,6,8.7
3/27/2020,9.56,8,8.15,9.01,7.83,7.48,7.69,11.42,9.18,8.07,7.92,7.45,8.42,8.98,12.81,8.96,9.09,7.85,9.24,8.7,8.14,7.76,7.14,6.46
3/28/2020,9.48,7.98,8.2,8.56,7.86,6.98,7.18,10.82,8.99,7.88,7.73,7.31,8.31,8.75,12.72,9.02,9.03,7.72,9.16,8.94,6.83,7.18,8.07,6.95
3/29/2020,9.41,7.3,8.15,8.65,7.63,6.79,6.94,10.62,8.85,7.61,7.55,7.17,8.32,8.51,12.59,9.06,8.92,7.59,9.08,9.66,6.43,7.39,7.61,7.52
3/30/2020,9.33,7.56,7.99,8.15,7.41,6.46,7.1,10.43,8.83,7.39,7.37,7.04,8.41,8.27,12.36,9.15,8.8,7.46,9,9.92,8.26,8.38,6.35,6.62
3/31/2020,9.25,7.39,7.66,7.56,7.36,6.46,7.1,10.17,8.72,7.22,7.21,6.92,8.57,8.19,12.37,8.98,8.75,7.33,8.93,9.9,8.02,8.63,6.95,7.61
4/1/2020,9.17,7.88,7.56,7.27,7.34,6.69,6.6,9.95,8.62,6.99,7.07,6.81,8.5,8.1,12.43,8.88,8.46,7.21,8.86,10.25,7.4,8.08,6,7.98
4/2/2020,9.1,7.37,7.27,7.31,7.33,6.47,6.64,9.35,8.67,6.74,6.94,6.7,8.5,8.13,12.53,8.82,8.73,7.08,8.8,10.37,7.26,8.75,8.11,7.16
4/3/2020,9.02,7.79,7.37,7.04,7.31,6.61,6.45,9.11,8.53,6.55,6.84,6.59,8.46,8.15,12.51,8.77,8.3,6.97,8.73,8.95,8.38,8.51,7.92,6.4
4/4/2020,11.83,7.79,7.58,6.81,7.5,6.43,6.87,8.76,8.52,6.47,6.88,6.49,8.12,8.18,12.45,8.7,8.36,6.85,8.67,7.62,7.98,7.81,9.09,8.8
4/5/2020,12.08,8.07,7.53,6.71,7.61,6.29,7.02,8.29,8.44,6.34,7.04,6.4,8.09,8.22,12.18,8.68,8.13,6.74,8.62,6.04,7.25,8.37,10.02,8.78
4/6/2020,12.02,8.17,7.41,6.83,8.09,6.58,7.12,8.05,8.42,6.14,7.26,6.32,7.92,8.23,12.24,8.71,8.18,6.63,8.56,6,7.55,8.03,10.13,7.68
4/7/2020,11.69,8.11,7.4,6.96,8.39,7.11,7.4,8,8.38,6.15,7.21,6.23,7.69,8.23,12.16,8.55,8.2,6.52,8.51,8.8,7.65,6.81,10.61,7.17
4/8/2020,11.88,8.04,7.64,7.27,8.8,6.37,7.25,8.14,8.38,6.22,7.31,6.16,7.91,8.15,12.05,8.47,8.28,6.42,8.46,9.74,6.53,8.41,10.55,7.74
4/9/2020,11.66,7.97,7.52,7.71,8.47,6.56,7.34,8.41,8.46,6.27,7.27,6.09,7.86,8.09,12.07,8.42,8.35,6.32,8.41,8.65,7.14,9.08,10.45,9.42
4/10/2020,11.49,8,7.35,8.02,8.53,7,7.05,8.73,8.42,6.31,7.14,6.02,7.93,8.04,11.94,8.34,7.83,6.23,8.36,7.99,8.58,8.12,9.96,8.08
4/11/2020,11.23,7.83,7.35,8.12,8.8,7,7.27,9.26,8.4,6.48,6.97,5.97,7.9,8.08,11.85,8.35,7.72,6.14,8.32,8.92,8.53,8.91,8.32,9.28
4/12/2020,11.21,7.77,6.98,7.99,8.64,7,7.41,9.57,8.37,6.6,6.88,5.91,7.94,8.02,11.97,8.36,7.53,6.06,8.28,9.4,7.8,8.54,8.02,7.54
4/13/2020,10.94,7.64,7.35,7.74,8.55,7.22,7.23,9.72,8.43,6.58,6.79,5.86,7.97,7.9,12.12,8.35,7.59,5.98,8.24,10.72,9.81,9.12,9.65,7.52
4/14/2020,10.73,7.59,7,7.44,8.36,7.16,6.96,9.99,8.46,6.56,6.77,5.82,7.91,7.81,12.15,8.09,7.4,5.91,8.21,10.66,9.52,9.24,8.68,6.07
4/15/2020,10.84,7.58,6.99,7.31,8.24,6.51,7.05,10.23,8.56,6.48,6.75,5.78,8.08,7.75,12.21,7.93,7.12,5.84,8.18,6.26,10.92,8.63,9.5,6.11
4/16/2020,10.61,7.57,6.97,7.23,7.93,6.21,6.94,9.94,8.58,5.84,6.7,5.75,8.37,7.88,12.18,7.75,7.13,5.77,8.15,7.89,9.27,7.37,8.24,7.13
4/17/2020,10.47,7.52,6.72,7.42,7.98,6.26,7.08,9.97,8.66,5.76,6.63,5.72,8.1,7.88,12.16,7.71,7.02,5.72,8.12,6,10.2,8.79,10.01,9.43
4/18/2020,10.53,7.7,6.88,7.73,8.01,6.17,7.19,9.98,8.63,5.65,6.64,5.69,7.93,7.82,12.1,7.77,6.45,5.66,8.09,6.49,10.47,10.38,8.56,8.94
4/19/2020,10.38,7.81,6.83,8.11,7.94,5.78,7.32,9.59,8.59,5.63,6.39,5.66,7.79,7.74,12,7.67,6.26,5.61,8.06,8.64,9.72,8.41,8.8,7.33
4/20/2020,10.32,7.87,6.92,8.52,7.95,5.94,7.57,9.8,8.58,5.72,6.16,5.64,7.46,7.51,11.89,7.61,6.22,5.57,8.04,9.3,9.6,9.62,8.75,7.66
4/21/2020,10.17,7.97,7.05,8.33,7.83,6.21,7.41,9.72,8.46,5.89,6.16,5.61,7.32,7.56,11.79,6.7,6.01,5.53,8.02,9.45,9.25,9.96,8.76,7.66
4/22/2020,10.84,8.04,7.02,8.53,7.32,6.01,7.4,9.9,8.41,6.02,6.19,5.59,7.21,7.33,11.68,5.99,6.03,5.49,7.99,10.5,8.15,9.32,8.01,7.02
4/23/2020,11.33,7.81,7.27,8.48,7.03,5.89,7.47,9.89,8.42,6.06,6.55,5.57,6.98,7.66,11.71,6.09,5.75,5.46,7.97,11.23,6.33,8.72,8.23,7.79
4/24/2020,11.79,7.94,7.64,7.67,6.98,5.97,7.43,9.74,8.47,6.16,6.83,5.55,6.77,7.42,11.67,6.16,5.67,5.43,7.95,9.76,7.35,8.96,7.06,9.92
4/25/2020,11.55,8.01,7.46,7.01,7.08,5.63,7.53,9.74,8.47,6.28,6.64,5.53,6.89,7.27,11.66,6.11,5.62,5.4,7.92,8.45,7.26,10.26,6.73,10.02
4/26/2020,10.92,7.88,7.69,6.99,6.99,5.71,7.37,9.58,8.54,6.37,6.7,5.51,6.84,7.52,11.54,5.87,5.64,5.38,7.9,7.27,7.03,10.96,8.52,9.49
4/27/2020,11.32,7.77,7.32,6.99,7.2,6.07,7.52,9.54,8.63,6.72,6.97,5.49,6.71,7.37,11.53,5.92,5.61,5.36,7.88,6.96,7.59,10.41,9.34,8.71
4/28/2020,10.99,7.71,7.56,7.17,6.79,5.61,7.27,9.34,8.67,6.6,7.07,5.47,6.65,6.7,11.6,6.18,5.74,5.34,7.86,8.02,10,8.65,9.92,10.08
4/29/2020,11.09,7.75,7.34,7.13,6.6,5.35,7.12,9.67,8.76,6.58,7.17,5.45,6.76,6.92,11.78,6.2,5.68,5.33,7.84,7.45,9.83,7.89,8.32,9.8
4/30/2020,11.03,7.78,7.31,7.28,6.52,5.04,7.06,9.62,8.86,6.56,7.19,5.44,6.73,6.52,11.77,6.13,5.44,5.32,7.82,7.27,9.7,9.82,8.52,7.16
5/1/2020,11.01,7.86,7.32,7.39,6.86,5,7.36,9.8,8.96,6.36,7.15,5.42,6.67,6.52,11.55,6.12,5.54,5.31,7.8,8,8.56,9.49,9.62,7.34
5/2/2020,11.03,7.88,7.48,7.1,7.3,5.21,7.44,9.95,9.04,6.19,7.1,5.41,6.66,6.48,11.37,6.11,5.51,5.3,7.78,8.69,9.36,10.07,9.04,8.74
5/3/2020,10.62,7.89,7.4,7.41,7.38,5.32,7.29,10.14,9.17,6.26,7.12,5.39,6.83,6.4,11.41,6.14,5.6,5.29,7.77,10.17,9.59,11.28,10.1,7.92
5/4/2020,10.61,7.65,7.43,7.72,7.36,5.62,7.03,9.87,9.26,6.47,7.21,5.38,6.79,6.74,11.41,6.12,5.64,5.29,7.75,10.22,9.62,11.29,11.37,8.69
5/5/2020,10.85,7.52,7.65,7.63,7.28,6.06,6.8,10.16,9.21,6.53,7.43,5.37,6.5,6.6,11.42,6.13,5.78,5.29,7.73,11.11,9.65,11.81,11.3,7.15
5/6/2020,10.73,7.66,6.97,7.68,7.33,6.34,6.44,10.19,9.22,6.86,7.43,5.36,6.88,6.56,11.48,6.29,5.94,5.28,7.71,10.28,7.78,10.64,10.59,8.44
5/7/2020,11.58,7.37,6.5,7.55,7.4,6.15,6.51,10.16,9.22,6.73,7.31,5.35,7.15,6.86,11.27,6.43,5.78,5.28,7.7,9.38,7.92,9.83,10.87,8.02
5/8/2020,11.21,7.4,6.34,6.79,7.69,6.05,6.46,10.21,9.15,6.39,7.26,5.35,6.62,6.6,11.39,6.75,5.86,5.29,7.68,9.5,9.69,10.36,10.74,9.77
5/9/2020,11.59,7.77,6.61,6.06,7.75,6.4,6.59,10.3,9.08,6.43,7.24,5.34,6.62,6.25,11.44,6.66,5.83,5.29,7.66,10.07,11.53,10.71,8.31,10.24
5/10/2020,11.29,7.86,6.73,6.04,7.77,6.73,6.59,10.6,9.25,6.33,7.35,5.33,6.6,6.5,11.45,6.83,5.93,5.29,7.65,7.99,12.36,8.7,7.64,11.68
5/11/2020,11.19,8.31,7.01,5.86,7.74,7.03,6.73,10.84,9.4,6.09,7.31,5.33,6.41,6.21,11.68,6.99,5.96,5.29,7.63,10.26,11.59,10.49,8.15,12.28
5/12/2020,11.07,8.67,7.12,6.2,8.16,6.82,6.83,11.04,9.6,6.11,7.57,5.32,6.15,5.93,11.77,7.25,5.91,5.3,7.61,11.05,9.44,10.07,9.76,11.68
5/13/2020,11.13,8.94,7.42,6.03,8.39,6.65,7.17,10.72,9.85,6.3,7.88,5.32,5.97,5.6,11.78,7.53,5.99,5.3,7.6,10.82,10.89,9.07,9.75,9.73
5/14/2020,10.89,8.76,7.16,5.35,8.26,6.62,7.33,10.72,10.13,5.96,7.85,5.32,6.03,5.87,11.77,7.58,6.14,5.31,7.58,9.84,9.54,9.86,10.46,11.07
5/15/2020,11,8.2,7.25,5.14,8.12,6.55,7.36,10.8,10.3,5.99,7.73,5.32,5.9,5.72,11.81,8.24,6.38,5.31,7.57,11.18,8.29,10.5,11.13,11.8
5/16/2020,11.08,8.1,7.33,5.68,7.86,6.45,7.6,11.01,10.27,6.03,7.74,5.32,5.96,5.67,11.78,8.67,6.29,5.32,7.55,10.74,8.4,10.14,11.54,8.41
5/17/2020,11.05,8.12,7.52,6.2,7.87,6.56,8.16,11.02,9.99,6.33,7.72,5.32,6.33,5.6,11.58,8.76,6.29,5.32,7.53,11.05,8.08,10.09,11.91,9.34
5/18/2020,11.22,7.95,7.82,5.84,7.83,6.65,8.09,11.42,10.06,6.2,7.24,5.32,6.45,5.64,11.66,9.13,6.5,5.32,7.52,9.92,8.14,8.73,10.05,10.73
5/19/2020,11.65,7.79,8.14,6.03,7.76,6.68,8.33,11.48,10.15,6.61,7.14,5.33,6.24,5.37,11.45,9.26,6.14,5.33,7.5,9,9.52,9.21,11.03,11.84
5/20/2020,11.79,7.88,7.93,5.63,7.89,6.65,7.6,11.48,10.21,6.61,7.02,5.33,6.91,5.54,11.4,9.4,6.22,5.33,7.48,8.32,10.56,11.28,9.74,12.42
5/21/2020,11.56,8.18,7.78,5.33,8.08,6.67,7.48,11.5,10.31,7.08,7.26,5.33,7.25,5.71,11.4,9.72,6.25,5.33,7.47,9.11,11.2,10.42,10.51,12.53
5/22/2020,11.89,8.2,7.77,5.44,8.04,6.8,7.05,11.55,10.5,7.08,7.32,5.34,6.86,5.9,11.29,9.81,6.1,5.34,7.45,9.32,10.86,12.66,9,10.57
5/23/2020,12.04,7.89,7.66,5.41,7.58,6.99,6.97,11.44,10.66,6.7,7.41,5.34,6.81,5.7,11.45,9.71,6.09,5.34,7.43,10.04,11.85,9.81,9.37,11.91
5/24/2020,12.65,7.75,8.04,5.22,7.48,7.13,6.82,11.19,10.85,6.23,7.42,5.34,6.63,5.66,11.42,9.74,6.16,5.34,7.42,11.76,12.48,10.12,9.71,11.94
5/25/2020,12.94,7.62,8.37,4.7,7.21,7.13,7.05,10.96,11.03,6.45,7.57,5.35,6.7,5.48,11.48,9.79,6.07,5.35,7.4,11.92,12.04,10.22,10.35,11.77
5/26/2020,13.32,7.7,8.42,4.76,7.61,6.54,7.06,10.68,11.2,6.81,7.57,5.36,6.63,5.76,11.5,9.55,6.2,5.36,7.38,11.6,10.21,10.89,11.51,9.82
5/27/2020,13.55,7.68,8.65,5.01,7.31,6.09,6.96,10.53,11.35,6.69,7.73,5.36,6.81,6.2,11.5,9.55,6.53,5.36,7.37,11.45,11.36,10.49,11.14,11.61
5/28/2020,14.05,7.82,8.28,5.53,7.31,5.77,7.02,10.35,10.86,6.75,8,5.37,6.79,6.69,11.5,9.22,7.18,5.37,7.35,11.29,11.85,10.05,10.01,10.22
5/29/2020,14.87,7.97,8.34,5.5,7.21,5.73,7.04,10.44,11.27,7.04,8.11,5.38,6.58,6.17,11.5,8.5,6.65,5.38,7.34,12.73,12.34,11.08,10.44,8.85
5/30/2020,15.16,7.99,8.49,5.98,7.61,5.96,6.99,10.58,12.35,7.23,8.24,5.39,7.05,6.01,11.5,8.22,6.89,5.39,7.32,14.2,11.76,11.05,11.76,10.25
5/31/2020,15.23,7.93,9.11,6.53,7.64,6.14,7.37,10.41,12.11,7.36,7.73,5.4,6.86,6.44,11.5,8.04,7.5,5.4,7.31,13.9,11.95,9.73,12.03,11.08
6/1/2020,15.57,7.92,9.63,6.64,7.57,6.09,7.24,10.36,12.46,7.5,7.61,5.41,6.75,6.4,8.91,7.88,6.53,5.41,7.3,11.87,11.94,11.66,12.66,11.8
6/2/2020,14.99,8.07,9.42,6.71,7.99,5.93,7.33,9.79,12.54,7.47,7.79,5.43,7.03,6.42,7.43,7.84,7.23,5.43,7.29,10.82,11.87,12.63,12.91,12.81
6/3/2020,15.04,8.21,9.11,7.16,7.78,6.22,7.5,9.85,12.41,7.78,7.88,5.44,7.01,6.13,7.09,7.51,7.07,5.44,7.27,12.13,11.7,12.71,12.27,12.79
6/4/2020,15.95,8.32,8.88,7.14,7.7,6.33,7.86,9.96,12.53,7.99,8.23,5.46,6.77,6.09,6.89,7.39,6.59,5.46,7.27,13.07,11.41,12.56,11.25,10.22
6/5/2020,16.14,8.43,9.02,6.9,7.68,6.08,7.93,10.24,12.46,8.07,8.43,5.48,6.65,6.31,7.07,7.64,6.6,5.48,7.26,14.07,10.93,12.61,12.74,10.95
6/6/2020,16,8.74,9.29,7.16,8.31,5.77,7.68,10.48,11.98,8.18,8.75,5.5,6.46,6.18,7.09,7.86,6.33,5.5,7.25,14.46,10.95,12.48,13.2,10.74
6/7/2020,16.53,9.08,9.84,6.81,8.09,5.63,8.34,10.79,12.11,8.09,8.88,5.52,6.58,6.25,7.27,8.19,6.29,5.52,7.24,12.59,11.59,13.34,12.73,10.84
6/8/2020,16.09,9.3,9.85,6.32,8.29,6.03,7.83,11.04,12.53,7.72,8.61,5.55,6.62,6.22,7.43,8.27,6.16,5.55,7.24,11.04,12.69,14.04,13.48,11.98
6/9/2020,15.87,8.48,9.7,6.64,8.99,6.64,7.82,11.39,12.77,7.63,7.93,5.58,6.48,6,7.46,7.94,6.21,5.58,7.24,10.46,13.56,12.42,12.74,12.69
6/10/2020,15.31,8.79,10.1,6.5,9.29,7.24,7.86,11.65,12.6,7.81,8.38,5.61,6.5,5.91,7.45,7.64,5.77,5.61,7.23,13.11,14.25,12.55,13.07,12.88
6/11/2020,15.35,8.48,10.15,6.68,10.06,7.72,8.18,11.47,12.19,8.18,8.6,5.64,6.43,5.81,7.62,7.88,5.63,5.64,7.23,14.03,13.6,12.75,12.72,12.62
6/12/2020,15.33,8.19,10.66,6.81,10.26,8.2,7.84,12.08,12.18,8.48,9.12,5.67,6.38,5.79,8.06,7.86,5.48,5.67,7.24,13.39,12.4,12.16,13.42,13.64
6/13/2020,15.95,8.4,11.04,6.91,10.31,8.59,8.02,12.37,11.92,8.74,9.23,5.71,6.91,5.92,7.4,8.6,5.63,5.71,7.24,13.64,12.01,12,13.34,14.28
6/14/2020,16.26,8.74,11.64,6.66,10.25,8.67,7.57,12.53,11.99,8.93,9.33,5.75,6.98,6.11,7.96,8.57,5.59,5.75,7.25,12.84,12.63,12.58,14.03,13.72
6/15/2020,16.5,8.84,11.88,6.72,9.63,9.04,7.98,12.66,12.21,9.16,9.46,5.8,7.06,7.09,7.91,8.35,5.68,5.8,7.25,13.56,11.93,12.91,14.32,14.54
6/16/2020,15.98,8.52,12.13,7.13,9,8.01,7.97,12.88,12.46,9.16,9.59,5.85,7.59,7.09,7.87,8.41,5.61,5.85,7.26,13.52,11.87,13.3,13.46,13.33
6/17/2020,16.25,8.26,11.75,7.35,8.58,8.11,8.47,12.99,12.65,9.75,9.79,5.91,7.68,7.16,7.53,8.68,5.57,5.91,7.28,12.97,12.41,13.46,12.89,12.93
6/18/2020,16.56,8.75,10.67,7.82,8.03,8.12,9.43,13.31,12.97,10.02,9.68,5.98,7.74,7.12,7.89,8.53,5.54,5.98,7.32,12.97,12.48,12.62,13.34,14.21
6/19/2020,16.72,9.17,9.95,8.07,9.85,8.19,9.63,13.3,13.13,10.26,8.54,6.06,7.88,7.61,7.98,9.14,5.64,6.06,7.36,13.78,12.76,14.28,12.56,14.62
6/20/2020,17.68,9.18,9.34,8.35,8.84,8.08,9.64,13.13,13.23,10.34,8.15,6.14,7.85,7.77,7.73,8.96,5.51,6.15,7.42,13.96,12.42,14.96,11.76,13.63
6/21/2020,17.29,9.26,10.54,8.04,9.1,8.22,9.99,13.22,13.29,10.5,8.06,6.24,8.1,8.09,8.32,8.88,5.44,6.24,7.5,12.34,13.6,14.97,13.55,13.86
6/22/2020,17.24,9.21,9.76,8.11,9.09,8.13,9.42,12.9,13.22,10.45,8.38,6.34,8.1,7.5,8.29,8.87,5.75,6.34,7.58,12.55,13.41,13.73,14.43,13.39
6/23/2020,17.02,9.17,10.28,7.8,8.55,7.97,9.53,13.58,13.4,10.44,8.91,6.44,8.27,6.89,8.49,9.33,5.92,6.45,7.67,14.11,13.51,14.52,13.9,14.39
6/24/2020,16.79,9.11,10.61,8.44,8.37,8.14,9.32,13.02,13.53,10.23,9.11,6.56,8.17,6.84,8.74,9.42,6.29,6.57,7.78,14.21,12.84,14.14,13.67,14.56
6/25/2020,17.26,9.71,10.31,8.34,8.55,8.17,9.49,13.55,13.73,10.18,9.1,6.67,8.3,7.13,8.87,9.59,6.06,6.69,7.89,14.9,13.38,13.72,13.89,13.92
6/26/2020,17.34,10.03,10.29,8.34,8.64,7.9,9.52,13.52,14.38,10.27,9.12,6.79,8.3,7.21,9.64,9.8,6.39,6.81,8.01,14.58,13.81,14.01,14.31,13.74
6/27/2020,17.61,10.29,10.11,8.17,8.54,8.41,9.94,13.73,14.35,10.48,8.79,6.92,8.39,7.22,9.87,9.52,6.08,6.94,8.13,14.03,15.14,13.59,14.55,13.25
6/28/2020,18.1,10.43,10.06,8.19,8.74,8.41,10.16,14.03,14.43,10.58,8.95,7.05,8.57,7.66,9.82,9.1,6.49,7.06,8.26,14.19,14.56,14.71,13.36,13.3
6/29/2020,17.73,10.66,9.99,8.6,9.01,8.67,10.04,14.19,14.49,10.53,9.03,7.18,8.82,7.9,9.43,9.17,6.98,7.2,8.4,14.49,14.8,15.1,13.63,13.8
6/30/2020,17.79,10.51,10.14,8.87,9.58,8.56,9.6,14.36,14.58,10.39,9.21,7.31,8.52,8.08,9.65,9.45,6.34,7.33,8.54,15.53,14.25,15.18,13.79,14.27
7/1/2020,17.94,10.45,10.37,9.1,9.15,8.26,9.7,14.57,14.38,10.7,9.55,7.44,8.39,7.93,9.79,9.73,6.34,7.46,8.69,16.52,14.78,14.03,13.26,15
7/2/2020,18.4,10.39,10.83,9.44,10.65,8.26,9.53,14.32,14.58,10.31,9.89,7.57,8.32,7.78,9.72,9.66,6.83,7.6,8.83,15.83,14.75,13.64,13.95,15.09
7/3/2020,17.95,10.91,11.4,10.12,10.66,8.75,10.1,14.05,14.44,10.37,9.45,7.7,8.28,8.41,9.42,9.44,6.62,7.73,8.98,15.52,15.22,14.86,14.18,14.81
7/4/2020,18.96,11.49,11.49,10.08,10.62,9.15,10.13,14.36,14.69,10.49,9.22,7.83,8.22,8.15,9.66,9.1,7.41,7.86,9.13,14.9,14.37,14.05,14.16,13.71
7/5/2020,18.97,11.83,11.43,9.59,9.65,8.78,10.58,14.54,14.61,10.35,9.3,7.96,7.83,8.2,9.5,8.96,7.62,7.99,9.27,14.73,14.96,14.41,14.51,13.84
7/6/2020,19.77,12.08,11.15,9.32,9.37,8.94,11.14,13.91,14.63,10.18,9.77,8.09,8,8.24,9.9,9.16,8.23,8.11,9.42,15.03,15.03,14.79,14.98,14.11
7/7/2020,20.17,12.02,10.97,9.5,9.12,8.85,11.12,14.52,14.73,10.59,9.13,8.21,7.81,8.16,10.05,8.94,9.05,8.24,9.56,14.56,15.29,14.93,15.18,15.32
7/8/2020,19.96,11.69,10.67,10.15,9.49,8.65,11.32,13.62,14.86,10.77,9.73,8.33,8.22,8.76,10.19,9.45,7.74,8.36,9.71,14.96,15.21,15.02,14.95,15.13
7/9/2020,19.12,11.88,10.91,10.67,8.96,8.4,11.24,14.15,14.87,10.85,9.57,8.45,8.12,8.18,9.96,9.22,7.82,8.47,9.84,16.75,15.61,15.36,14.29,16.01
7/10/2020,18.58,10.75,10.73,11.37,9.3,8.32,11.2,14.31,14.76,10.19,10.09,8.55,8.5,8.21,10.06,9.47,7.76,8.58,9.97,17.36,15.49,15.69,14.8,15.8
7/11/2020,18.58,10.72,11.1,11,9.52,8.22,10.91,14.76,14.98,10.44,10.28,8.66,8.42,8.27,10.13,9.36,7.53,8.68,10.1,17.15,15.82,15.48,15,14.92
7/12/2020,18.33,11.23,11.04,10.26,9.32,8.36,11.2,15.2,15.58,10.19,10.35,8.76,8,8.33,10.22,10.02,7.4,8.77,10.22,17.17,15.9,16.03,14.97,14.82
7/13/2020,18.08,11.21,11.48,10.1,9.14,8.51,11.25,15.62,15.77,10.26,10.82,8.85,8.1,8.13,10.41,9.65,7.6,8.86,10.33,16.62,15.81,16.7,14.97,15.44
7/14/2020,18.03,10.94,11.62,10.31,10.12,8.55,11.69,15.64,16.89,10.3,11.21,8.93,8.17,8.12,11.01,9.74,7.86,8.94,10.43,16.82,15.99,16.57,14.63,14.97
7/15/2020,17.48,10.63,11.89,11.23,10.02,8.31,11.74,15.76,16.16,10.5,10.71,9.01,8.34,8.23,11.12,9.42,8.14,9.01,10.53,16.34,16.25,16.51,14.01,15.29
7/16/2020,17.73,10.61,12.39,11.03,9.86,8.42,11.47,15.53,15.2,10.16,9.86,9.07,8.44,7.88,11.34,9.09,8.15,9.07,10.61,16.01,16,15.95,14.49,16.48
7/17/2020,17.43,10.61,12.5,10.86,9.54,8.59,11.19,15.55,15.03,9.94,9.69,9.13,8.62,8.21,11.31,9.43,7.89,9.13,10.68,15.81,16.02,15.66,15.68,17.02
7/18/2020,17.34,10.47,12.93,10.87,8.55,8.6,11.39,15.45,13.87,10.25,10.04,9.18,8.91,8.77,11.09,9.47,7.6,9.18,10.75,15.71,15.76,15.61,16.62,16.94
7/19/2020,17.8,10.53,13.25,10.94,8.52,8.67,11.27,15.98,12.56,9.82,10.98,9.24,9.04,8.81,11.11,9.27,7.61,9.23,10.81,16.27,14.86,16.05,15.77,16.64
7/20/2020,18.5,10.38,12.3,10.68,8.73,8.99,11.23,16.51,11.77,9.75,11.61,9.28,9.26,9.36,11.27,9.17,8.07,9.28,10.87,16.71,14.63,16.34,15.2,17.1
7/21/2020,18.02,10.32,12.28,9.93,9.18,9.11,12,16.98,11.18,9.7,11.66,9.33,9.15,9.53,11.42,9.17,8.39,9.32,10.93,15.84,15.21,16.08,15.11,16.69
7/22/2020,17.54,10.17,11.45,10.16,9.52,9.2,12.12,16.77,10.83,10.17,12.3,9.37,8.86,10.37,11.66,9.3,8.57,9.37,10.99,15.85,16.55,16.33,16.31,17.29
7/23/2020,17.37,10.84,11.04,9.64,10.24,9.5,12.06,16.78,10.54,10.25,12.72,9.41,8.25,10.64,11.33,9.45,8.4,9.41,11.05,15.73,15.42,16,16.06,17.04
7/24/2020,17.31,11.33,11.19,9.9,10.51,9.71,11.4,16.89,10.27,10.57,12.17,9.45,8.32,10.68,10.81,9.32,7.9,9.46,11.1,15.52,15.31,15.02,15.42,17.23
7/25/2020,17.66,10.75,11.46,10.14,11.07,9.6,10.35,17.28,10.53,10.54,12.8,9.48,8.94,10.52,10.89,9.48,7.79,9.5,11.16,15.98,15.67,15.33,15.28,17.19
7/26/2020,17.49,10.81,11.39,10.27,11.58,9.54,10.2,16.45,10.42,10.31,12.94,9.51,9.17,10.13,11.14,9.74,8.05,9.54,11.21,16.02,15.73,15.49,15.2,16.94
7/27/2020,17.93,10.87,11.38,10.42,12.05,9.53,11.16,16.43,10.51,10.37,12.78,9.55,9.46,9.95,11.29,10.51,8.07,9.58,11.26,16.47,16.21,16.14,15.35,16.69
7/28/2020,17.64,11.32,11.55,10.39,11.82,9.53,11.05,17.39,10.45,10.39,12.64,9.58,9.19,9.92,11.62,10.55,8.21,9.62,11.31,16.09,16.38,16.56,14.33,16.44
7/29/2020,18.15,10.99,11.71,10.35,10.89,9.51,11.28,17.6,11.08,10.56,12.16,9.61,8.98,9.83,11.91,10.63,8.66,9.66,11.36,15.89,16.12,16.26,14.34,16.84
7/30/2020,18.3,11.09,11.54,10.16,10.71,9.65,10.95,17.92,11.32,10.73,11.58,9.64,8.66,9.78,12.12,10.95,9.35,9.7,11.41,16.94,16.08,16.58,14.54,17.14
7/31/2020,18.73,11.03,11.03,9.81,11.27,9.7,11.23,18.22,12.3,10.74,11.46,9.67,8.61,9.76,12.21,10.94,9.49,9.73,11.46,16.2,16.14,16.79,14.24,16.67
8/1/2020,18.75,10.9,11.29,9.88,11.01,9.85,11.82,18.81,12.3,11.18,11.87,9.7,8.54,10.05,11.7,10.94,10.12,9.77,11.51,16.41,16.41,16.72,14.67,16.01
8/2/2020,18.72,10.76,10.61,9.86,10.93,10.09,11.79,18.95,12.11,11.36,11.78,9.73,8.73,10.2,11.42,10.44,10.34,9.81,11.56,16.42,16.33,16.78,15.37,16.29
8/3/2020,18.69,10.62,9.95,10.08,10.88,10.49,12.31,18.85,12.43,11.59,11.91,9.77,9,10.31,11.33,10.28,10.25,9.85,11.62,16.64,16.28,16.57,16.13,16.02
8/4/2020,18.53,10.61,10.57,10.2,11.23,10.84,12.27,18.78,12.07,11.59,11.9,9.8,9.47,10.29,11.06,10.18,9.93,9.88,11.67,15.82,16.77,17.04,16.25,15.43
8/5/2020,19.21,10.85,10.09,10.05,11.29,10.69,12.22,18.86,11.9,11.79,11.94,9.83,9.21,10.33,11.14,10.31,9.89,9.92,11.72,15.4,16.38,17.43,16.48,16.25
8/6/2020,18.36,10.73,9.57,9.82,11.55,10.29,11.51,19.04,11.4,11.99,11.65,9.87,9.23,10.45,11.44,10.66,10.09,9.96,11.77,14.87,16.09,17.67,16.18,15.67
8/7/2020,17.41,11.58,8.93,9.79,11.43,9.98,11.22,17.68,11.59,11.67,11.13,9.91,9.27,10.62,11.3,10.53,10.2,10,11.83,15.83,16.17,17.87,16.19,15.77
8/8/2020,17.8,11.21,8.19,9.91,11.33,9.94,10.84,17.22,11.6,11.29,11.2,9.95,9.56,10.53,11.36,11.03,10.42,10.04,11.88,16.57,15.61,17.31,16.98,15.68
8/9/2020,18.25,11.59,7.54,9.77,12.14,10.02,10.82,18.03,11.65,11.18,11.04,10,9.32,10.68,11.59,10.97,10.53,10.08,11.94,17.18,16.67,17.62,17.24,16.27
8/10/2020,18.51,11.29,7.2,9.73,12.67,10.19,11.76,18.97,11.67,11.27,10.83,10.04,8.84,11.17,11.7,11.31,10.54,10.12,12,17.61,16.52,16.75,16.35,16.39
8/11/2020,18.44,11.19,7.78,9.71,12.79,10.38,12.17,19.08,11.7,11.54,11.13,10.1,8.74,11.07,11.7,11.19,10.69,10.16,12.06,17.34,16.72,16.6,15.88,16.05
8/12/2020,18.52,11.07,8.64,10.09,13.12,10.39,12.2,18.32,11.71,11.87,11.19,10.15,8.67,11.15,11.8,11.74,10.7,10.2,12.12,17.63,16.56,16.82,15.67,15.62
8/13/2020,18.66,11.13,9.01,10.23,13.5,10.15,12.75,17.98,12.08,11.92,11.57,10.21,8.92,11.3,11.8,12.62,10.69,10.25,12.18,17.82,16.67,17.15,16.06,15.29
8/14/2020,18.41,12.01,8.26,10.48,13.36,10.05,13.2,16.99,12.45,11.91,11.58,10.27,9.47,11.26,11.96,11.69,10.67,10.29,12.25,17.94,16.9,15.3,16.22,15.22
8/15/2020,18.56,12.08,8.46,10.39,13.38,9.98,13.32,16.65,12.72,12.39,11.42,10.34,9.59,11.38,11.62,11.71,10.67,10.34,12.31,17.67,16.66,16.09,16.69,15.47
8/16/2020,18.22,11.08,8.41,10.19,12.72,10.01,13.39,17.8,12.73,11.94,11.75,10.41,9.78,11.8,11.9,11.69,10.84,10.39,12.39,18.11,16.99,16.01,16.31,16.16
8/17/2020,18.5,11.05,8.12,10.09,12.14,10.09,13.14,17.54,12.62,12.09,11.74,10.48,9.39,12.45,12.37,11.58,10.92,10.44,12.46,17.82,15.78,16.31,16.15,16.21
8/18/2020,18.28,11.22,8.47,10.04,12.82,10.08,13.33,17.61,12.47,12.44,11.65,10.55,9.32,12.58,13.07,11.5,11.07,10.5,12.53,17.28,16.61,14.69,16.39,16.55
8/19/2020,18.01,11.65,9.06,9.93,13.34,10.17,13.21,17.91,12.52,12.67,11.33,10.63,9.38,12.52,13.09,11.53,10.91,10.55,12.61,17.12,17.11,15.97,16.42,17.24
8/20/2020,17.67,11.79,8.76,9.54,13.15,10.34,13.37,17.71,12.66,12.52,11.68,10.7,9.68,12.53,13.19,11.58,10.67,10.61,12.69,16.19,16.32,16.36,15.73,16.96
8/21/2020,17.89,11.56,9.11,9.6,12.99,10.55,13.33,17.27,12.56,12.63,11.37,10.77,9.82,12.49,13.27,11.54,10.55,10.67,12.77,16.12,16.46,16.41,16.82,16.49
8/22/2020,18.14,11.89,9.78,9.56,13.01,10.91,12.44,16.86,12.72,12.44,11.51,10.85,9.57,12.37,13.07,11.85,10.31,10.74,12.86,16.4,16.14,16.57,16.8,16.68
8/23/2020,18.06,12.04,10.59,9.52,13.43,11.08,12.47,17.36,13.2,12.57,11.24,10.92,9.57,12.28,12.95,11.87,10.15,10.8,12.94,15.63,16.79,17.03,16.06,16.75
8/24/2020,18.29,12.65,11.27,9.85,13.02,11.12,12.35,18.32,12.96,12.54,11.17,11,9.63,12.49,12.65,11.98,10.38,10.87,13.03,16.54,16.91,15.74,16.23,16.21
8/25/2020,18.1,12.94,11.67,10.47,11.93,11.01,12.11,18.74,13.05,12.73,11.13,11.07,9.7,12.38,12.45,12.25,10.52,10.94,13.11,16.5,16.98,15.79,16.06,16.81
8/26/2020,18.14,13.32,12.82,10.21,12.67,10.76,11.58,19.02,13.39,12.71,10.92,11.15,9.46,12.48,12.33,12.34,10.56,11.01,13.2,17.05,16.68,16.23,16.25,17.63
8/27/2020,17.24,13.55,13.74,9.69,13.38,10.75,12.04,19.07,13.64,12.79,10.59,11.23,9.6,12.76,12.07,12.33,10.55,11.08,13.29,17.52,16.54,15.97,16.3,16.9
8/28/2020,18.12,14.05,14.36,9.8,13.76,10.96,12.76,18.83,16.44,12.83,11.26,11.31,9.7,12.69,11.66,12.36,10.54,11.15,13.38,17.51,16.16,16.76,16.9,17.14
8/29/2020,18.3,14.87,14.55,10.33,14.11,11.17,12.8,18.94,15.17,13.41,11.42,11.38,9.81,12.32,11.74,12.55,10.6,11.23,13.47,17.41,16.35,16.86,16.28,17.44
8/30/2020,18.8,15.16,15.01,10.87,14.43,11.33,13.32,19.32,14.96,13.5,11.35,11.46,9.93,12.03,11.82,12.63,10.7,11.3,13.56,17.32,16.6,16.16,15.4,18.1
8/31/2020,18.92,15.23,15.5,11.09,14.56,11.28,13.51,20.05,15.41,13.57,11.4,11.54,10.54,12.08,11.91,12.74,10.86,11.37,13.65,18.21,17,16.35,15.89,18.12
9/1/2020,18.69,15.57,15.06,11.35,14.04,11.29,13.35,20.25,15.78,13.62,11.45,11.62,10.6,12.52,12.14,12.73,11.03,11.45,13.74,18.28,16.67,16.81,15.55,17.8
9/2/2020,18.23,14.99,15.13,11.44,14.02,11.45,13.8,20.5,16.12,13.67,11.66,11.7,11.02,12.42,12.31,13.4,11.25,11.52,13.83,18.7,15.77,16.81,16.58,17.96
9/3/2020,18.16,15.04,15.16,11.53,14.31,11.63,13.77,20.48,16.29,13.7,11.91,11.79,11.09,12.37,12.36,14,11.55,11.59,13.92,18.66,15.85,16.6,16.86,18.25
9/4/2020,18.31,15.95,15.43,11.67,15.08,11.81,13.52,20.54,16.09,13.73,11.92,11.87,11.61,12.36,12.64,14.09,11.76,11.67,14.01,17.58,16.42,17.05,17.02,18.98
9/5/2020,18.51,16.14,15.64,11.93,15.01,11.81,13.94,20.02,16.34,13.75,11.86,11.95,11.58,12.01,12.63,13.4,12.02,11.74,14.1,15.5,16.97,17.45,17.07,18.76
9/6/2020,18.74,16,14.92,12.04,14.74,11.76,15.6,19.8,17.09,13.77,11.97,12.03,11.89,11.72,12.71,13.34,12.04,11.81,14.18,14.87,17.28,17.07,16.67,18.21
9/7/2020,19.1,16.53,14.97,11.83,14.99,11.75,15.26,20.73,17.25,13.78,11.96,12.12,12.02,11.48,12.97,13.28,12.15,11.88,14.27,15.68,16.1,16.78,15.99,17.34
9/8/2020,19.35,16.09,14.85,11.79,14.98,11.74,15.23,21.52,16.96,13.8,12.16,12.2,11.86,11.53,12.88,13.75,12.21,11.95,14.36,16.37,16.48,16.65,16.66,17.34
9/9/2020,19.47,15.87,13.8,11.92,15.17,11.75,16.09,20.99,17.52,13.82,12.24,12.28,11.89,11.74,13.15,14,12.19,12.01,14.44,17.15,14.73,17.07,16.52,17.01
9/10/2020,19.75,15.31,14.1,12.15,14.65,11.82,15.62,20.88,17.71,13.85,12.22,12.37,11.85,11.75,13.54,13.74,12.21,12.08,14.52,17.41,15.7,17.67,16.55,16.89
9/11/2020,19.94,15.35,14.2,12.13,14.51,11.7,15.1,20.99,17.81,13.88,12.3,12.45,11.85,11.75,13.64,14.12,12.29,12.14,14.6,17.56,15.25,17.08,16.85,16.48
9/12/2020,19.69,15.33,14.55,12.23,14.09,11.4,15.1,20.27,17.81,13.93,12.97,12.54,11.94,11.94,13.67,14.2,12.23,12.21,14.68,17.99,15.6,16.51,17.14,16.2
9/13/2020,19.42,15.95,14.79,12.3,14.66,11.47,15.1,19.29,17.6,13.99,12.85,12.63,12.09,11.94,13.84,14.25,12.23,12.27,14.76,18.07,15.4,17.21,17.38,16.3
9/14/2020,19.31,16.26,14.54,12.34,15.11,11.59,15.1,17.99,17.43,14.06,13.01,12.71,12.33,12.1,14.03,14.26,12.2,12.32,14.83,18.26,16.39,16.69,17.47,16.61
9/15/2020,19.31,16.5,13.83,12.56,15.39,11.82,15.1,17.82,17.49,14.15,13.05,12.8,12.37,12.12,14.11,14.34,12.33,12.38,14.9,17.6,16.88,16.04,17.94,16.66
9/16/2020,19.24,15.98,13.82,12.89,15.33,12.1,15.1,18.72,17.48,14.25,13.14,12.89,12.24,12.12,14.13,14.3,12.47,0,14.97,16.48,16.12,16.38,15.87,16.36
9/17/2020,18.61,16.25,13.88,13.04,14.87,12.58,15.1,19.11,17.3,14.35,13.28,12.98,12.44,12.49,14.5,14.59,12.74,12.48,15.04,17.28,17.21,16.77,16.25,15.99
9/18/2020,19.08,16.56,13.95,13.25,14.52,12.91,15.1,19.02,17.13,14.45,13.5,13.07,12.48,12.51,14.54,14.35,12.95,12.34,15.1,17.46,16.4,16.88,14.03,15.67
9/19/2020,19.23,16.72,13.99,13.32,14.81,13.24,14.64,19.16,17.68,14.55,13.6,13.17,12.34,12.68,14.88,14.58,12.95,12.45,15.16,18.23,17.14,16.64,15.46,15.63
9/20/2020,19.37,17.68,14.38,13.28,14.94,13.44,14.6,18.96,17.99,14.66,13.81,13.27,12.45,12.67,15.37,15.11,13,12.56,15.21,18.41,17.66,17.38,16.64,15.75
9/21/2020,19.22,17.29,13.77,13.34,15.44,13.49,15.14,19.39,18.18,14.76,13.92,13.37,12.57,12.62,15.72,15.08,13.15,12.77,15.26,18.79,17.82,16.57,17.17,16.49
9/22/2020,19.29,17.24,14.73,13.43,14.88,13.61,16.6,19.19,18.28,14.87,13.94,13.47,12.82,12.85,16.11,15.17,13.25,12.9,15.31,18.83,17.41,16.96,17.98,16.43
9/23/2020,19.59,17.03,14.71,13.09,15.17,13.78,15.04,18.95,18.55,14.98,14.15,13.58,12.87,12.79,16.53,15.06,13.68,13.27,15.36,19.13,16.18,16.7,18.25,16.6
9/24/2020,19.6,16.79,15,13.57,15.39,13.86,15.34,18.61,19.03,15.08,14.19,13.68,13.08,13.16,16.48,15.04,13.93,13.31,15.4,18.8,17.6,17.1,17.03,16.67
9/25/2020,19.55,17.26,14.91,13.42,15.87,13.98,15.4,18.42,19.2,15.19,14.21,13.79,13.17,13.13,16.82,15.43,14.1,13.39,15.45,18.05,17.58,17.21,17.05,16.05
9/26/2020,19.57,17.34,15.07,13.54,16.06,13.99,15.4,18.06,19.36,15.3,14.34,13.89,13.36,13.32,17.22,15.46,14.2,13.53,15.49,18.15,17.89,17.28,17.38,16.08
9/27/2020,19.43,17.61,15.51,13.64,15.98,13.98,14.7,17.72,19.38,15.41,14.55,14,13.57,13.5,17.1,15.41,14.19,13.74,15.53,16.58,17.64,16.66,17.12,15.89
9/28/2020,19.15,18.1,15.61,13.6,16.03,13.96,14.2,17.35,19.52,15.52,14.74,14.11,14.08,13.77,17.34,15.47,14.27,13.72,15.56,15.79,16.88,17.27,15.97,16.78
9/29/2020,18.78,17.73,15.47,13.47,16.05,14,15.23,17.18,19.45,15.63,14.95,14.22,14.27,13.97,17.43,15.65,14.37,13.57,15.6,16.73,16.54,17.69,16.89,17.19
9/30/2020,18.52,17.79,15.01,13.86,16.23,14.15,15.92,17.47,19.54,15.74,15.12,14.33,14.36,14.27,17.51,15.82,14.36,14.26,15.63,16.44,16.51,17.72,16.2,17.44
10/1/2020,18.09,17.94,15.2,13.69,16.23,14.41,15.64,16.97,19.93,15.85,15.34,14.43,14.44,14.25,17.44,16.01,14.36,14.47,15.67,15.6,15.92,17.73,16.54,17.45
10/2/2020,18,18.4,15.28,13.77,16.55,14.63,15.84,17.27,20.5,15.95,15.63,14.54,14.47,14.23,17.18,16.06,14.52,14.82,15.7,15.35,17.5,16.93,15.98,15.98
10/3/2020,18.02,18.36,15.59,13.77,16.65,14.76,15.91,17.67,20.57,16.06,15.96,14.65,14.5,14.44,16.72,16.24,14.72,14.8,15.74,15.85,16.95,17.38,15.87,17.24
10/4/2020,18,18.44,15.68,14.12,16.55,14.95,16.3,18.09,20.62,16.16,16.19,14.75,14.49,14.49,16.1,16.41,14.74,14.73,15.77,16.37,15.42,18.02,15.66,16.24
10/5/2020,17.68,18.52,16.3,14.17,16.49,15.2,16.45,18.35,20.38,16.27,16.41,14.86,14.09,14.5,15.54,16.49,14.86,14.91,15.81,17.09,16.06,16.85,16.33,17.32
10/6/2020,17.59,19.77,16.12,14.43,16.65,15.16,16.31,18.64,19.52,16.37,16.53,14.96,14.43,14.3,15.27,16.57,14.95,15.03,15.85,17.55,15.85,16.62,16.65,17.32
10/7/2020,17.55,20.17,16.65,14.32,16.68,15.42,16.24,18.62,18.85,16.47,16.5,15.07,14.3,14.4,15.25,16.43,15.08,15.07,15.88,18.13,16.67,15.56,17.02,16.93
10/8/2020,17.47,19.96,16.69,14.48,16.78,15.69,16.45,18.25,19.54,16.57,16.9,15.17,14.23,14.39,15.02,16.68,15.11,15.45,15.92,18.47,16.76,15.8,16.99,17.26
10/9/2020,17.15,19.12,16.72,14.41,16.12,15.86,16.07,17.03,19.51,16.67,16.94,15.27,14.25,14.45,15.09,16.81,15.29,15.45,15.96,18.57,17.05,16.22,17.46,17.19
10/10/2020,16.69,18.58,16.08,14.4,16.07,15.98,16.74,17.5,19.65,16.76,16.49,15.36,14.3,15.14,14.99,16.96,15.36,15.46,16,17.3,16.95,15.91,16.52,16.84
10/11/2020,16.45,18.58,16.31,14.47,16.35,15.89,16.65,18.08,20.1,16.85,16.87,15.46,14.18,15.33,15.13,16.81,15.19,15.57,16.05,16.64,16.35,16.14,16.98,16.84
10/12/2020,15.81,18.33,16.34,14.57,16.25,15.92,16.32,18.28,20.24,16.94,17.01,15.55,14.2,15.82,14.93,16.88,15.19,15.72,16.09,17.19,15.3,16.28,17.36,16.8
10/13/2020,15.16,18.08,16.71,15.16,16.75,16.22,16.43,18.18,20.16,17.03,17.13,15.64,14.33,15.65,14.92,16.84,15.29,15.79,16.14,17.62,15.47,16.17,16.58,15.71
10/14/2020,15.05,18.03,16.79,15.42,16.71,15.9,16.28,17.34,20.08,17.12,16.96,15.72,14.31,16.09,14.99,16.87,15.4,16.07,16.19,17.48,14.61,16.71,16.82,16.7
10/15/2020,15.03,18.43,16.77,15.57,16.83,16,16.52,17.43,20.08,17.2,16.73,15.81,14.5,15.6,14.92,16.96,15.57,16.16,16.25,17.44,14.43,16.61,16.39,17.17
10/16/2020,15.11,18.38,17.36,16.12,16.97,16.09,16.81,17.51,20.42,17.28,17.43,15.88,14.3,15.97,15.12,16.96,15.67,16.21,16.3,16.33,15.14,16.67,16.62,17.61
10/17/2020,15.03,18.33,17.71,16.68,16.74,16.34,16.99,17.6,20.43,17.35,17.57,15.96,14.37,15.82,15.13,17.05,15.67,16.33,16.36,16.73,14.46,16.42,17.22,17.7
10/18/2020,15.04,17.34,17.89,15.91,16.64,16.52,16.94,17.68,20.55,17.43,17.8,16.03,14.42,16.12,14.99,17.1,15.54,16.36,16.43,16.94,15.44,15.67,17.44,17.77
10/19/2020,15.54,17.8,18,16.51,16.87,16.38,16.91,17.77,20.37,17.5,17.49,16.1,14.6,16.1,15.08,17.23,15.77,16.34,16.5,17.31,15.9,16.13,16.93,17.78
10/20/2020,15.69,18.5,18.08,16.18,17.05,16.49,16.76,17.85,20.08,17.58,17.5,16.17,14.86,16.14,14.97,17.29,16.02,16.3,16.57,17.59,16.04,15.61,15.98,17.86
10/21/2020,15.66,18.02,18.21,16.16,17.26,16.27,16.73,17.93,20.22,17.65,17.42,16.23,14.74,16.51,14.64,17.29,16.51,16.03,16.65,17.53,16.13,16.22,16.35,17.64
10/22/2020,15.24,17.54,17.89,16.15,17.58,16.46,16.97,18.02,20.32,17.72,18.21,16.29,14.67,16.25,14.73,17.48,16.63,15.73,16.73,17.23,15.75,15.98,17.67,17.24
10/23/2020,15.69,17.37,17.9,16.76,17.35,16.59,17.14,18.37,20.95,17.79,17.96,16.34,14.79,16.43,14.67,17.51,16.84,15.94,16.81,16.48,16.8,16.54,16.5,17.56
10/24/2020,15.13,17.31,17.6,16.83,17.32,16.72,17.07,17.72,20.55,17.85,18.33,16.39,14.84,16.47,14.82,17.58,16.97,15.93,16.9,15.89,16.95,17.05,16.77,17.24
10/25/2020,15.23,17.66,17.51,17.12,16.95,16.69,17.02,17.9,20.41,17.92,18.28,16.44,14.87,16.56,14.85,17.58,17.06,15.81,16.98,16.37,16.29,16.04,15.09,17.17
10/26/2020,14.49,17.49,17.72,17.47,17.25,16.91,17.09,17.72,20.51,17.98,18.57,16.49,14.93,16.57,15.67,17.72,17.23,15.52,17.07,16.22,15.79,16.33,14.84,16.96
10/27/2020,13.76,17.93,17.71,17.1,17.38,17.24,17.35,17.95,20.83,18.05,18.64,16.54,15.32,16.65,15.26,17.83,17.23,15.48,17.17,16.7,16.44,16.89,15.46,15.67
10/28/2020,13.25,17.64,17.73,17.71,17.51,17.56,17.47,18.03,20.56,18.11,18.54,16.58,15.09,16.71,15.19,17.74,17.09,15.24,17.26,16.9,16.99,16.8,15.22,15.12
10/29/2020,13.36,18.15,17.42,17.38,17.58,18.08,17.6,17.3,20.28,18.17,18.77,16.62,15.16,17.01,15.08,17.86,16.95,15.25,17.35,16.86,15.78,16.73,15.24,16.13
10/30/2020,13.46,17.76,17.67,17.25,17.68,18.04,17.62,17.82,20.43,18.23,18.71,16.65,15.16,16.96,15.09,17.89,16.72,15.55,17.45,16.48,15.11,16.47,14.57,16.38
10/31/2020,13.51,17.36,17.42,16.7,18.08,17.53,17.85,18.23,20.86,18.29,18.9,16.69,15.36,16.83,15.16,17.84,16.47,15.64,17.54,15.97,16.04,15.74,15,16.15
11/1/2020,13.73,18.75,17.45,16.93,18.24,17.18,17.81,18.64,21.15,18.34,18.76,16.72,15.53,17.04,15.16,17.98,16.28,15.6,17.64,16.6,15.38,15.35,16.07,17.87
11/2/2020,13.9,18.72,16.93,17.2,18.26,17.23,17.73,18.65,21,18.4,18.78,16.75,15.62,17.07,15.4,17.94,16.17,15.69,17.73,16.39,15.09,15.47,15.97,17.12
11/3/2020,13.82,18.69,17.51,16.96,18.09,17.42,18,18.67,20.52,18.45,18.81,16.78,15.73,17.11,15.44,17.92,16.22,15.66,17.83,16.49,14.46,15.56,16.05,17.97
11/4/2020,13.78,18.53,17.54,16.53,18.21,16.91,18.08,18.29,20.46,18.5,18.93,16.81,15.73,16.99,15.66,18.12,16.19,15.7,17.93,16.88,14.05,15.81,16.33,17.85
11/5/2020,13.98,19.21,17.12,16.49,18.38,17.19,18.27,18.45,20.94,18.55,18.99,16.83,15.75,16.85,15.93,18.26,16.27,15.93,18.02,17.09,14.9,15.5,16.59,17.16
11/6/2020,13.86,18.36,17.25,16.86,18.35,17.24,19.01,18.53,21.29,18.6,19.03,16.86,15.71,16.72,16.02,18.34,16.38,16.15,18.11,17.34,16.15,15.42,16.64,16.95
11/7/2020,13.5,17.41,17.42,17.13,18.46,17.53,18.86,18.97,21.83,18.65,19.4,16.88,15.78,17.02,16.23,18.41,16.39,16.09,18.2,16.24,15.55,14.32,16.24,15.49
11/8/2020,13.6,17.8,17.9,17.27,18.48,17.69,18.42,19.29,22.44,18.7,19.45,16.9,15.89,17.04,16.52,18.43,16.41,16.4,18.29,16.67,16.1,15.46,16.47,15.28
11/9/2020,13.3,18.25,17.7,16.94,18.91,17.45,18.2,19.31,22.45,18.75,19.42,16.92,15.98,17.15,16.83,18.45,16.54,16.38,18.38,16.47,15.18,15.81,16.49,15.78
11/10/2020,13.35,18.51,17.73,16.82,19.05,17.32,18.22,19.57,22.45,18.79,19.73,16.94,15.95,17.14,17.16,18.49,16.59,16.57,18.47,16.62,15.02,16.07,16.9,16.47
11/11/2020,13.42,18.44,17.61,16.98,19.06,17.42,18.45,19.39,22.53,18.83,19.83,16.96,16.1,17.3,17.48,18.6,16.65,16.28,18.55,16.61,14.94,15.71,17.02,16.97
11/12/2020,13.32,18.52,17.92,16.92,18.67,17.27,18.54,19.31,22.65,18.88,19.66,16.97,16.26,17.25,17.86,18.67,16.69,16.41,18.63,17.06,15.1,16.91,17.09,16.66
11/13/2020,13.44,18.28,17.82,16.79,19.49,17.24,18.61,19.25,22.66,18.92,19.92,16.99,16.28,17.25,18.16,18.69,16.73,16.61,18.71,15.59,14.31,15.82,16.55,16.36
11/14/2020,13.22,18.29,17.21,17.06,19.31,17.3,18.71,19.73,22.37,18.96,20.54,17,16.47,17.39,18.57,18.69,16.61,17.58,18.78,15.97,15.05,15.42,15.84,15.92
11/15/2020,13.21,18.56,17.74,17.05,19.69,17.48,18.8,19.76,22.06,19,20.43,17.01,16.71,17.45,18.95,18.69,16.89,16.65,18.85,15.89,13.79,16.23,15.49,16.04
11/16/2020,12.99,18.22,17.18,17.22,19.81,17.45,19,20.17,21.95,19.04,20.82,17.03,16.85,17.51,19.23,18.67,16.99,17.42,18.91,16.51,14.4,16.29,15.39,14.93
11/17/2020,12.88,18.5,16.61,17.35,19.91,17.57,18.95,20.14,22.04,19.07,21.18,17.04,16.95,17.58,19.46,18.67,17.14,17.2,18.97,15.71,13.9,16.88,16.48,15.24
11/18/2020,12.68,18.28,18.53,17.8,19.99,17.55,18.83,20.38,21.98,19.11,21.19,17.05,16.99,17.58,20.12,18.76,17.37,17.14,19.03,17.09,13.49,15.8,16.88,15.17
11/19/2020,12.66,18.01,18.5,17.03,19.92,17.58,18.73,20.3,21.66,19.14,21.08,17.06,17.14,17.6,19.82,18.77,16.9,16.84,19.09,15.58,13.78,16.05,16.71,15.68
11/20/2020,12.43,17.67,18.63,17.57,19.9,17.88,18.9,20.17,21.75,19.16,21.17,17.07,17.12,17.63,19.92,18.79,16.82,17.13,19.15,17.31,13.58,14.55,16.79,15.69
11/21/2020,12.03,17.89,18.16,17.49,19.88,17.7,19.15,20.36,21.8,19.19,21.19,17.08,17.32,17.76,20.5,18.81,16.79,17.17,19.2,18.63,14.58,15.16,15.84,15.7
11/22/2020,11.44,18.14,17.92,17.44,19.88,17.74,19.15,20.41,21.87,19.21,20.96,17.09,17.35,17.6,20.45,19,16.69,17.16,19.25,17.82,14.87,15.44,16.46,15.85
11/23/2020,10.92,18.06,17.76,17.75,19.93,17.65,19.07,20.41,21.97,19.23,21.04,17.09,17.31,17.61,20.47,19.06,16.91,17.55,19.3,16.84,14.67,15.49,15.73,15.59
11/24/2020,10.71,18.29,17.61,18.05,19.26,17.98,19.1,20.66,21.74,19.25,21.16,17.1,17.64,18.03,20.58,18.96,17.04,17.53,19.34,16.02,14.21,15.74,15.76,15.22
11/25/2020,10.25,18.1,18.64,18.21,19.45,17.95,19.14,20.76,21.58,19.26,21.05,17.1,18.05,17.89,20.62,19.04,16.94,17.49,19.38,16.05,15.5,15.95,15.95,14.78
11/26/2020,10.02,18.14,18.69,18.37,19.52,18.07,18.8,20.63,21.7,19.28,21.08,17.1,18.77,18.07,20.68,19.12,15.29,17.56,19.42,16.38,14.41,14.8,15.78,15.22
11/27/2020,9.95,18.51,18.48,18.37,19.58,18.11,18.87,20.93,21.69,19.29,21.05,17.11,17.75,17.91,20.62,19.2,14.76,17.69,19.46,16.77,13.69,14.74,15.21,16.37
11/28/2020,9.8,18.52,18.71,18.17,19.23,18.18,19.1,21.09,21.92,19.29,21.29,17.11,17.85,18.02,20.59,19.29,14.57,17.93,19.49,17.04,14.58,14.69,15.33,14.83
11/29/2020,10.1,18.3,18.73,17.98,19.73,18.15,19.29,21.4,21.96,19.3,21.34,17.1,17.92,17.9,20.56,19.36,13.69,18.1,19.52,16.71,14.35,14.52,15.49,16.51
11/30/2020,10.24,18.8,18.51,18.05,19.66,18.17,19.4,21.65,21.94,19.3,21.18,17.1,17.86,18.28,20.39,19.21,13.47,17.99,19.54,16.13,14.34,15.79,15.45,16.13
12/1/2020,10.29,18.92,18.61,17.95,19.51,18,19.43,21.46,21.8,19.3,21.11,17.1,17.96,18.65,20.52,19.14,13.35,18.18,19.57,16.94,14.6,15.38,15.29,15.792
12/2/2020,10.36,18.69,18.78,17.7,19.53,18.3,19.2,21.07,21.81,19.3,21.16,17.09,17.76,18.69,20.3,19.46,13.37,18.35,19.59,16.575,14.313,15.067,14.98,15.455
12/3/2020,10.32,18.23,18.96,17.78,19.74,18.24,19.15,21.14,22.14,19.29,21.13,17.08,17.7,18.83,20.07,19.61,13.53,18.46,19.6,16.211,14.027,14.755,14.671,15.117
12/4/2020,10.26,18.16,18.91,18.03,19.88,18.38,19.12,21.32,22.45,19.29,21.14,17.07,17.94,18.98,19.86,19.72,13.46,18.38,19.61,15.846,13.74,14.442,14.361,14.779
12/5/2020,10.15,18.64,18.86,18.08,19.96,18.44,18.88,21.38,22.43,19.28,21.08,17.06,18.77,19.08,19.87,19.63,13.45,18.1,19.62,15.481,13.453,14.129,14.051,14.442
12/6/2020,10.14,18.66,18.73,17.78,19.5,18.45,18.83,21.02,22.41,19.26,21.09,17.05,19.8,19.11,20.09,19.09,13.48,18.21,19.63,15.117,13.167,13.817,13.742,14.104
12/7/2020,10.2,18.74,18.52,18.2,20.21,18.32,18.54,20.65,22.4,19.25,21.28,17.04,18.55,19.07,19.98,18.8,13.56,18.12,19.63,14.752,12.88,13.504,13.432,13.766
12/8/2020,10.04,19.1,18.4,17.96,20.01,18.52,18.74,20.62,22.16,19.23,20.82,17.02,18.73,19.17,20,18.56,13.62,18.12,19.62,14.387,12.593,13.191,13.122,13.429
12/9/2020,9.94,19.35,19.03,17.63,19.59,18.35,18.77,20.8,22.07,19.21,20.65,17,18.87,19.6,20.04,18.45,13.64,18.05,19.61,14.023,12.307,12.879,12.813,13.091
12/10/2020,9.85,19.47,19.1,17.76,20.23,18.01,18.91,21.38,21.59,19.19,20.73,16.98,18.27,19.51,20.18,18.42,13.71,18.01,19.6,13.658,12.02,12.566,12.503,12.753
12/11/2020,9.75,19.75,19.71,17.55,19.93,18.1,19.13,21.4,21.4,19.16,20.66,16.96,18.49,19.53,20.12,18.38,13.55,18.14,19.59,13.293,11.733,12.253,12.193,12.416
12/12/2020,9.56,19.94,19.23,17.5,19.66,18.15,19.18,21.5,21.82,19.14,20.71,16.93,18.58,19.61,20.08,18.38,13.57,18.04,19.57,12.929,11.447,11.941,11.884,12.078
12/13/2020,9.53,19.69,18.66,17.69,20.23,18.59,19.29,21.3,21.89,19.11,20.76,16.9,18.3,19.74,19.87,18.37,13.63,17.98,19.54,12.564,11.16,11.628,11.574,11.74
12/14/2020,9.43,19.42,18.13,17.75,19.4,18.51,19.12,21.28,22.08,19.07,20.73,16.88,18.51,19.74,19.9,18.31,13.76,18.04,19.51,12.199,10.873,11.315,11.264,11.403
12/15/2020,8.89,19.31,17.7,17.64,19.19,18.23,18.62,20.58,22.45,19.04,20.72,16.84,18.75,19.63,19.89,18.25,13.79,18.05,19.48,11.835,10.587,11.003,10.955,11.065
12/16/2020,8.9,19.31,17.45,17.64,19.36,18.01,18.45,20.98,22.98,19,20.85,16.81,18.64,19.58,19.88,18.3,13.76,18.03,19.44,11.47,10.3,10.69,10.645,10.727
12/17/2020,8.79,18.84,17.3,17.57,19.43,17.89,18.61,21.06,23.03,18.96,20.67,16.77,18.91,19.6,19.95,18.27,13.69,18.14,19.39,11.105,10.013,10.377,10.335,10.39
12/18/2020,8.57,18.86,17.33,17.45,19.3,17.98,18.59,20.72,22.71,18.91,20.53,16.74,18.78,19.75,20.04,18.25,13.65,17.91,19.34,10.741,9.727,10.065,10.026,10.052
12/19/2020,8.29,18.87,17.22,17.19,19.33,17.73,18.91,20.74,22.94,18.84,20.2,16.7,18.46,19.55,19.93,18.28,13.51,18.06,19.29,10.376,9.44,9.752,9.716,9.714
12/20/2020,7.98,19.23,17.38,17.49,19.07,17.83,19.15,20.84,22.84,18.78,20.25,16.66,18.74,19.44,19.95,18.13,13.57,18.06,19.24,10.011,9.153,9.439,9.406,9.377
12/21/2020,7.76,19.37,17.39,17.18,19.07,17.45,19.41,21.11,22.24,18.7,20.16,16.62,18.67,19.47,19.85,17.97,13.75,18.07,19.19,9.647,8.867,9.127,9.097,9.039
12/22/2020,7.75,19.22,17.42,17.13,19,17.71,19.32,21.37,21.87,18.62,20.1,16.58,18.9,19.48,19.79,17.98,13.68,18.18,19.13,9.282,8.58,8.814,8.787,8.701
12/23/2020,8.08,19.29,17.52,17.14,19.29,17.23,18.91,21.42,21.57,18.53,19.99,16.54,18.71,19.53,19.79,18.02,13.77,18.38,19.07,8.917,8.293,8.501,8.477,8.364
12/24/2020,7.6,19.59,17.5,17.35,19.37,17.12,18.84,21.28,21.36,18.44,20.16,16.49,18.64,19.53,19.67,17.9,13.84,18.54,19.01,8.553,8.007,8.189,8.168,8.026
12/25/2020,7.98,19.6,17.61,17.36,19.25,17.34,18.03,20.8,21.09,18.34,20.24,16.45,18.75,19.73,19.68,17.78,13.87,18.11,18.95,8.188,7.72,7.876,7.858,7.688
12/26/2020,7.8,19.55,17.52,17.46,18.96,17.14,17.98,20.9,20.88,18.24,19.74,16.4,18.81,19.7,19.7,17.76,13.87,18,18.88,7.823,7.433,7.563,7.548,7.351
12/27/2020,7.34,19.57,18,17.61,19.09,17.04,18.16,21,20.82,18.13,20.2,16.36,19.09,19.49,19.79,17.86,13.91,17.96,18.81,7.459,7.147,7.251,7.239,7.013
12/28/2020,7.18,19.43,17.75,17.86,19.32,17.31,18.92,20.86,20.17,18.02,20.3,16.31,19.17,19.79,19.8,17.75,13.97,18.14,18.75,7.094,6.86,6.938,6.929,6.675
12/29/2020,6.86,19.15,18.1,17.71,19.3,17.37,18.09,20.36,20,17.91,20.25,16.26,19.34,19.54,19.91,17.66,13.93,18.1,18.68,6.729,6.573,6.625,6.619,6.338
12/30/2020,6.92,18.78,18.45,16.96,18.89,17.33,18.78,20.52,19.73,17.8,19.89,16.21,19.29,19.43,19.99,17.58,13.98,18.06,18.6,6.365,6.287,6.313,6.31,6
12/31/2020,6.94,18.52,18.39,16.1,18.34,17.18,18.94,20.38,19.98,17.69,19.92,16.16,19.26,18.82,20,17.52,13.97,18.02,18.53,6,6,6,6,5.662
