 JDAY,WB,VOLIN(m3),VOLPR(m3),VOLOUT(m3),VOLWD(m3),VOLEV(m3),VOLDT(m3),VOLTRB(m3),VOLICE(m3),%VOLerror,
 37769.042,   1,  0.33615866E+05,   0.00000000E+00,  -0.35846255E+05,   0.00000000E+00,   0.00000000E+00,  -0.35753644E+03,   0.00000000E+00,   0.00000000E+00,   0.47912425E-09,
 37770.042,   1,  0.13951465E+08,   0.00000000E+00,  -0.14439852E+08,   0.00000000E+00,   0.00000000E+00,  -0.13534068E+06,   0.00000000E+00,   0.00000000E+00,   0.33912842E-09,
 37771.042,   1,  0.28453644E+08,   0.00000000E+00,  -0.28803021E+08,   0.00000000E+00,   0.00000000E+00,  -0.28490175E+06,   0.00000000E+00,   0.00000000E+00,   0.76208677E-09,
 37772.043,   1,  0.44343184E+08,   0.00000000E+00,  -0.43129363E+08,   0.00000000E+00,   0.00000000E+00,  -0.50374799E+06,   0.00000000E+00,   0.00000000E+00,  -0.88085496E-09,
 37773.042,   1,  0.60352378E+08,   0.00000000E+00,  -0.57404696E+08,   0.00000000E+00,   0.00000000E+00,  -0.75425157E+06,   0.00000000E+00,   0.00000000E+00,  -0.39037381E-09,
 37774.042,   1,  0.75469180E+08,   0.00000000E+00,  -0.71682462E+08,   0.00000000E+00,   0.00000000E+00,  -0.10443311E+07,   0.00000000E+00,   0.00000000E+00,  -0.41130275E-09,
 37775.042,   1,  0.90083321E+08,   0.00000000E+00,  -0.86002994E+08,   0.00000000E+00,   0.00000000E+00,  -0.13044813E+07,   0.00000000E+00,   0.00000000E+00,  -0.49518772E-09,
 37776.042,   1,  0.10402338E+09,   0.00000000E+00,  -0.10044152E+09,   0.00000000E+00,   0.00000000E+00,  -0.14655860E+07,   0.00000000E+00,   0.00000000E+00,  -0.72317134E-09,
 37777.042,   1,  0.11794387E+09,   0.00000000E+00,  -0.11496793E+09,   0.00000000E+00,   0.00000000E+00,  -0.16126476E+07,   0.00000000E+00,   0.00000000E+00,  -0.12090383E-08,
 37778.042,   1,  0.13343217E+09,   0.00000000E+00,  -0.12948665E+09,   0.00000000E+00,   0.00000000E+00,  -0.17889418E+07,   0.00000000E+00,   0.00000000E+00,  -0.87893315E-09,
 37779.043,   1,  0.15169100E+09,   0.00000000E+00,  -0.14285332E+09,   0.00000000E+00,   0.00000000E+00,  -0.19644898E+07,   0.00000000E+00,   0.00000000E+00,  -0.27821165E-09,
 37780.042,   1,  0.16895604E+09,   0.00000000E+00,  -0.15388283E+09,   0.00000000E+00,   0.00000000E+00,  -0.21514256E+07,   0.00000000E+00,   0.00000000E+00,  -0.13093123E-09,
 37781.043,   1,  0.18387705E+09,   0.00000000E+00,  -0.16417030E+09,   0.00000000E+00,   0.00000000E+00,  -0.23060448E+07,   0.00000000E+00,   0.00000000E+00,  -0.10204989E-09,
 37782.043,   1,  0.19947739E+09,   0.00000000E+00,  -0.17625442E+09,   0.00000000E+00,   0.00000000E+00,  -0.24390381E+07,   0.00000000E+00,   0.00000000E+00,  -0.87788388E-10,
 37783.043,   1,  0.21510047E+09,   0.00000000E+00,  -0.19092348E+09,   0.00000000E+00,   0.00000000E+00,  -0.25945991E+07,   0.00000000E+00,   0.00000000E+00,  -0.87409752E-10,
 37784.043,   1,  0.22981190E+09,   0.00000000E+00,  -0.20691476E+09,   0.00000000E+00,   0.00000000E+00,  -0.27770551E+07,   0.00000000E+00,   0.00000000E+00,  -0.10859487E-09,
 37785.043,   1,  0.24370592E+09,   0.00000000E+00,  -0.22283078E+09,   0.00000000E+00,   0.00000000E+00,  -0.29746359E+07,   0.00000000E+00,   0.00000000E+00,  -0.12412277E-09,
 37786.043,   1,  0.25629488E+09,   0.00000000E+00,  -0.23833823E+09,   0.00000000E+00,   0.00000000E+00,  -0.31592251E+07,   0.00000000E+00,   0.00000000E+00,  -0.14718612E-09,
 37787.044,   1,  0.26670967E+09,   0.00000000E+00,  -0.25342795E+09,   0.00000000E+00,   0.00000000E+00,  -0.33267890E+07,   0.00000000E+00,   0.00000000E+00,  -0.21797437E-09,
 37788.043,   1,  0.27559904E+09,   0.00000000E+00,  -0.26838242E+09,   0.00000000E+00,   0.00000000E+00,  -0.35284055E+07,   0.00000000E+00,   0.00000000E+00,  -0.53767284E-09,
 37789.044,   1,  0.28377964E+09,   0.00000000E+00,  -0.28313010E+09,   0.00000000E+00,   0.00000000E+00,  -0.37443034E+07,   0.00000000E+00,   0.00000000E+00,   0.69023772E-09,
 37790.042,   1,  0.29181747E+09,   0.00000000E+00,  -0.29698959E+09,   0.00000000E+00,   0.00000000E+00,  -0.39059971E+07,   0.00000000E+00,   0.00000000E+00,   0.27593779E-09,
 37791.043,   1,  0.29931497E+09,   0.00000000E+00,  -0.31024204E+09,   0.00000000E+00,   0.00000000E+00,  -0.40541788E+07,   0.00000000E+00,   0.00000000E+00,   0.16115952E-09,
 37792.042,   1,  0.30630848E+09,   0.00000000E+00,  -0.32315600E+09,   0.00000000E+00,   0.00000000E+00,  -0.42458014E+07,   0.00000000E+00,   0.00000000E+00,   0.10175587E-09,
 37793.043,   1,  0.31329736E+09,   0.00000000E+00,  -0.33547946E+09,   0.00000000E+00,   0.00000000E+00,  -0.43880483E+07,   0.00000000E+00,   0.00000000E+00,   0.70506058E-10,
 37794.042,   1,  0.32048361E+09,   0.00000000E+00,  -0.34636294E+09,   0.00000000E+00,   0.00000000E+00,  -0.44659391E+07,   0.00000000E+00,   0.00000000E+00,   0.63651600E-10,
 37795.042,   1,  0.32807562E+09,   0.00000000E+00,  -0.35667985E+09,   0.00000000E+00,   0.00000000E+00,  -0.46601450E+07,   0.00000000E+00,   0.00000000E+00,   0.57304361E-10,
 37796.042,   1,  0.33534496E+09,   0.00000000E+00,  -0.36763149E+09,   0.00000000E+00,   0.00000000E+00,  -0.48739308E+07,   0.00000000E+00,   0.00000000E+00,   0.51646940E-10,
 37797.042,   1,  0.34151626E+09,   0.00000000E+00,  -0.37892491E+09,   0.00000000E+00,   0.00000000E+00,  -0.50447265E+07,   0.00000000E+00,   0.00000000E+00,   0.61756828E-10,
 37798.042,   1,  0.34745349E+09,   0.00000000E+00,  -0.39022080E+09,   0.00000000E+00,   0.00000000E+00,  -0.52309834E+07,   0.00000000E+00,   0.00000000E+00,   0.58084249E-10,
 37799.042,   1,  0.35378270E+09,   0.00000000E+00,  -0.40149047E+09,   0.00000000E+00,   0.00000000E+00,  -0.54067754E+07,   0.00000000E+00,   0.00000000E+00,   0.48786225E-10,
 37800.042,   1,  0.35949783E+09,   0.00000000E+00,  -0.41238853E+09,   0.00000000E+00,   0.00000000E+00,  -0.55553179E+07,   0.00000000E+00,   0.00000000E+00,   0.37197479E-10,
 37801.046,   1,  0.36515328E+09,   0.00000000E+00,  -0.42251289E+09,   0.00000000E+00,   0.00000000E+00,  -0.57132771E+07,   0.00000000E+00,   0.00000000E+00,   0.35200600E-10,
 37802.042,   1,  0.37123327E+09,   0.00000000E+00,  -0.43217978E+09,   0.00000000E+00,   0.00000000E+00,  -0.58854167E+07,   0.00000000E+00,   0.00000000E+00,   0.35406231E-10,
 37803.045,   1,  0.37839272E+09,   0.00000000E+00,  -0.44319670E+09,   0.00000000E+00,   0.00000000E+00,  -0.60470032E+07,   0.00000000E+00,   0.00000000E+00,   0.31988461E-10,
 37804.044,   1,  0.38666999E+09,   0.00000000E+00,  -0.45553458E+09,   0.00000000E+00,   0.00000000E+00,  -0.61755322E+07,   0.00000000E+00,   0.00000000E+00,   0.30560271E-10,
 37805.044,   1,  0.39405953E+09,   0.00000000E+00,  -0.46831056E+09,   0.00000000E+00,   0.00000000E+00,  -0.63111193E+07,   0.00000000E+00,   0.00000000E+00,   0.30277750E-10,
 37806.045,   1,  0.40064164E+09,   0.00000000E+00,  -0.48084726E+09,   0.00000000E+00,   0.00000000E+00,  -0.64927195E+07,   0.00000000E+00,   0.00000000E+00,   0.34545817E-10,
 37807.044,   1,  0.40749848E+09,   0.00000000E+00,  -0.49250677E+09,   0.00000000E+00,   0.00000000E+00,  -0.66766090E+07,   0.00000000E+00,   0.00000000E+00,   0.32407060E-10,
 37808.045,   1,  0.41505510E+09,   0.00000000E+00,  -0.50305948E+09,   0.00000000E+00,   0.00000000E+00,  -0.68498333E+07,   0.00000000E+00,   0.00000000E+00,   0.29737908E-10,
 37809.045,   1,  0.42310869E+09,   0.00000000E+00,  -0.51369547E+09,   0.00000000E+00,   0.00000000E+00,  -0.70304313E+07,   0.00000000E+00,   0.00000000E+00,   0.27323782E-10,
 37810.044,   1,  0.43050168E+09,   0.00000000E+00,  -0.52571459E+09,   0.00000000E+00,   0.00000000E+00,  -0.72135701E+07,   0.00000000E+00,   0.00000000E+00,   0.25967938E-10,
 37811.045,   1,  0.43632960E+09,   0.00000000E+00,  -0.53761084E+09,   0.00000000E+00,   0.00000000E+00,  -0.61198058E+06,   0.00000000E+00,   0.00000000E+00,   0.23969764E-10,
 37812.044,   1,  0.44171895E+09,   0.00000000E+00,  -0.55020783E+09,   0.00000000E+00,   0.00000000E+00,  -0.33409196E+07,   0.00000000E+00,   0.00000000E+00,   0.21491346E-10,
 37813.043,   1,  0.44665918E+09,   0.00000000E+00,  -0.56396112E+09,   0.00000000E+00,   0.00000000E+00,  -0.10327787E+08,   0.00000000E+00,   0.00000000E+00,   0.20314603E-10,
 37814.043,   1,  0.45087993E+09,   0.00000000E+00,  -0.57693096E+09,   0.00000000E+00,   0.00000000E+00,  -0.10462026E+08,   0.00000000E+00,   0.00000000E+00,   0.21394137E-10,
 37815.043,   1,  0.45533904E+09,   0.00000000E+00,  -0.58834273E+09,   0.00000000E+00,   0.00000000E+00,  -0.10603752E+08,   0.00000000E+00,   0.00000000E+00,   0.19050708E-10,
 37816.044,   1,  0.46017768E+09,   0.00000000E+00,  -0.59903279E+09,   0.00000000E+00,   0.00000000E+00,  -0.10749371E+08,   0.00000000E+00,   0.00000000E+00,   0.16374631E-10,
 37817.044,   1,  0.46551159E+09,   0.00000000E+00,  -0.61048434E+09,   0.00000000E+00,   0.00000000E+00,  -0.10904231E+08,   0.00000000E+00,   0.00000000E+00,   0.14950969E-10,
 37818.046,   1,  0.47027786E+09,   0.00000000E+00,  -0.62292984E+09,   0.00000000E+00,   0.00000000E+00,  -0.11053307E+08,   0.00000000E+00,   0.00000000E+00,   0.14163066E-10,
 37819.042,   1,  0.47409977E+09,   0.00000000E+00,  -0.63567605E+09,   0.00000000E+00,   0.00000000E+00,  -0.11198953E+08,   0.00000000E+00,   0.00000000E+00,   0.13247297E-10,
 37820.043,   1,  0.47834394E+09,   0.00000000E+00,  -0.64869036E+09,   0.00000000E+00,   0.00000000E+00,  -0.11339357E+08,   0.00000000E+00,   0.00000000E+00,   0.12236686E-10,
 37821.043,   1,  0.48296921E+09,   0.00000000E+00,  -0.66077358E+09,   0.00000000E+00,   0.00000000E+00,  -0.11480441E+08,   0.00000000E+00,   0.00000000E+00,   0.11178643E-10,
 37822.043,   1,  0.48748827E+09,   0.00000000E+00,  -0.67072704E+09,   0.00000000E+00,   0.00000000E+00,  -0.11620952E+08,   0.00000000E+00,   0.00000000E+00,   0.11103598E-10,
 37823.044,   1,  0.49169907E+09,   0.00000000E+00,  -0.67975144E+09,   0.00000000E+00,   0.00000000E+00,  -0.11762913E+08,   0.00000000E+00,   0.00000000E+00,   0.98885128E-11,
 37824.044,   1,  0.49607310E+09,   0.00000000E+00,  -0.68935637E+09,   0.00000000E+00,   0.00000000E+00,  -0.11905093E+08,   0.00000000E+00,   0.00000000E+00,   0.73347457E-11,
 37825.044,   1,  0.50111112E+09,   0.00000000E+00,  -0.69951405E+09,   0.00000000E+00,   0.00000000E+00,  -0.12050916E+08,   0.00000000E+00,   0.00000000E+00,   0.81991388E-11,
 37826.044,   1,  0.50681213E+09,   0.00000000E+00,  -0.71000331E+09,   0.00000000E+00,   0.00000000E+00,  -0.12198505E+08,   0.00000000E+00,   0.00000000E+00,   0.76653497E-11,
 37827.043,   1,  0.51258704E+09,   0.00000000E+00,  -0.72060258E+09,   0.00000000E+00,   0.00000000E+00,  -0.12354039E+08,   0.00000000E+00,   0.00000000E+00,   0.64237666E-11,
 37828.043,   1,  0.51753605E+09,   0.00000000E+00,  -0.73005214E+09,   0.00000000E+00,   0.00000000E+00,  -0.12513301E+08,   0.00000000E+00,   0.00000000E+00,   0.58801976E-11,
 37829.043,   1,  0.52183428E+09,   0.00000000E+00,  -0.73772168E+09,   0.00000000E+00,   0.00000000E+00,  -0.12648660E+08,   0.00000000E+00,   0.00000000E+00,   0.63246381E-11,
 37830.044,   1,  0.52551209E+09,   0.00000000E+00,  -0.74502890E+09,   0.00000000E+00,   0.00000000E+00,  -0.12753004E+08,   0.00000000E+00,   0.00000000E+00,   0.66078777E-11,
 37831.043,   1,  0.52900969E+09,   0.00000000E+00,  -0.75353780E+09,   0.00000000E+00,   0.00000000E+00,  -0.12861852E+08,   0.00000000E+00,   0.00000000E+00,   0.10043282E-10,
 37832.043,   1,  0.53266055E+09,   0.00000000E+00,  -0.76328284E+09,   0.00000000E+00,   0.00000000E+00,  -0.12981683E+08,   0.00000000E+00,   0.00000000E+00,   0.11132791E-10,
 37833.043,   1,  0.53681837E+09,   0.00000000E+00,  -0.77306263E+09,   0.00000000E+00,   0.00000000E+00,  -0.13112171E+08,   0.00000000E+00,   0.00000000E+00,   0.11521407E-10,
 37834.044,   1,  0.54164481E+09,   0.00000000E+00,  -0.78224424E+09,   0.00000000E+00,   0.00000000E+00,  -0.13246776E+08,   0.00000000E+00,   0.00000000E+00,   0.15109693E-10,
 37835.044,   1,  0.54672005E+09,   0.00000000E+00,  -0.79068825E+09,   0.00000000E+00,   0.00000000E+00,  -0.13342147E+08,   0.00000000E+00,   0.00000000E+00,   0.16550978E-10,
 37836.044,   1,  0.55113991E+09,   0.00000000E+00,  -0.79823374E+09,   0.00000000E+00,   0.00000000E+00,  -0.13438561E+08,   0.00000000E+00,   0.00000000E+00,   0.17501626E-10,
 37837.044,   1,  0.55507118E+09,   0.00000000E+00,  -0.80523848E+09,   0.00000000E+00,   0.00000000E+00,  -0.13562082E+08,   0.00000000E+00,   0.00000000E+00,   0.16159431E-10,
 37838.044,   1,  0.55957888E+09,   0.00000000E+00,  -0.81291278E+09,   0.00000000E+00,   0.00000000E+00,  -0.13697904E+08,   0.00000000E+00,   0.00000000E+00,   0.15647095E-10,
 37839.044,   1,  0.56416066E+09,   0.00000000E+00,  -0.82153546E+09,   0.00000000E+00,   0.00000000E+00,  -0.13832021E+08,   0.00000000E+00,   0.00000000E+00,   0.17076482E-10,
 37840.044,   1,  0.56895589E+09,   0.00000000E+00,  -0.83044340E+09,   0.00000000E+00,   0.00000000E+00,  -0.13968021E+08,   0.00000000E+00,   0.00000000E+00,   0.15103674E-10,
 37841.044,   1,  0.57459355E+09,   0.00000000E+00,  -0.83899929E+09,   0.00000000E+00,   0.00000000E+00,  -0.14115593E+08,   0.00000000E+00,   0.00000000E+00,   0.14787634E-10,
 37842.044,   1,  0.58051605E+09,   0.00000000E+00,  -0.84666206E+09,   0.00000000E+00,   0.00000000E+00,  -0.14260198E+08,   0.00000000E+00,   0.00000000E+00,   0.14858306E-10,
 37843.044,   1,  0.58719772E+09,   0.00000000E+00,  -0.85308416E+09,   0.00000000E+00,   0.00000000E+00,  -0.14394092E+08,   0.00000000E+00,   0.00000000E+00,   0.14567268E-10,
 37844.045,   1,  0.59396844E+09,   0.00000000E+00,  -0.85916813E+09,   0.00000000E+00,   0.00000000E+00,  -0.14516922E+08,   0.00000000E+00,   0.00000000E+00,   0.15342434E-10,
 37845.044,   1,  0.60009306E+09,   0.00000000E+00,  -0.86601060E+09,   0.00000000E+00,   0.00000000E+00,  -0.14639557E+08,   0.00000000E+00,   0.00000000E+00,   0.14701592E-10,
 37846.045,   1,  0.60607215E+09,   0.00000000E+00,  -0.87327022E+09,   0.00000000E+00,   0.00000000E+00,  -0.14757553E+08,   0.00000000E+00,   0.00000000E+00,   0.14966900E-10,
 37847.044,   1,  0.61123318E+09,   0.00000000E+00,  -0.88047165E+09,   0.00000000E+00,   0.00000000E+00,  -0.14869085E+08,   0.00000000E+00,   0.00000000E+00,   0.17832614E-10,
 37848.043,   1,  0.61523845E+09,   0.00000000E+00,  -0.88771509E+09,   0.00000000E+00,   0.00000000E+00,  -0.14991016E+08,   0.00000000E+00,   0.00000000E+00,   0.17935190E-10,
 37849.046,   1,  0.61996115E+09,   0.00000000E+00,  -0.89475118E+09,   0.00000000E+00,   0.00000000E+00,  -0.15123570E+08,   0.00000000E+00,   0.00000000E+00,   0.18338997E-10,
 37850.046,   1,  0.62528705E+09,   0.00000000E+00,  -0.90093896E+09,   0.00000000E+00,   0.00000000E+00,  -0.15237703E+08,   0.00000000E+00,   0.00000000E+00,   0.18113557E-10,
 37851.045,   1,  0.63030912E+09,   0.00000000E+00,  -0.90660862E+09,   0.00000000E+00,   0.00000000E+00,  -0.15336459E+08,   0.00000000E+00,   0.00000000E+00,   0.18373780E-10,
 37852.044,   1,  0.63611580E+09,   0.00000000E+00,  -0.91296951E+09,   0.00000000E+00,   0.00000000E+00,  -0.15395556E+08,   0.00000000E+00,   0.00000000E+00,   0.18029293E-10,
 37853.045,   1,  0.64241634E+09,   0.00000000E+00,  -0.92024832E+09,   0.00000000E+00,   0.00000000E+00,  -0.15393895E+08,   0.00000000E+00,   0.00000000E+00,   0.16952864E-10,
 37854.045,   1,  0.64856763E+09,   0.00000000E+00,  -0.92773086E+09,   0.00000000E+00,   0.00000000E+00,  -0.15449874E+08,   0.00000000E+00,   0.00000000E+00,   0.17378831E-10,
 37855.046,   1,  0.65467548E+09,   0.00000000E+00,  -0.93510297E+09,   0.00000000E+00,   0.00000000E+00,  -0.15569901E+08,   0.00000000E+00,   0.00000000E+00,   0.17076045E-10,
 37856.045,   1,  0.65984678E+09,   0.00000000E+00,  -0.94187442E+09,   0.00000000E+00,   0.00000000E+00,  -0.15664166E+08,   0.00000000E+00,   0.00000000E+00,   0.16518336E-10,
 37857.044,   1,  0.66447395E+09,   0.00000000E+00,  -0.94783383E+09,   0.00000000E+00,   0.00000000E+00,  -0.15741140E+08,   0.00000000E+00,   0.00000000E+00,   0.16022044E-10,
 37858.044,   1,  0.66901615E+09,   0.00000000E+00,  -0.95359516E+09,   0.00000000E+00,   0.00000000E+00,  -0.15819189E+08,   0.00000000E+00,   0.00000000E+00,   0.11805901E-10,
 37859.043,   1,  0.67378027E+09,   0.00000000E+00,  -0.95986255E+09,   0.00000000E+00,   0.00000000E+00,  -0.15904724E+08,   0.00000000E+00,   0.00000000E+00,   0.12276705E-10,
 37860.045,   1,  0.67873294E+09,   0.00000000E+00,  -0.96636839E+09,   0.00000000E+00,   0.00000000E+00,  -0.16012251E+08,   0.00000000E+00,   0.00000000E+00,   0.10384009E-10,
 37861.046,   1,  0.68365186E+09,   0.00000000E+00,  -0.97257498E+09,   0.00000000E+00,   0.00000000E+00,  -0.16121292E+08,   0.00000000E+00,   0.00000000E+00,   0.12446747E-10,
 37862.045,   1,  0.68863289E+09,   0.00000000E+00,  -0.97853723E+09,   0.00000000E+00,   0.00000000E+00,  -0.16229044E+08,   0.00000000E+00,   0.00000000E+00,   0.11448439E-10,
 37863.045,   1,  0.69315673E+09,   0.00000000E+00,  -0.98408108E+09,   0.00000000E+00,   0.00000000E+00,  -0.16344352E+08,   0.00000000E+00,   0.00000000E+00,   0.10998774E-10,
 37864.046,   1,  0.69742278E+09,   0.00000000E+00,  -0.98894978E+09,   0.00000000E+00,   0.00000000E+00,  -0.16444607E+08,   0.00000000E+00,   0.00000000E+00,   0.12251041E-10,
 37865.046,   1,  0.70182079E+09,   0.00000000E+00,  -0.99356720E+09,   0.00000000E+00,   0.00000000E+00,  -0.16528543E+08,   0.00000000E+00,   0.00000000E+00,   0.11774950E-10,
 37866.046,   1,  0.70631800E+09,   0.00000000E+00,  -0.99845267E+09,   0.00000000E+00,   0.00000000E+00,  -0.16617258E+08,   0.00000000E+00,   0.00000000E+00,   0.12335903E-10,
 37867.045,   1,  0.71087901E+09,   0.00000000E+00,  -0.10034816E+10,   0.00000000E+00,   0.00000000E+00,  -0.16708498E+08,   0.00000000E+00,   0.00000000E+00,   0.14221349E-10,
 37868.044,   1,  0.71634018E+09,   0.00000000E+00,  -0.10086736E+10,   0.00000000E+00,   0.00000000E+00,  -0.16799208E+08,   0.00000000E+00,   0.00000000E+00,   0.14345256E-10,
 37869.044,   1,  0.72219708E+09,   0.00000000E+00,  -0.10139560E+10,   0.00000000E+00,   0.00000000E+00,  -0.16912502E+08,   0.00000000E+00,   0.00000000E+00,   0.17514233E-10,
 37870.044,   1,  0.72829484E+09,   0.00000000E+00,  -0.10189105E+10,   0.00000000E+00,   0.00000000E+00,  -0.17019305E+08,   0.00000000E+00,   0.00000000E+00,   0.16740125E-10,
 37871.044,   1,  0.73507130E+09,   0.00000000E+00,  -0.10233377E+10,   0.00000000E+00,   0.00000000E+00,  -0.17119851E+08,   0.00000000E+00,   0.00000000E+00,   0.18678569E-10,
 37872.042,   1,  0.74235090E+09,   0.00000000E+00,  -0.10273506E+10,   0.00000000E+00,   0.00000000E+00,  -0.17251421E+08,   0.00000000E+00,   0.00000000E+00,   0.17827126E-10,
 37873.043,   1,  0.74941077E+09,   0.00000000E+00,  -0.10317474E+10,   0.00000000E+00,   0.00000000E+00,  -0.17359818E+08,   0.00000000E+00,   0.00000000E+00,   0.18197846E-10,
 37874.042,   1,  0.75491511E+09,   0.00000000E+00,  -0.10376628E+10,   0.00000000E+00,   0.00000000E+00,  -0.17447181E+08,   0.00000000E+00,   0.00000000E+00,   0.19319200E-10,
 37875.047,   1,  0.75869714E+09,   0.00000000E+00,  -0.10439648E+10,   0.00000000E+00,   0.00000000E+00,  -0.17536455E+08,   0.00000000E+00,   0.00000000E+00,   0.19920362E-10,
 37876.046,   1,  0.76168933E+09,   0.00000000E+00,  -0.10491246E+10,   0.00000000E+00,   0.00000000E+00,  -0.17618685E+08,   0.00000000E+00,   0.00000000E+00,   0.21297516E-10,
 37877.047,   1,  0.76456377E+09,   0.00000000E+00,  -0.10534309E+10,   0.00000000E+00,   0.00000000E+00,  -0.17699746E+08,   0.00000000E+00,   0.00000000E+00,   0.20939669E-10,
 37878.044,   1,  0.76757363E+09,   0.00000000E+00,  -0.10567746E+10,   0.00000000E+00,   0.00000000E+00,  -0.17776100E+08,   0.00000000E+00,   0.00000000E+00,   0.20542812E-10,
 37879.043,   1,  0.77070683E+09,   0.00000000E+00,  -0.10596329E+10,   0.00000000E+00,   0.00000000E+00,  -0.17858526E+08,   0.00000000E+00,   0.00000000E+00,   0.21993434E-10,
 37880.043,   1,  0.77354784E+09,   0.00000000E+00,  -0.10630944E+10,   0.00000000E+00,   0.00000000E+00,  -0.17926067E+08,   0.00000000E+00,   0.00000000E+00,   0.22603297E-10,
 37881.043,   1,  0.77660760E+09,   0.00000000E+00,  -0.10672566E+10,   0.00000000E+00,   0.00000000E+00,  -0.18021296E+08,   0.00000000E+00,   0.00000000E+00,   0.22728009E-10,
 37882.045,   1,  0.77979821E+09,   0.00000000E+00,  -0.10717929E+10,   0.00000000E+00,   0.00000000E+00,  -0.18099665E+08,   0.00000000E+00,   0.00000000E+00,   0.23430909E-10,
 37883.044,   1,  0.78295154E+09,   0.00000000E+00,  -0.10775962E+10,   0.00000000E+00,   0.00000000E+00,  -0.17082175E+08,   0.00000000E+00,   0.00000000E+00,   0.23920078E-10,
 37884.042,   1,  0.78633555E+09,   0.00000000E+00,  -0.10828184E+10,   0.00000000E+00,   0.00000000E+00,  -0.16254756E+08,   0.00000000E+00,   0.00000000E+00,   0.25424694E-10,
 37885.043,   1,  0.78999602E+09,   0.00000000E+00,  -0.10864779E+10,   0.00000000E+00,   0.00000000E+00,  -0.16316588E+08,   0.00000000E+00,   0.00000000E+00,   0.25553148E-10,
 37886.046,   1,  0.79382862E+09,   0.00000000E+00,  -0.10897660E+10,   0.00000000E+00,   0.00000000E+00,  -0.16391073E+08,   0.00000000E+00,   0.00000000E+00,   0.22175579E-10,
 37887.044,   1,  0.79756061E+09,   0.00000000E+00,  -0.10933427E+10,   0.00000000E+00,   0.00000000E+00,  -0.16467870E+08,   0.00000000E+00,   0.00000000E+00,   0.21875708E-10,
 37888.046,   1,  0.80118937E+09,   0.00000000E+00,  -0.10975778E+10,   0.00000000E+00,   0.00000000E+00,  -0.16556232E+08,   0.00000000E+00,   0.00000000E+00,   0.21731903E-10,
 37889.043,   1,  0.80517641E+09,   0.00000000E+00,  -0.11020764E+10,   0.00000000E+00,   0.00000000E+00,  -0.16671414E+08,   0.00000000E+00,   0.00000000E+00,   0.22049641E-10,
 37890.044,   1,  0.80907056E+09,   0.00000000E+00,  -0.11068018E+10,   0.00000000E+00,   0.00000000E+00,  -0.16766757E+08,   0.00000000E+00,   0.00000000E+00,   0.22174177E-10,
 37891.044,   1,  0.81208759E+09,   0.00000000E+00,  -0.11112951E+10,   0.00000000E+00,   0.00000000E+00,  -0.16848108E+08,   0.00000000E+00,   0.00000000E+00,   0.18764592E-10,
 37892.043,   1,  0.81495397E+09,   0.00000000E+00,  -0.11150303E+10,   0.00000000E+00,   0.00000000E+00,  -0.16934370E+08,   0.00000000E+00,   0.00000000E+00,   0.19196930E-10,
 37893.045,   1,  0.81787008E+09,   0.00000000E+00,  -0.11183125E+10,   0.00000000E+00,   0.00000000E+00,  -0.17015412E+08,   0.00000000E+00,   0.00000000E+00,   0.18512737E-10,
 37894.046,   1,  0.82043639E+09,   0.00000000E+00,  -0.11220750E+10,   0.00000000E+00,   0.00000000E+00,  -0.17091208E+08,   0.00000000E+00,   0.00000000E+00,   0.20084486E-10,
 37895.043,   1,  0.82337473E+09,   0.00000000E+00,  -0.11265575E+10,   0.00000000E+00,   0.00000000E+00,  -0.17170456E+08,   0.00000000E+00,   0.00000000E+00,   0.21954963E-10,
 37896.044,   1,  0.82670125E+09,   0.00000000E+00,  -0.11314704E+10,   0.00000000E+00,   0.00000000E+00,  -0.17261794E+08,   0.00000000E+00,   0.00000000E+00,   0.19804581E-10,
 37897.042,   1,  0.82961952E+09,   0.00000000E+00,  -0.11364641E+10,   0.00000000E+00,   0.00000000E+00,  -0.17356833E+08,   0.00000000E+00,   0.00000000E+00,   0.20389018E-10,
 37898.042,   1,  0.83228316E+09,   0.00000000E+00,  -0.11413420E+10,   0.00000000E+00,   0.00000000E+00,  -0.17460315E+08,   0.00000000E+00,   0.00000000E+00,   0.18035493E-10,
 37899.045,   1,  0.83488653E+09,   0.00000000E+00,  -0.11456293E+10,   0.00000000E+00,   0.00000000E+00,  -0.17557780E+08,   0.00000000E+00,   0.00000000E+00,   0.15268766E-10,
 37900.044,   1,  0.83745896E+09,   0.00000000E+00,  -0.11494143E+10,   0.00000000E+00,   0.00000000E+00,  -0.17635174E+08,   0.00000000E+00,   0.00000000E+00,   0.17342976E-10,
 37901.044,   1,  0.84080766E+09,   0.00000000E+00,  -0.11534865E+10,   0.00000000E+00,   0.00000000E+00,  -0.17709749E+08,   0.00000000E+00,   0.00000000E+00,   0.16850072E-10,
 37902.044,   1,  0.84463838E+09,   0.00000000E+00,  -0.11580836E+10,   0.00000000E+00,   0.00000000E+00,  -0.17786990E+08,   0.00000000E+00,   0.00000000E+00,   0.17329002E-10,
 37903.044,   1,  0.84747287E+09,   0.00000000E+00,  -0.11630022E+10,   0.00000000E+00,   0.00000000E+00,  -0.17867338E+08,   0.00000000E+00,   0.00000000E+00,   0.14105708E-10,
 37904.045,   1,  0.84911079E+09,   0.00000000E+00,  -0.11679153E+10,   0.00000000E+00,   0.00000000E+00,  -0.17936583E+08,   0.00000000E+00,   0.00000000E+00,   0.14425811E-10,
 37905.042,   1,  0.85029082E+09,   0.00000000E+00,  -0.11721883E+10,   0.00000000E+00,   0.00000000E+00,  -0.17982545E+08,   0.00000000E+00,   0.00000000E+00,   0.13924341E-10,
 37906.043,   1,  0.85166385E+09,   0.00000000E+00,  -0.11753833E+10,   0.00000000E+00,   0.00000000E+00,  -0.18042134E+08,   0.00000000E+00,   0.00000000E+00,   0.13115191E-10,
 37907.043,   1,  0.85310018E+09,   0.00000000E+00,  -0.11780770E+10,   0.00000000E+00,   0.00000000E+00,  -0.18099320E+08,   0.00000000E+00,   0.00000000E+00,   0.13221293E-10,
 37908.043,   1,  0.85431131E+09,   0.00000000E+00,  -0.11811253E+10,   0.00000000E+00,   0.00000000E+00,  -0.18148885E+08,   0.00000000E+00,   0.00000000E+00,   0.12354169E-10,
 37909.042,   1,  0.85587177E+09,   0.00000000E+00,  -0.11846295E+10,   0.00000000E+00,   0.00000000E+00,  -0.18207184E+08,   0.00000000E+00,   0.00000000E+00,   0.11234971E-10,
 37910.043,   1,  0.85783312E+09,   0.00000000E+00,  -0.11882517E+10,   0.00000000E+00,   0.00000000E+00,  -0.18257178E+08,   0.00000000E+00,   0.00000000E+00,   0.14684230E-10,
 37911.043,   1,  0.85937302E+09,   0.00000000E+00,  -0.11915970E+10,   0.00000000E+00,   0.00000000E+00,  -0.18302696E+08,   0.00000000E+00,   0.00000000E+00,   0.17378395E-10,
 37912.042,   1,  0.86040887E+09,   0.00000000E+00,  -0.11944337E+10,   0.00000000E+00,   0.00000000E+00,  -0.18369327E+08,   0.00000000E+00,   0.00000000E+00,   0.20956685E-10,
 37913.042,   1,  0.86170219E+09,   0.00000000E+00,  -0.11967445E+10,   0.00000000E+00,   0.00000000E+00,  -0.18443326E+08,   0.00000000E+00,   0.00000000E+00,   0.25630196E-10,
 37914.042,   1,  0.86333767E+09,   0.00000000E+00,  -0.11988733E+10,   0.00000000E+00,   0.00000000E+00,  -0.18520105E+08,   0.00000000E+00,   0.00000000E+00,   0.26733696E-10,
 37915.042,   1,  0.86546140E+09,   0.00000000E+00,  -0.12013557E+10,   0.00000000E+00,   0.00000000E+00,  -0.18591675E+08,   0.00000000E+00,   0.00000000E+00,   0.27979138E-10,
 37916.042,   1,  0.86726209E+09,   0.00000000E+00,  -0.12042794E+10,   0.00000000E+00,   0.00000000E+00,  -0.18673640E+08,   0.00000000E+00,   0.00000000E+00,   0.28387073E-10,
 37917.042,   1,  0.86831639E+09,   0.00000000E+00,  -0.12073089E+10,   0.00000000E+00,   0.00000000E+00,  -0.18726660E+08,   0.00000000E+00,   0.00000000E+00,   0.32924921E-10,
 37918.042,   1,  0.87006308E+09,   0.00000000E+00,  -0.12101327E+10,   0.00000000E+00,   0.00000000E+00,  -0.18775253E+08,   0.00000000E+00,   0.00000000E+00,   0.41923995E-10,
 37919.042,   1,  0.87409263E+09,   0.00000000E+00,  -0.12125370E+10,   0.00000000E+00,   0.00000000E+00,  -0.18838315E+08,   0.00000000E+00,   0.00000000E+00,   0.39254565E-10,
 37920.042,   1,  0.87830681E+09,   0.00000000E+00,  -0.12144940E+10,   0.00000000E+00,   0.00000000E+00,  -0.18887096E+08,   0.00000000E+00,   0.00000000E+00,   0.40824843E-10,
 37921.042,   1,  0.88070284E+09,   0.00000000E+00,  -0.12160832E+10,   0.00000000E+00,   0.00000000E+00,  -0.18934068E+08,   0.00000000E+00,   0.00000000E+00,   0.40744163E-10,
 37922.042,   1,  0.88248099E+09,   0.00000000E+00,  -0.12178173E+10,   0.00000000E+00,   0.00000000E+00,  -0.18976612E+08,   0.00000000E+00,   0.00000000E+00,   0.48163099E-10,
 37923.043,   1,  0.88406981E+09,   0.00000000E+00,  -0.12198222E+10,   0.00000000E+00,   0.00000000E+00,  -0.19022948E+08,   0.00000000E+00,   0.00000000E+00,   0.43362531E-10,
 37924.042,   1,  0.88565289E+09,   0.00000000E+00,  -0.12218616E+10,   0.00000000E+00,   0.00000000E+00,  -0.19063513E+08,   0.00000000E+00,   0.00000000E+00,   0.44560170E-10,
 37925.042,   1,  0.88760245E+09,   0.00000000E+00,  -0.12239239E+10,   0.00000000E+00,   0.00000000E+00,  -0.19101605E+08,   0.00000000E+00,   0.00000000E+00,   0.50410782E-10,
 37926.042,   1,  0.88971213E+09,   0.00000000E+00,  -0.12258669E+10,   0.00000000E+00,   0.00000000E+00,  -0.19128866E+08,   0.00000000E+00,   0.00000000E+00,   0.49776282E-10,
 37927.042,   1,  0.89184689E+09,   0.00000000E+00,  -0.12275215E+10,   0.00000000E+00,   0.00000000E+00,  -0.19154423E+08,   0.00000000E+00,   0.00000000E+00,   0.48949749E-10,
 37928.042,   1,  0.89379998E+09,   0.00000000E+00,  -0.12291408E+10,   0.00000000E+00,   0.00000000E+00,  -0.19181385E+08,   0.00000000E+00,   0.00000000E+00,   0.43090866E-10,
 37929.042,   1,  0.89603335E+09,   0.00000000E+00,  -0.12309745E+10,   0.00000000E+00,   0.00000000E+00,  -0.19208338E+08,   0.00000000E+00,   0.00000000E+00,   0.41655145E-10,
 37930.042,   1,  0.89751111E+09,   0.00000000E+00,  -0.12329400E+10,   0.00000000E+00,   0.00000000E+00,  -0.19252314E+08,   0.00000000E+00,   0.00000000E+00,   0.49306252E-10,
 37931.042,   1,  0.89786161E+09,   0.00000000E+00,  -0.12349699E+10,   0.00000000E+00,   0.00000000E+00,  -0.19307371E+08,   0.00000000E+00,   0.00000000E+00,   0.46842103E-10,
 37932.042,   1,  0.89797867E+09,   0.00000000E+00,  -0.12368799E+10,   0.00000000E+00,   0.00000000E+00,  -0.19369516E+08,   0.00000000E+00,   0.00000000E+00,   0.41508710E-10,
 37933.042,   1,  0.89816802E+09,   0.00000000E+00,  -0.12385711E+10,   0.00000000E+00,   0.00000000E+00,  -0.19429037E+08,   0.00000000E+00,   0.00000000E+00,   0.38794220E-10,
 37934.042,   1,  0.89847164E+09,   0.00000000E+00,  -0.12401942E+10,   0.00000000E+00,   0.00000000E+00,  -0.19487740E+08,   0.00000000E+00,   0.00000000E+00,   0.36451524E-10,
 37935.042,   1,  0.89872101E+09,   0.00000000E+00,  -0.12418364E+10,   0.00000000E+00,   0.00000000E+00,  -0.19541904E+08,   0.00000000E+00,   0.00000000E+00,   0.33807885E-10,
 37936.042,   1,  0.89904583E+09,   0.00000000E+00,  -0.12435574E+10,   0.00000000E+00,   0.00000000E+00,  -0.19580616E+08,   0.00000000E+00,   0.00000000E+00,   0.36981534E-10,
 37937.042,   1,  0.89937460E+09,   0.00000000E+00,  -0.12453692E+10,   0.00000000E+00,   0.00000000E+00,  -0.19610247E+08,   0.00000000E+00,   0.00000000E+00,   0.34480890E-10,
 37938.042,   1,  0.89956386E+09,   0.00000000E+00,  -0.12472200E+10,   0.00000000E+00,   0.00000000E+00,  -0.19632797E+08,   0.00000000E+00,   0.00000000E+00,   0.33267948E-10,
 37939.042,   1,  0.89963797E+09,   0.00000000E+00,  -0.12490152E+10,   0.00000000E+00,   0.00000000E+00,  -0.19672892E+08,   0.00000000E+00,   0.00000000E+00,   0.32220892E-10,
 37940.042,   1,  0.89989680E+09,   0.00000000E+00,  -0.12506181E+10,   0.00000000E+00,   0.00000000E+00,  -0.19717604E+08,   0.00000000E+00,   0.00000000E+00,   0.28528057E-10,
 37941.042,   1,  0.90029348E+09,   0.00000000E+00,  -0.12521043E+10,   0.00000000E+00,   0.00000000E+00,  -0.19744365E+08,   0.00000000E+00,   0.00000000E+00,   0.30656134E-10,
 37942.042,   1,  0.90050713E+09,   0.00000000E+00,  -0.12535958E+10,   0.00000000E+00,   0.00000000E+00,  -0.19761767E+08,   0.00000000E+00,   0.00000000E+00,   0.28519390E-10,
 37943.042,   1,  0.90060622E+09,   0.00000000E+00,  -0.12550925E+10,   0.00000000E+00,   0.00000000E+00,  -0.19785892E+08,   0.00000000E+00,   0.00000000E+00,   0.27168868E-10,
 37944.043,   1,  0.90102192E+09,   0.00000000E+00,  -0.12566670E+10,   0.00000000E+00,   0.00000000E+00,  -0.19835197E+08,   0.00000000E+00,   0.00000000E+00,   0.30716647E-10,
 37945.042,   1,  0.90166750E+09,   0.00000000E+00,  -0.12583095E+10,   0.00000000E+00,   0.00000000E+00,  -0.19886966E+08,   0.00000000E+00,   0.00000000E+00,   0.28620688E-10,
 37946.042,   1,  0.90208392E+09,   0.00000000E+00,  -0.12598859E+10,   0.00000000E+00,   0.00000000E+00,  -0.19935388E+08,   0.00000000E+00,   0.00000000E+00,   0.32758007E-10,
 37947.042,   1,  0.90305297E+09,   0.00000000E+00,  -0.12613953E+10,   0.00000000E+00,   0.00000000E+00,  -0.19998210E+08,   0.00000000E+00,   0.00000000E+00,   0.45703019E-10,
 37948.042,   1,  0.90521760E+09,   0.00000000E+00,  -0.12628295E+10,   0.00000000E+00,   0.00000000E+00,  -0.20033546E+08,   0.00000000E+00,   0.00000000E+00,   0.47065592E-10,
 37949.043,   1,  0.90762822E+09,   0.00000000E+00,  -0.12642006E+10,   0.00000000E+00,   0.00000000E+00,  -0.20047650E+08,   0.00000000E+00,   0.00000000E+00,   0.43253012E-10,
 37950.042,   1,  0.90986403E+09,   0.00000000E+00,  -0.12655523E+10,   0.00000000E+00,   0.00000000E+00,  -0.20073865E+08,   0.00000000E+00,   0.00000000E+00,   0.49839449E-10,
 37951.042,   1,  0.91231395E+09,   0.00000000E+00,  -0.12669611E+10,   0.00000000E+00,   0.00000000E+00,  -0.20093373E+08,   0.00000000E+00,   0.00000000E+00,   0.53776758E-10,
 37952.042,   1,  0.91476535E+09,   0.00000000E+00,  -0.12683153E+10,   0.00000000E+00,   0.00000000E+00,  -0.20106554E+08,   0.00000000E+00,   0.00000000E+00,   0.57729294E-10,
 37953.042,   1,  0.91699352E+09,   0.00000000E+00,  -0.12694615E+10,   0.00000000E+00,   0.00000000E+00,  -0.20116013E+08,   0.00000000E+00,   0.00000000E+00,   0.57639508E-10,
 37954.042,   1,  0.91913317E+09,   0.00000000E+00,  -0.12705166E+10,   0.00000000E+00,   0.00000000E+00,  -0.20125956E+08,   0.00000000E+00,   0.00000000E+00,   0.58159195E-10,
 37955.043,   1,  0.92126107E+09,   0.00000000E+00,  -0.12715708E+10,   0.00000000E+00,   0.00000000E+00,  -0.20140649E+08,   0.00000000E+00,   0.00000000E+00,   0.59773541E-10,
 37956.043,   1,  0.92328507E+09,   0.00000000E+00,  -0.12726947E+10,   0.00000000E+00,   0.00000000E+00,  -0.20151125E+08,   0.00000000E+00,   0.00000000E+00,   0.57014295E-10,
 37957.042,   1,  0.92531797E+09,   0.00000000E+00,  -0.12738770E+10,   0.00000000E+00,   0.00000000E+00,  -0.20162231E+08,   0.00000000E+00,   0.00000000E+00,   0.59439552E-10,
 37958.042,   1,  0.92711412E+09,   0.00000000E+00,  -0.12750608E+10,   0.00000000E+00,   0.00000000E+00,  -0.20178329E+08,   0.00000000E+00,   0.00000000E+00,   0.58337671E-10,
 37959.042,   1,  0.92859460E+09,   0.00000000E+00,  -0.12762432E+10,   0.00000000E+00,   0.00000000E+00,  -0.20195145E+08,   0.00000000E+00,   0.00000000E+00,   0.62465628E-10,
 37960.042,   1,  0.93019252E+09,   0.00000000E+00,  -0.12774245E+10,   0.00000000E+00,   0.00000000E+00,  -0.20209678E+08,   0.00000000E+00,   0.00000000E+00,   0.62825979E-10,
 37961.042,   1,  0.93220921E+09,   0.00000000E+00,  -0.12786063E+10,   0.00000000E+00,   0.00000000E+00,  -0.20220773E+08,   0.00000000E+00,   0.00000000E+00,   0.60495937E-10,
 37962.042,   1,  0.93444099E+09,   0.00000000E+00,  -0.12797898E+10,   0.00000000E+00,   0.00000000E+00,  -0.20234490E+08,   0.00000000E+00,   0.00000000E+00,   0.60536702E-10,
 37963.042,   1,  0.93639060E+09,   0.00000000E+00,  -0.12809728E+10,   0.00000000E+00,   0.00000000E+00,  -0.20249894E+08,   0.00000000E+00,   0.00000000E+00,   0.62540161E-10,
 37964.042,   1,  0.93803675E+09,   0.00000000E+00,  -0.12821530E+10,   0.00000000E+00,   0.00000000E+00,  -0.20255773E+08,   0.00000000E+00,   0.00000000E+00,   0.59740091E-10,
 37965.042,   1,  0.93957932E+09,   0.00000000E+00,  -0.12833683E+10,   0.00000000E+00,   0.00000000E+00,  -0.20265674E+08,   0.00000000E+00,   0.00000000E+00,   0.64949485E-10,
 37966.042,   1,  0.94102616E+09,   0.00000000E+00,  -0.12845697E+10,   0.00000000E+00,   0.00000000E+00,  -0.20279993E+08,   0.00000000E+00,   0.00000000E+00,   0.67546474E-10,
 37967.042,   1,  0.94243707E+09,   0.00000000E+00,  -0.12857311E+10,   0.00000000E+00,   0.00000000E+00,  -0.20294105E+08,   0.00000000E+00,   0.00000000E+00,   0.70655788E-10,
 37968.042,   1,  0.94397207E+09,   0.00000000E+00,  -0.12869192E+10,   0.00000000E+00,   0.00000000E+00,  -0.20310935E+08,   0.00000000E+00,   0.00000000E+00,   0.70441044E-10,
 37969.042,   1,  0.94576595E+09,   0.00000000E+00,  -0.12881000E+10,   0.00000000E+00,   0.00000000E+00,  -0.20332927E+08,   0.00000000E+00,   0.00000000E+00,   0.68139892E-10,
 37970.042,   1,  0.94752941E+09,   0.00000000E+00,  -0.12892556E+10,   0.00000000E+00,   0.00000000E+00,  -0.20356456E+08,   0.00000000E+00,   0.00000000E+00,   0.67327996E-10,
