DATE TIME,Temp_F,Temp_C
10/1/2023 0:00,56,13.33333333
10/1/2023 1:00,56,13.33333333
10/1/2023 2:00,57,13.88888889
10/1/2023 3:00,55,12.77777778
10/1/2023 4:00,57,13.88888889
10/1/2023 5:00,57,13.88888889
10/1/2023 6:00,52,11.11111111
10/1/2023 7:00,55,12.77777778
10/1/2023 8:00,58,14.44444444
10/1/2023 9:00,61,16.11111111
10/1/2023 10:00,67,19.44444444
10/1/2023 11:00,67,19.44444444
10/1/2023 12:00,69,20.55555556
10/1/2023 13:00,70,21.11111111
10/1/2023 14:00,74,23.33333333
10/1/2023 15:00,70,21.11111111
10/1/2023 16:00,70,21.11111111
10/1/2023 17:00,72,22.22222222
10/1/2023 18:00,70,21.11111111
10/1/2023 19:00,67,19.44444444
10/1/2023 20:00,66,18.88888889
10/1/2023 21:00,66,18.88888889
10/1/2023 22:00,66,18.88888889
10/1/2023 23:00,65,18.33333333
10/2/2023 0:00,65,18.33333333
10/2/2023 1:00,63,17.22222222
10/2/2023 2:00,64,17.77777778
10/2/2023 3:00,63,17.22222222
10/2/2023 4:00,62,16.66666667
10/2/2023 5:00,61,16.11111111
10/2/2023 6:00,61,16.11111111
10/2/2023 7:00,59,15
10/2/2023 8:00,63,17.22222222
10/2/2023 9:00,67,19.44444444
10/2/2023 10:00,71,21.66666667
10/2/2023 11:00,71,21.66666667
10/2/2023 12:00,74,23.33333333
10/2/2023 13:00,75,23.88888889
10/2/2023 14:00,78,25.55555556
10/2/2023 15:00,80,26.66666667
10/2/2023 16:00,77,25
10/2/2023 17:00,78,25.55555556
10/2/2023 18:00,75,23.88888889
10/2/2023 19:00,71,21.66666667
10/2/2023 20:00,70,21.11111111
10/2/2023 21:00,70,21.11111111
10/2/2023 22:00,69,20.55555556
10/2/2023 23:00,67,19.44444444
10/3/2023 0:00,64,17.77777778
10/3/2023 1:00,63,17.22222222
10/3/2023 2:00,62,16.66666667
10/3/2023 3:00,62,16.66666667
10/3/2023 4:00,61,16.11111111
10/3/2023 5:00,61,16.11111111
10/3/2023 6:00,61,16.11111111
10/3/2023 7:00,60,15.55555556
10/3/2023 8:00,63,17.22222222
10/3/2023 9:00,68,20
10/3/2023 10:00,73,22.77777778
10/3/2023 11:00,74,23.33333333
10/3/2023 12:00,79,26.11111111
10/3/2023 13:00,79,26.11111111
10/3/2023 14:00,82,27.77777778
10/3/2023 15:00,81,27.22222222
10/3/2023 16:00,84,28.88888889
10/3/2023 17:00,83,28.33333333
10/3/2023 18:00,81,27.22222222
10/3/2023 19:00,77,25
10/3/2023 20:00,73,22.77777778
10/3/2023 21:00,72,22.22222222
10/3/2023 22:00,70,21.11111111
10/3/2023 23:00,69,20.55555556
10/4/2023 0:00,68,20
10/4/2023 1:00,67,19.44444444
10/4/2023 2:00,66,18.88888889
10/4/2023 3:00,65,18.33333333
10/4/2023 4:00,65,18.33333333
10/4/2023 5:00,64,17.77777778
10/4/2023 6:00,63,17.22222222
10/4/2023 7:00,63,17.22222222
10/4/2023 8:00,65,18.33333333
10/4/2023 9:00,69,20.55555556
10/4/2023 10:00,75,23.88888889
10/4/2023 11:00,79,26.11111111
10/4/2023 12:00,83,28.33333333
10/4/2023 13:00,85,29.44444444
10/4/2023 14:00,87,30.55555556
10/4/2023 15:00,88,31.11111111
10/4/2023 16:00,90,32.22222222
10/4/2023 17:00,89,31.66666667
10/4/2023 18:00,86,30
10/4/2023 19:00,81,27.22222222
10/4/2023 20:00,80,26.66666667
10/4/2023 21:00,79,26.11111111
10/4/2023 22:00,75,23.88888889
10/4/2023 23:00,72,22.22222222
10/5/2023 0:00,72,22.22222222
10/5/2023 1:00,70,21.11111111
10/5/2023 2:00,69,20.55555556
10/5/2023 3:00,69,20.55555556
10/5/2023 4:00,68,20
10/5/2023 5:00,68,20
10/5/2023 6:00,68,20
10/5/2023 7:00,69,20.55555556
10/5/2023 8:00,73,22.77777778
10/5/2023 9:00,72,22.22222222
10/5/2023 10:00,78,25.55555556
10/5/2023 11:00,84,28.88888889
10/5/2023 12:00,87,30.55555556
10/5/2023 13:00,88,31.11111111
10/5/2023 14:00,89,31.66666667
10/5/2023 15:00,92,33.33333333
10/5/2023 16:00,92,33.33333333
10/5/2023 17:00,92,33.33333333
10/5/2023 18:00,89,31.66666667
10/5/2023 19:00,85,29.44444444
10/5/2023 20:00,82,27.77777778
10/5/2023 21:00,80,26.66666667
10/5/2023 22:00,76,24.44444444
10/5/2023 23:00,76,24.44444444
10/6/2023 0:00,75,23.88888889
10/6/2023 1:00,74,23.33333333
10/6/2023 2:00,73,22.77777778
10/6/2023 3:00,73,22.77777778
10/6/2023 4:00,71,21.66666667
10/6/2023 5:00,70,21.11111111
10/6/2023 6:00,71,21.66666667
10/6/2023 7:00,70,21.11111111
10/6/2023 8:00,75,23.88888889
10/6/2023 9:00,72,22.22222222
10/6/2023 10:00,78,25.55555556
10/6/2023 11:00,85,29.44444444
10/6/2023 12:00,87,30.55555556
10/6/2023 13:00,89,31.66666667
10/6/2023 14:00,91,32.77777778
10/6/2023 15:00,94,34.44444444
10/6/2023 16:00,93,33.88888889
10/6/2023 17:00,93,33.88888889
10/6/2023 18:00,91,32.77777778
10/6/2023 19:00,86,30
10/6/2023 20:00,84,28.88888889
10/6/2023 21:00,81,27.22222222
10/6/2023 22:00,78,25.55555556
10/6/2023 23:00,76,24.44444444
10/7/2023 0:00,76,24.44444444
10/7/2023 1:00,77,25
10/7/2023 2:00,73,22.77777778
10/7/2023 3:00,73,22.77777778
10/7/2023 4:00,73,22.77777778
10/7/2023 5:00,72,22.22222222
10/7/2023 6:00,74,23.33333333
10/7/2023 7:00,75,23.88888889
10/7/2023 8:00,72,22.22222222
10/7/2023 9:00,76,24.44444444
10/7/2023 10:00,82,27.77777778
10/7/2023 11:00,86,30
10/7/2023 12:00,89,31.66666667
10/7/2023 13:00,92,33.33333333
10/7/2023 14:00,94,34.44444444
10/7/2023 15:00,97,36.11111111
10/7/2023 16:00,97,36.11111111
10/7/2023 17:00,96,35.55555556
10/7/2023 18:00,94,34.44444444
10/7/2023 19:00,87,30.55555556
10/7/2023 20:00,85,29.44444444
10/7/2023 21:00,84,28.88888889
10/7/2023 22:00,80,26.66666667
10/7/2023 23:00,75,23.88888889
10/8/2023 0:00,78,25.55555556
10/8/2023 1:00,76,24.44444444
10/8/2023 2:00,76,24.44444444
10/8/2023 3:00,76,24.44444444
10/8/2023 4:00,77,25
10/8/2023 5:00,77,25
10/8/2023 6:00,75,23.88888889
10/8/2023 7:00,72,22.22222222
10/8/2023 8:00,72,22.22222222
10/8/2023 9:00,76,24.44444444
10/8/2023 10:00,80,26.66666667
10/8/2023 11:00,87,30.55555556
10/8/2023 12:00,91,32.77777778
10/8/2023 13:00,93,33.88888889
10/8/2023 14:00,94,34.44444444
10/8/2023 15:00,96,35.55555556
10/8/2023 16:00,96,35.55555556
10/8/2023 17:00,96,35.55555556
10/8/2023 18:00,93,33.88888889
10/8/2023 19:00,87,30.55555556
10/8/2023 20:00,86,30
10/8/2023 21:00,82,27.77777778
10/8/2023 22:00,79,26.11111111
10/8/2023 23:00,77,25
10/9/2023 0:00,75,23.88888889
10/9/2023 1:00,74,23.33333333
10/9/2023 2:00,75,23.88888889
10/9/2023 3:00,72,22.22222222
10/9/2023 4:00,73,22.77777778
10/9/2023 5:00,70,21.11111111
10/9/2023 6:00,71,21.66666667
10/9/2023 7:00,69,20.55555556
10/9/2023 8:00,67,19.44444444
10/9/2023 9:00,71,21.66666667
10/9/2023 10:00,78,25.55555556
10/9/2023 11:00,76,24.44444444
10/9/2023 12:00,77,25
10/9/2023 13:00,82,27.77777778
10/9/2023 14:00,80,26.66666667
10/9/2023 15:00,76,24.44444444
10/9/2023 16:00,75,23.88888889
10/9/2023 17:00,75,23.88888889
10/9/2023 18:00,72,22.22222222
10/9/2023 19:00,67,19.44444444
10/9/2023 20:00,65,18.33333333
10/9/2023 21:00,63,17.22222222
10/9/2023 22:00,61,16.11111111
10/9/2023 23:00,59,15
10/10/2023 0:00,61,16.11111111
10/10/2023 1:00,60,15.55555556
10/10/2023 2:00,59,15
10/10/2023 3:00,60,15.55555556
10/10/2023 4:00,59,15
10/10/2023 5:00,59,15
10/10/2023 6:00,54,12.22222222
10/10/2023 7:00,56,13.33333333
10/10/2023 8:00,60,15.55555556
10/10/2023 9:00,64,17.77777778
10/10/2023 10:00,69,20.55555556
10/10/2023 11:00,71,21.66666667
10/10/2023 12:00,75,23.88888889
10/10/2023 13:00,76,24.44444444
10/10/2023 14:00,78,25.55555556
10/10/2023 15:00,79,26.11111111
10/10/2023 16:00,76,24.44444444
10/10/2023 17:00,78,25.55555556
10/10/2023 18:00,74,23.33333333
10/10/2023 19:00,71,21.66666667
10/10/2023 20:00,68,20
10/10/2023 21:00,66,18.88888889
10/10/2023 22:00,63,17.22222222
10/10/2023 23:00,60,15.55555556
10/11/2023 0:00,60,15.55555556
10/11/2023 1:00,60,15.55555556
10/11/2023 2:00,65,18.33333333
10/11/2023 3:00,61,16.11111111
10/11/2023 4:00,61,16.11111111
10/11/2023 5:00,59,15
10/11/2023 6:00,58,14.44444444
10/11/2023 7:00,57,13.88888889
10/11/2023 8:00,57,13.88888889
10/11/2023 9:00,60,15.55555556
10/11/2023 10:00,62,16.66666667
10/11/2023 11:00,65,18.33333333
10/11/2023 12:00,68,20
10/11/2023 13:00,70,21.11111111
10/11/2023 14:00,70,21.11111111
10/11/2023 15:00,73,22.77777778
10/11/2023 16:00,74,23.33333333
10/11/2023 17:00,72,22.22222222
10/11/2023 18:00,70,21.11111111
10/11/2023 19:00,66,18.88888889
10/11/2023 20:00,64,17.77777778
10/11/2023 21:00,62,16.66666667
10/11/2023 22:00,60,15.55555556
10/11/2023 23:00,59,15
10/12/2023 0:00,58,14.44444444
10/12/2023 1:00,57,13.88888889
10/12/2023 2:00,57,13.88888889
10/12/2023 3:00,55,12.77777778
10/12/2023 4:00,56,13.33333333
10/12/2023 5:00,55,12.77777778
10/12/2023 6:00,55,12.77777778
10/12/2023 7:00,55,12.77777778
10/12/2023 8:00,55,12.77777778
10/12/2023 9:00,62,16.66666667
10/12/2023 10:00,65,18.33333333
10/12/2023 11:00,68,20
10/12/2023 12:00,70,21.11111111
10/12/2023 13:00,72,22.22222222
10/12/2023 14:00,75,23.88888889
10/12/2023 15:00,76,24.44444444
10/12/2023 16:00,77,25
10/12/2023 17:00,77,25
10/12/2023 18:00,73,22.77777778
10/12/2023 19:00,72,22.22222222
10/12/2023 20:00,69,20.55555556
10/12/2023 21:00,66,18.88888889
10/12/2023 22:00,65,18.33333333
10/12/2023 23:00,62,16.66666667
10/13/2023 0:00,61,16.11111111
10/13/2023 1:00,61,16.11111111
10/13/2023 2:00,60,15.55555556
10/13/2023 3:00,60,15.55555556
10/13/2023 4:00,60,15.55555556
10/13/2023 5:00,58,14.44444444
10/13/2023 6:00,59,15
10/13/2023 7:00,59,15
10/13/2023 8:00,61,16.11111111
10/13/2023 9:00,63,17.22222222
10/13/2023 10:00,67,19.44444444
10/13/2023 11:00,76,24.44444444
10/13/2023 12:00,78,25.55555556
10/13/2023 13:00,80,26.66666667
10/13/2023 14:00,82,27.77777778
10/13/2023 15:00,82,27.77777778
10/13/2023 16:00,82,27.77777778
10/13/2023 17:00,85,29.44444444
10/13/2023 18:00,79,26.11111111
10/13/2023 19:00,74,23.33333333
10/13/2023 20:00,74,23.33333333
10/13/2023 21:00,73,22.77777778
10/13/2023 22:00,68,20
10/13/2023 23:00,69,20.55555556
10/14/2023 0:00,68,20
10/14/2023 1:00,67,19.44444444
10/14/2023 2:00,66,18.88888889
10/14/2023 3:00,67,19.44444444
10/14/2023 4:00,66,18.88888889
10/14/2023 5:00,68,20
10/14/2023 6:00,63,17.22222222
10/14/2023 7:00,60,15.55555556
10/14/2023 8:00,63,17.22222222
10/14/2023 9:00,63,17.22222222
10/14/2023 10:00,64,17.77777778
10/14/2023 11:00,74,23.33333333
10/14/2023 12:00,78,25.55555556
10/14/2023 13:00,82,27.77777778
10/14/2023 14:00,82,27.77777778
10/14/2023 15:00,83,28.33333333
10/14/2023 16:00,86,30
10/14/2023 17:00,84,28.88888889
10/14/2023 18:00,81,27.22222222
10/14/2023 19:00,77,25
10/14/2023 20:00,74,23.33333333
10/14/2023 21:00,72,22.22222222
10/14/2023 22:00,69,20.55555556
10/14/2023 23:00,67,19.44444444
10/15/2023 0:00,66,18.88888889
10/15/2023 1:00,65,18.33333333
10/15/2023 2:00,65,18.33333333
10/15/2023 3:00,64,17.77777778
10/15/2023 4:00,65,18.33333333
10/15/2023 5:00,64,17.77777778
10/15/2023 6:00,61,16.11111111
10/15/2023 7:00,60,15.55555556
10/15/2023 8:00,61,16.11111111
10/15/2023 9:00,65,18.33333333
10/15/2023 10:00,71,21.66666667
10/15/2023 11:00,78,25.55555556
10/15/2023 12:00,81,27.22222222
10/15/2023 13:00,83,28.33333333
10/15/2023 14:00,83,28.33333333
10/15/2023 15:00,85,29.44444444
10/15/2023 16:00,86,30
10/15/2023 17:00,88,31.11111111
10/15/2023 18:00,82,27.77777778
10/15/2023 19:00,79,26.11111111
10/15/2023 20:00,77,25
10/15/2023 21:00,74,23.33333333
10/15/2023 22:00,71,21.66666667
10/15/2023 23:00,70,21.11111111
10/16/2023 0:00,68,20
10/16/2023 1:00,67,19.44444444
10/16/2023 2:00,66,18.88888889
10/16/2023 3:00,67,19.44444444
10/16/2023 4:00,64,17.77777778
10/16/2023 5:00,63,17.22222222
10/16/2023 6:00,63,17.22222222
10/16/2023 7:00,63,17.22222222
10/16/2023 8:00,64,17.77777778
10/16/2023 9:00,66,18.88888889
10/16/2023 10:00,71,21.66666667
10/16/2023 11:00,77,25
10/16/2023 12:00,79,26.11111111
10/16/2023 13:00,82,27.77777778
10/16/2023 14:00,84,28.88888889
10/16/2023 15:00,87,30.55555556
10/16/2023 16:00,85,29.44444444
10/16/2023 17:00,83,28.33333333
10/16/2023 18:00,79,26.11111111
10/16/2023 19:00,76,24.44444444
10/16/2023 20:00,72,22.22222222
10/16/2023 21:00,73,22.77777778
10/16/2023 22:00,69,20.55555556
10/16/2023 23:00,67,19.44444444
10/17/2023 0:00,67,19.44444444
10/17/2023 1:00,64,17.77777778
10/17/2023 2:00,62,16.66666667
10/17/2023 3:00,63,17.22222222
10/17/2023 4:00,59,15
10/17/2023 5:00,60,15.55555556
10/17/2023 6:00,61,16.11111111
10/17/2023 7:00,61,16.11111111
10/17/2023 8:00,62,16.66666667
10/17/2023 9:00,65,18.33333333
10/17/2023 10:00,70,21.11111111
10/17/2023 11:00,72,22.22222222
10/17/2023 12:00,77,25
10/17/2023 13:00,80,26.66666667
10/17/2023 14:00,81,27.22222222
10/17/2023 15:00,83,28.33333333
10/17/2023 16:00,82,27.77777778
10/17/2023 17:00,82,27.77777778
10/17/2023 18:00,79,26.11111111
10/17/2023 19:00,76,24.44444444
10/17/2023 20:00,74,23.33333333
10/17/2023 21:00,72,22.22222222
10/17/2023 22:00,70,21.11111111
10/17/2023 23:00,68,20
10/18/2023 0:00,67,19.44444444
10/18/2023 1:00,66,18.88888889
10/18/2023 2:00,66,18.88888889
10/18/2023 3:00,64,17.77777778
10/18/2023 4:00,64,17.77777778
10/18/2023 5:00,63,17.22222222
10/18/2023 6:00,61,16.11111111
10/18/2023 7:00,61,16.11111111
10/18/2023 8:00,62,16.66666667
10/18/2023 9:00,65,18.33333333
10/18/2023 10:00,72,22.22222222
10/18/2023 11:00,76,24.44444444
10/18/2023 12:00,82,27.77777778
10/18/2023 13:00,83,28.33333333
10/18/2023 14:00,88,31.11111111
10/18/2023 15:00,88,31.11111111
10/18/2023 16:00,91,32.77777778
10/18/2023 17:00,89,31.66666667
10/18/2023 18:00,85,29.44444444
10/18/2023 19:00,81,27.22222222
10/18/2023 20:00,79,26.11111111
10/18/2023 21:00,75,23.88888889
10/18/2023 22:00,73,22.77777778
10/18/2023 23:00,72,22.22222222
10/19/2023 0:00,69,20.55555556
10/19/2023 1:00,70,21.11111111
10/19/2023 2:00,69,20.55555556
10/19/2023 3:00,68,20
10/19/2023 4:00,69,20.55555556
10/19/2023 5:00,67,19.44444444
10/19/2023 6:00,66,18.88888889
10/19/2023 7:00,65,18.33333333
10/19/2023 8:00,65,18.33333333
10/19/2023 9:00,68,20
10/19/2023 10:00,76,24.44444444
10/19/2023 11:00,81,27.22222222
10/19/2023 12:00,83,28.33333333
10/19/2023 13:00,85,29.44444444
10/19/2023 14:00,89,31.66666667
10/19/2023 15:00,92,33.33333333
10/19/2023 16:00,91,32.77777778
10/19/2023 17:00,91,32.77777778
10/19/2023 18:00,86,30
10/19/2023 19:00,83,28.33333333
10/19/2023 20:00,81,27.22222222
10/19/2023 21:00,77,25
10/19/2023 22:00,76,24.44444444
10/19/2023 23:00,74,23.33333333
10/20/2023 0:00,74,23.33333333
10/20/2023 1:00,70,21.11111111
10/20/2023 2:00,71,21.66666667
10/20/2023 3:00,67,19.44444444
10/20/2023 4:00,69,20.55555556
10/20/2023 5:00,70,21.11111111
10/20/2023 6:00,68,20
10/20/2023 7:00,69,20.55555556
10/20/2023 8:00,67,19.44444444
10/20/2023 9:00,69,20.55555556
10/20/2023 10:00,78,25.55555556
10/20/2023 11:00,87,30.55555556
10/20/2023 12:00,88,31.11111111
10/20/2023 13:00,90,32.22222222
10/20/2023 14:00,91,32.77777778
10/20/2023 15:00,92,33.33333333
10/20/2023 16:00,91,32.77777778
10/20/2023 17:00,92,33.33333333
10/20/2023 18:00,88,31.11111111
10/20/2023 19:00,85,29.44444444
10/20/2023 20:00,82,27.77777778
10/20/2023 21:00,79,26.11111111
10/20/2023 22:00,76,24.44444444
10/20/2023 23:00,74,23.33333333
10/21/2023 0:00,72,22.22222222
10/21/2023 1:00,72,22.22222222
10/21/2023 2:00,71,21.66666667
10/21/2023 3:00,68,20
10/21/2023 4:00,65,18.33333333
10/21/2023 5:00,60,15.55555556
10/21/2023 6:00,60,15.55555556
10/21/2023 7:00,61,16.11111111
10/21/2023 8:00,61,16.11111111
10/21/2023 9:00,61,16.11111111
10/21/2023 10:00,66,18.88888889
10/21/2023 11:00,71,21.66666667
10/21/2023 12:00,74,23.33333333
10/21/2023 13:00,78,25.55555556
10/21/2023 14:00,80,26.66666667
10/21/2023 15:00,83,28.33333333
10/21/2023 16:00,79,26.11111111
10/21/2023 17:00,79,26.11111111
10/21/2023 18:00,74,23.33333333
10/21/2023 19:00,70,21.11111111
10/21/2023 20:00,68,20
10/21/2023 21:00,67,19.44444444
10/21/2023 22:00,65,18.33333333
10/21/2023 23:00,61,16.11111111
10/22/2023 0:00,60,15.55555556
10/22/2023 1:00,60,15.55555556
10/22/2023 2:00,59,15
10/22/2023 3:00,56,13.33333333
10/22/2023 4:00,58,14.44444444
10/22/2023 5:00,58,14.44444444
10/22/2023 6:00,56,13.33333333
10/22/2023 7:00,57,13.88888889
10/22/2023 8:00,56,13.33333333
10/22/2023 9:00,61,16.11111111
10/22/2023 10:00,64,17.77777778
10/22/2023 11:00,67,19.44444444
10/22/2023 12:00,70,21.11111111
10/22/2023 13:00,70,21.11111111
10/22/2023 14:00,71,21.66666667
10/22/2023 15:00,74,23.33333333
10/22/2023 16:00,78,25.55555556
10/22/2023 17:00,76,24.44444444
10/22/2023 18:00,68,20
10/22/2023 19:00,67,19.44444444
10/22/2023 20:00,67,19.44444444
10/22/2023 21:00,65,18.33333333
10/22/2023 22:00,62,16.66666667
10/22/2023 23:00,60,15.55555556
10/23/2023 0:00,59,15
10/23/2023 1:00,57,13.88888889
10/23/2023 2:00,56,13.33333333
10/23/2023 3:00,56,13.33333333
10/23/2023 4:00,56,13.33333333
10/23/2023 5:00,56,13.33333333
10/23/2023 6:00,56,13.33333333
10/23/2023 7:00,57,13.88888889
10/23/2023 8:00,56,13.33333333
10/23/2023 9:00,57,13.88888889
10/23/2023 10:00,59,15
10/23/2023 11:00,59,15
10/23/2023 12:00,60,15.55555556
10/23/2023 13:00,61,16.11111111
10/23/2023 14:00,63,17.22222222
10/23/2023 15:00,65,18.33333333
10/23/2023 16:00,64,17.77777778
10/23/2023 17:00,65,18.33333333
10/23/2023 18:00,64,17.77777778
10/23/2023 19:00,62,16.66666667
10/23/2023 20:00,62,16.66666667
10/23/2023 21:00,62,16.66666667
10/23/2023 22:00,62,16.66666667
10/23/2023 23:00,62,16.66666667
10/24/2023 0:00,58,14.44444444
10/24/2023 1:00,60,15.55555556
10/24/2023 2:00,60,15.55555556
10/24/2023 3:00,59,15
10/24/2023 4:00,60,15.55555556
10/24/2023 5:00,59,15
10/24/2023 6:00,58,14.44444444
10/24/2023 7:00,58,14.44444444
10/24/2023 8:00,58,14.44444444
10/24/2023 9:00,62,16.66666667
10/24/2023 10:00,64,17.77777778
10/24/2023 11:00,69,20.55555556
10/24/2023 12:00,71,21.66666667
10/24/2023 13:00,72,22.22222222
10/24/2023 14:00,75,23.88888889
10/24/2023 15:00,79,26.11111111
10/24/2023 16:00,79,26.11111111
10/24/2023 17:00,77,25
10/24/2023 18:00,73,22.77777778
10/24/2023 19:00,70,21.11111111
10/24/2023 20:00,69,20.55555556
10/24/2023 21:00,68,20
10/24/2023 22:00,66,18.88888889
10/24/2023 23:00,64,17.77777778
10/25/2023 0:00,63,17.22222222
10/25/2023 1:00,63,17.22222222
10/25/2023 2:00,62,16.66666667
10/25/2023 3:00,61,16.11111111
10/25/2023 4:00,60,15.55555556
10/25/2023 5:00,60,15.55555556
10/25/2023 6:00,59,15
10/25/2023 7:00,59,15
10/25/2023 8:00,59,15
10/25/2023 9:00,64,17.77777778
10/25/2023 10:00,68,20
10/25/2023 11:00,71,21.66666667
10/25/2023 12:00,75,23.88888889
10/25/2023 13:00,75,23.88888889
10/25/2023 14:00,77,25
10/25/2023 15:00,76,24.44444444
10/25/2023 16:00,76,24.44444444
10/25/2023 17:00,74,23.33333333
10/25/2023 18:00,71,21.66666667
10/25/2023 19:00,67,19.44444444
10/25/2023 20:00,66,18.88888889
10/25/2023 21:00,62,16.66666667
10/25/2023 22:00,60,15.55555556
10/25/2023 23:00,58,14.44444444
10/26/2023 0:00,57,13.88888889
10/26/2023 1:00,56,13.33333333
10/26/2023 2:00,56,13.33333333
10/26/2023 3:00,54,12.22222222
10/26/2023 4:00,54,12.22222222
10/26/2023 5:00,55,12.77777778
10/26/2023 6:00,52,11.11111111
10/26/2023 7:00,52,11.11111111
10/26/2023 8:00,54,12.22222222
10/26/2023 9:00,59,15
10/26/2023 10:00,59,15
10/26/2023 11:00,61,16.11111111
10/26/2023 12:00,61,16.11111111
10/26/2023 13:00,63,17.22222222
10/26/2023 14:00,68,20
10/26/2023 15:00,68,20
10/26/2023 16:00,69,20.55555556
10/26/2023 17:00,68,20
10/26/2023 18:00,63,17.22222222
10/26/2023 19:00,61,16.11111111
10/26/2023 20:00,60,15.55555556
10/26/2023 21:00,59,15
10/26/2023 22:00,58,14.44444444
10/26/2023 23:00,55,12.77777778
10/27/2023 0:00,55,12.77777778
10/27/2023 1:00,53,11.66666667
10/27/2023 2:00,53,11.66666667
10/27/2023 3:00,51,10.55555556
10/27/2023 4:00,51,10.55555556
10/27/2023 5:00,51,10.55555556
10/27/2023 6:00,50,10
10/27/2023 7:00,49,9.444444444
10/27/2023 8:00,50,10
10/27/2023 9:00,53,11.66666667
10/27/2023 10:00,58,14.44444444
10/27/2023 11:00,65,18.33333333
10/27/2023 12:00,66,18.88888889
10/27/2023 13:00,66,18.88888889
10/27/2023 14:00,68,20
10/27/2023 15:00,70,21.11111111
10/27/2023 16:00,69,20.55555556
10/27/2023 17:00,65,18.33333333
10/27/2023 18:00,65,18.33333333
10/27/2023 19:00,62,16.66666667
10/27/2023 20:00,61,16.11111111
10/27/2023 21:00,58,14.44444444
10/27/2023 22:00,56,13.33333333
10/27/2023 23:00,55,12.77777778
10/28/2023 0:00,54,12.22222222
10/28/2023 1:00,52,11.11111111
10/28/2023 2:00,52,11.11111111
10/28/2023 3:00,50,10
10/28/2023 4:00,50,10
10/28/2023 5:00,49,9.444444444
10/28/2023 6:00,49,9.444444444
10/28/2023 7:00,48,8.888888889
10/28/2023 8:00,47,8.333333333
10/28/2023 9:00,52,11.11111111
10/28/2023 10:00,57,13.88888889
10/28/2023 11:00,61,16.11111111
10/28/2023 12:00,63,17.22222222
10/28/2023 13:00,64,17.77777778
10/28/2023 14:00,66,18.88888889
10/28/2023 15:00,67,19.44444444
10/28/2023 16:00,68,20
10/28/2023 17:00,67,19.44444444
10/28/2023 18:00,62,16.66666667
10/28/2023 19:00,59,15
10/28/2023 20:00,57,13.88888889
10/28/2023 21:00,57,13.88888889
10/28/2023 22:00,55,12.77777778
10/28/2023 23:00,54,12.22222222
10/29/2023 0:00,53,11.66666667
10/29/2023 1:00,50,10
10/29/2023 2:00,51,10.55555556
10/29/2023 3:00,50,10
10/29/2023 4:00,50,10
10/29/2023 5:00,49,9.444444444
10/29/2023 6:00,48,8.888888889
10/29/2023 7:00,48,8.888888889
10/29/2023 8:00,50,10
10/29/2023 9:00,51,10.55555556
10/29/2023 10:00,59,15
10/29/2023 11:00,66,18.88888889
10/29/2023 12:00,65,18.33333333
10/29/2023 13:00,66,18.88888889
10/29/2023 14:00,69,20.55555556
10/29/2023 15:00,71,21.66666667
10/29/2023 16:00,70,21.11111111
10/29/2023 17:00,69,20.55555556
10/29/2023 18:00,66,18.88888889
10/29/2023 19:00,64,17.77777778
10/29/2023 20:00,61,16.11111111
10/29/2023 21:00,59,15
10/29/2023 22:00,57,13.88888889
10/29/2023 23:00,55,12.77777778
10/30/2023 0:00,54,12.22222222
10/30/2023 1:00,53,11.66666667
10/30/2023 2:00,53,11.66666667
10/30/2023 3:00,53,11.66666667
10/30/2023 4:00,52,11.11111111
10/30/2023 5:00,52,11.11111111
10/30/2023 6:00,51,10.55555556
10/30/2023 7:00,50,10
10/30/2023 8:00,51,10.55555556
10/30/2023 9:00,54,12.22222222
10/30/2023 10:00,61,16.11111111
10/30/2023 11:00,65,18.33333333
10/30/2023 12:00,67,19.44444444
10/30/2023 13:00,70,21.11111111
10/30/2023 14:00,74,23.33333333
10/30/2023 15:00,74,23.33333333
10/30/2023 16:00,75,23.88888889
10/30/2023 17:00,73,22.77777778
10/30/2023 18:00,69,20.55555556
10/30/2023 19:00,67,19.44444444
10/30/2023 20:00,64,17.77777778
10/30/2023 21:00,61,16.11111111
10/30/2023 22:00,58,14.44444444
10/30/2023 23:00,57,13.88888889
10/31/2023 0:00,55,12.77777778
10/31/2023 1:00,55,12.77777778
10/31/2023 2:00,54,12.22222222
10/31/2023 3:00,53,11.66666667
10/31/2023 4:00,53,11.66666667
10/31/2023 5:00,54,12.22222222
10/31/2023 6:00,52,11.11111111
10/31/2023 7:00,52,11.11111111
10/31/2023 8:00,54,12.22222222
10/31/2023 9:00,55,12.77777778
10/31/2023 10:00,60,15.55555556
10/31/2023 11:00,68,20
10/31/2023 12:00,71,21.66666667
10/31/2023 13:00,73,22.77777778
10/31/2023 14:00,76,24.44444444
10/31/2023 15:00,78,25.55555556
10/31/2023 16:00,75,23.88888889
10/31/2023 17:00,76,24.44444444
10/31/2023 18:00,71,21.66666667
10/31/2023 19:00,69,20.55555556
10/31/2023 20:00,65,18.33333333
10/31/2023 21:00,63,17.22222222
10/31/2023 22:00,61,16.11111111
10/31/2023 23:00,58,14.44444444
11/1/2023 0:00,58,14.44444444
11/1/2023 1:00,57,13.88888889
11/1/2023 2:00,56,13.33333333
11/1/2023 3:00,56,13.33333333
11/1/2023 4:00,55,12.77777778
11/1/2023 5:00,53,11.66666667
11/1/2023 6:00,52,11.11111111
11/1/2023 7:00,53,11.66666667
11/1/2023 8:00,52,11.11111111
11/1/2023 9:00,58,14.44444444
11/1/2023 10:00,61,16.11111111
11/1/2023 11:00,69,20.55555556
11/1/2023 12:00,71,21.66666667
11/1/2023 13:00,71,21.66666667
11/1/2023 14:00,75,23.88888889
11/1/2023 15:00,77,25
11/1/2023 16:00,77,25
11/1/2023 17:00,74,23.33333333
11/1/2023 18:00,71,21.66666667
11/1/2023 19:00,69,20.55555556
11/1/2023 20:00,68,20
11/1/2023 21:00,64,17.77777778
11/1/2023 22:00,60,15.55555556
11/1/2023 23:00,59,15
11/2/2023 0:00,58,14.44444444
11/2/2023 1:00,57,13.88888889
11/2/2023 2:00,57,13.88888889
11/2/2023 3:00,56,13.33333333
11/2/2023 4:00,56,13.33333333
11/2/2023 5:00,56,13.33333333
11/2/2023 6:00,56,13.33333333
11/2/2023 7:00,54,12.22222222
11/2/2023 8:00,55,12.77777778
11/2/2023 9:00,58,14.44444444
11/2/2023 10:00,64,17.77777778
11/2/2023 11:00,67,19.44444444
11/2/2023 12:00,73,22.77777778
11/2/2023 13:00,75,23.88888889
11/2/2023 14:00,79,26.11111111
11/2/2023 15:00,78,25.55555556
11/2/2023 16:00,79,26.11111111
11/2/2023 17:00,78,25.55555556
11/2/2023 18:00,73,22.77777778
11/2/2023 19:00,70,21.11111111
11/2/2023 20:00,70,21.11111111
11/2/2023 21:00,66,18.88888889
11/2/2023 22:00,63,17.22222222
11/2/2023 23:00,61,16.11111111
11/3/2023 0:00,60,15.55555556
11/3/2023 1:00,61,16.11111111
11/3/2023 2:00,59,15
11/3/2023 3:00,57,13.88888889
11/3/2023 4:00,57,13.88888889
11/3/2023 5:00,58,14.44444444
11/3/2023 6:00,56,13.33333333
11/3/2023 7:00,55,12.77777778
11/3/2023 8:00,55,12.77777778
11/3/2023 9:00,58,14.44444444
11/3/2023 10:00,71,21.66666667
11/3/2023 11:00,70,21.11111111
11/3/2023 12:00,72,22.22222222
11/3/2023 13:00,74,23.33333333
11/3/2023 14:00,77,25
11/3/2023 15:00,79,26.11111111
11/3/2023 16:00,79,26.11111111
11/3/2023 17:00,77,25
11/3/2023 18:00,73,22.77777778
11/3/2023 19:00,71,21.66666667
11/3/2023 20:00,68,20
11/3/2023 21:00,65,18.33333333
11/3/2023 22:00,63,17.22222222
11/3/2023 23:00,62,16.66666667
11/4/2023 0:00,61,16.11111111
11/4/2023 1:00,60,15.55555556
11/4/2023 2:00,61,16.11111111
11/4/2023 3:00,60,15.55555556
11/4/2023 4:00,59,15
11/4/2023 5:00,55,12.77777778
11/4/2023 6:00,57,13.88888889
11/4/2023 7:00,56,13.33333333
11/4/2023 8:00,56,13.33333333
11/4/2023 9:00,59,15
11/4/2023 10:00,63,17.22222222
11/4/2023 11:00,71,21.66666667
11/4/2023 12:00,75,23.88888889
11/4/2023 13:00,76,24.44444444
11/4/2023 14:00,79,26.11111111
11/4/2023 15:00,81,27.22222222
11/4/2023 16:00,81,27.22222222
11/4/2023 17:00,79,26.11111111
11/4/2023 18:00,75,23.88888889
11/4/2023 19:00,72,22.22222222
11/4/2023 20:00,69,20.55555556
11/4/2023 21:00,67,19.44444444
11/4/2023 22:00,65,18.33333333
11/4/2023 23:00,64,17.77777778
11/5/2023 0:00,64,17.77777778
11/5/2023 1:00,61,16.11111111
11/5/2023 2:00,60,15.55555556
11/5/2023 3:00,60,15.55555556
11/5/2023 4:00,59,15
11/5/2023 5:00,58,14.44444444
11/5/2023 6:00,59,15
11/5/2023 7:00,58,14.44444444
11/5/2023 8:00,61,16.11111111
11/5/2023 9:00,63,17.22222222
11/5/2023 10:00,68,20
11/5/2023 11:00,73,22.77777778
11/5/2023 12:00,77,25
11/5/2023 13:00,77,25
11/5/2023 14:00,80,26.66666667
11/5/2023 15:00,80,26.66666667
11/5/2023 16:00,79,26.11111111
11/5/2023 17:00,73,22.77777778
11/5/2023 18:00,72,22.22222222
11/5/2023 19:00,70,21.11111111
11/5/2023 20:00,66,18.88888889
11/5/2023 21:00,64,17.77777778
11/5/2023 22:00,64,17.77777778
11/5/2023 23:00,64,17.77777778
11/6/2023 0:00,63,17.22222222
11/6/2023 1:00,62,16.66666667
11/6/2023 2:00,63,17.22222222
11/6/2023 3:00,62,16.66666667
11/6/2023 4:00,61,16.11111111
11/6/2023 5:00,62,16.66666667
11/6/2023 6:00,61,16.11111111
11/6/2023 7:00,60,15.55555556
11/6/2023 8:00,59,15
11/6/2023 9:00,61,16.11111111
11/6/2023 10:00,63,17.22222222
11/6/2023 11:00,67,19.44444444
11/6/2023 12:00,71,21.66666667
11/6/2023 13:00,74,23.33333333
11/6/2023 14:00,75,23.88888889
11/6/2023 15:00,75,23.88888889
11/6/2023 16:00,71,21.66666667
11/6/2023 17:00,68,20
11/6/2023 18:00,67,19.44444444
11/6/2023 19:00,66,18.88888889
11/6/2023 20:00,63,17.22222222
11/6/2023 21:00,59,15
11/6/2023 22:00,59,15
11/6/2023 23:00,58,14.44444444
11/7/2023 0:00,57,13.88888889
11/7/2023 1:00,57,13.88888889
11/7/2023 2:00,57,13.88888889
11/7/2023 3:00,55,12.77777778
11/7/2023 4:00,54,12.22222222
11/7/2023 5:00,55,12.77777778
11/7/2023 6:00,55,12.77777778
11/7/2023 7:00,54,12.22222222
11/7/2023 8:00,53,11.66666667
11/7/2023 9:00,57,13.88888889
11/7/2023 10:00,60,15.55555556
11/7/2023 11:00,62,16.66666667
11/7/2023 12:00,62,16.66666667
11/7/2023 13:00,64,17.77777778
11/7/2023 14:00,65,18.33333333
11/7/2023 15:00,65,18.33333333
11/7/2023 16:00,63,17.22222222
11/7/2023 17:00,61,16.11111111
11/7/2023 18:00,59,15
11/7/2023 19:00,57,13.88888889
11/7/2023 20:00,57,13.88888889
11/7/2023 21:00,53,11.66666667
11/7/2023 22:00,53,11.66666667
11/7/2023 23:00,53,11.66666667
11/8/2023 0:00,49,9.444444444
11/8/2023 1:00,49,9.444444444
11/8/2023 2:00,47,8.333333333
11/8/2023 3:00,47,8.333333333
11/8/2023 4:00,48,8.888888889
11/8/2023 5:00,48,8.888888889
11/8/2023 6:00,47,8.333333333
11/8/2023 7:00,47,8.333333333
11/8/2023 8:00,49,9.444444444
11/8/2023 9:00,55,12.77777778
11/8/2023 10:00,57,13.88888889
11/8/2023 11:00,63,17.22222222
11/8/2023 12:00,63,17.22222222
11/8/2023 13:00,67,19.44444444
11/8/2023 14:00,68,20
11/8/2023 15:00,69,20.55555556
11/8/2023 16:00,66,18.88888889
11/8/2023 17:00,62,16.66666667
11/8/2023 18:00,60,15.55555556
11/8/2023 19:00,60,15.55555556
11/8/2023 20:00,58,14.44444444
11/8/2023 21:00,56,13.33333333
11/8/2023 22:00,54,12.22222222
11/8/2023 23:00,52,11.11111111
11/9/2023 0:00,51,10.55555556
11/9/2023 1:00,50,10
11/9/2023 2:00,50,10
11/9/2023 3:00,50,10
11/9/2023 4:00,49,9.444444444
11/9/2023 5:00,48,8.888888889
11/9/2023 6:00,48,8.888888889
11/9/2023 7:00,48,8.888888889
11/9/2023 8:00,50,10
11/9/2023 9:00,57,13.88888889
11/9/2023 10:00,62,16.66666667
11/9/2023 11:00,63,17.22222222
11/9/2023 12:00,64,17.77777778
11/9/2023 13:00,68,20
11/9/2023 14:00,69,20.55555556
11/9/2023 15:00,66,18.88888889
11/9/2023 16:00,65,18.33333333
11/9/2023 17:00,62,16.66666667
11/9/2023 18:00,61,16.11111111
11/9/2023 19:00,59,15
11/9/2023 20:00,57,13.88888889
11/9/2023 21:00,55,12.77777778
11/9/2023 22:00,55,12.77777778
11/9/2023 23:00,53,11.66666667
11/10/2023 0:00,52,11.11111111
11/10/2023 1:00,52,11.11111111
11/10/2023 2:00,50,10
11/10/2023 3:00,50,10
11/10/2023 4:00,49,9.444444444
11/10/2023 5:00,49,9.444444444
11/10/2023 6:00,48,8.888888889
11/10/2023 7:00,48,8.888888889
11/10/2023 8:00,51,10.55555556
11/10/2023 9:00,53,11.66666667
11/10/2023 10:00,60,15.55555556
11/10/2023 11:00,63,17.22222222
11/10/2023 12:00,65,18.33333333
11/10/2023 13:00,66,18.88888889
11/10/2023 14:00,69,20.55555556
11/10/2023 15:00,69,20.55555556
11/10/2023 16:00,67,19.44444444
11/10/2023 17:00,63,17.22222222
11/10/2023 18:00,61,16.11111111
11/10/2023 19:00,59,15
11/10/2023 20:00,58,14.44444444
11/10/2023 21:00,55,12.77777778
11/10/2023 22:00,54,12.22222222
11/10/2023 23:00,52,11.11111111
11/11/2023 0:00,52,11.11111111
11/11/2023 1:00,50,10
11/11/2023 2:00,51,10.55555556
11/11/2023 3:00,50,10
11/11/2023 4:00,50,10
11/11/2023 5:00,49,9.444444444
11/11/2023 6:00,48,8.888888889
11/11/2023 7:00,48,8.888888889
11/11/2023 8:00,50,10
11/11/2023 9:00,56,13.33333333
11/11/2023 10:00,62,16.66666667
11/11/2023 11:00,65,18.33333333
11/11/2023 12:00,65,18.33333333
11/11/2023 13:00,67,19.44444444
11/11/2023 14:00,69,20.55555556
11/11/2023 15:00,72,22.22222222
11/11/2023 16:00,70,21.11111111
11/11/2023 17:00,65,18.33333333
11/11/2023 18:00,63,17.22222222
11/11/2023 19:00,60,15.55555556
11/11/2023 20:00,59,15
11/11/2023 21:00,56,13.33333333
11/11/2023 22:00,54,12.22222222
11/11/2023 23:00,54,12.22222222
11/12/2023 0:00,53,11.66666667
11/12/2023 1:00,53,11.66666667
11/12/2023 2:00,51,10.55555556
11/12/2023 3:00,51,10.55555556
11/12/2023 4:00,49,9.444444444
11/12/2023 5:00,50,10
11/12/2023 6:00,49,9.444444444
11/12/2023 7:00,49,9.444444444
11/12/2023 8:00,51,10.55555556
11/12/2023 9:00,61,16.11111111
11/12/2023 10:00,65,18.33333333
11/12/2023 11:00,67,19.44444444
11/12/2023 12:00,67,19.44444444
11/12/2023 13:00,77,25
11/12/2023 14:00,78,25.55555556
11/12/2023 15:00,79,26.11111111
11/12/2023 16:00,77,25
11/12/2023 17:00,72,22.22222222
11/12/2023 18:00,70,21.11111111
11/12/2023 19:00,66,18.88888889
11/12/2023 20:00,65,18.33333333
11/12/2023 21:00,61,16.11111111
11/12/2023 22:00,62,16.66666667
11/12/2023 23:00,62,16.66666667
11/13/2023 0:00,62,16.66666667
11/13/2023 1:00,62,16.66666667
11/13/2023 2:00,61,16.11111111
11/13/2023 3:00,60,15.55555556
11/13/2023 4:00,61,16.11111111
11/13/2023 5:00,60,15.55555556
11/13/2023 6:00,57,13.88888889
11/13/2023 7:00,56,13.33333333
11/13/2023 8:00,60,15.55555556
11/13/2023 9:00,61,16.11111111
11/13/2023 10:00,69,20.55555556
11/13/2023 11:00,77,25
11/13/2023 12:00,75,23.88888889
11/13/2023 13:00,77,25
11/13/2023 14:00,76,24.44444444
11/13/2023 15:00,76,24.44444444
11/13/2023 16:00,76,24.44444444
11/13/2023 17:00,72,22.22222222
11/13/2023 18:00,66,18.88888889
11/13/2023 19:00,64,17.77777778
11/13/2023 20:00,63,17.22222222
11/13/2023 21:00,60,15.55555556
11/13/2023 22:00,56,13.33333333
11/13/2023 23:00,59,15
11/14/2023 0:00,57,13.88888889
11/14/2023 1:00,56,13.33333333
11/14/2023 2:00,58,14.44444444
11/14/2023 3:00,56,13.33333333
11/14/2023 4:00,54,12.22222222
11/14/2023 5:00,54,12.22222222
11/14/2023 6:00,55,12.77777778
11/14/2023 7:00,53,11.66666667
11/14/2023 8:00,56,13.33333333
11/14/2023 9:00,64,17.77777778
11/14/2023 10:00,69,20.55555556
11/14/2023 11:00,73,22.77777778
11/14/2023 12:00,74,23.33333333
11/14/2023 13:00,74,23.33333333
11/14/2023 14:00,76,24.44444444
11/14/2023 15:00,75,23.88888889
11/14/2023 16:00,74,23.33333333
11/14/2023 17:00,71,21.66666667
11/14/2023 18:00,68,20
11/14/2023 19:00,67,19.44444444
11/14/2023 20:00,63,17.22222222
11/14/2023 21:00,62,16.66666667
11/14/2023 22:00,60,15.55555556
11/14/2023 23:00,60,15.55555556
11/15/2023 0:00,58,14.44444444
11/15/2023 1:00,60,15.55555556
11/15/2023 2:00,62,16.66666667
11/15/2023 3:00,61,16.11111111
11/15/2023 4:00,57,13.88888889
11/15/2023 5:00,58,14.44444444
11/15/2023 6:00,61,16.11111111
11/15/2023 7:00,52,11.11111111
11/15/2023 8:00,54,12.22222222
11/15/2023 9:00,63,17.22222222
11/15/2023 10:00,64,17.77777778
11/15/2023 11:00,68,20
11/15/2023 12:00,73,22.77777778
11/15/2023 13:00,70,21.11111111
11/15/2023 14:00,67,19.44444444
11/15/2023 15:00,67,19.44444444
11/15/2023 16:00,66,18.88888889
11/15/2023 17:00,63,17.22222222
11/15/2023 18:00,64,17.77777778
11/15/2023 19:00,59,15
11/15/2023 20:00,59,15
11/15/2023 21:00,59,15
11/15/2023 22:00,61,16.11111111
11/15/2023 23:00,59,15
11/16/2023 0:00,63,17.22222222
11/16/2023 1:00,59,15
11/16/2023 2:00,60,15.55555556
11/16/2023 3:00,59,15
11/16/2023 4:00,59,15
11/16/2023 5:00,57,13.88888889
11/16/2023 6:00,58,14.44444444
11/16/2023 7:00,58,14.44444444
11/16/2023 8:00,61,16.11111111
11/16/2023 9:00,66,18.88888889
11/16/2023 10:00,66,18.88888889
11/16/2023 11:00,71,21.66666667
11/16/2023 12:00,71,21.66666667
11/16/2023 13:00,74,23.33333333
11/16/2023 14:00,75,23.88888889
11/16/2023 15:00,75,23.88888889
11/16/2023 16:00,73,22.77777778
11/16/2023 17:00,68,20
11/16/2023 18:00,68,20
11/16/2023 19:00,65,18.33333333
11/16/2023 20:00,62,16.66666667
11/16/2023 21:00,60,15.55555556
11/16/2023 22:00,59,15
11/16/2023 23:00,58,14.44444444
11/17/2023 0:00,57,13.88888889
11/17/2023 1:00,58,14.44444444
11/17/2023 2:00,57,13.88888889
11/17/2023 3:00,58,14.44444444
11/17/2023 4:00,57,13.88888889
11/17/2023 5:00,56,13.33333333
11/17/2023 6:00,55,12.77777778
11/17/2023 7:00,55,12.77777778
11/17/2023 8:00,59,15
11/17/2023 9:00,64,17.77777778
11/17/2023 10:00,69,20.55555556
11/17/2023 11:00,73,22.77777778
11/17/2023 12:00,73,22.77777778
11/17/2023 13:00,74,23.33333333
11/17/2023 14:00,72,22.22222222
11/17/2023 15:00,71,21.66666667
11/17/2023 16:00,70,21.11111111
11/17/2023 17:00,69,20.55555556
11/17/2023 18:00,69,20.55555556
11/17/2023 19:00,69,20.55555556
11/17/2023 20:00,66,18.88888889
11/17/2023 21:00,63,17.22222222
11/17/2023 22:00,62,16.66666667
11/17/2023 23:00,64,17.77777778
11/18/2023 0:00,64,17.77777778
11/18/2023 1:00,60,15.55555556
11/18/2023 2:00,64,17.77777778
11/18/2023 3:00,61,16.11111111
11/18/2023 4:00,62,16.66666667
11/18/2023 5:00,61,16.11111111
11/18/2023 6:00,62,16.66666667
11/18/2023 7:00,62,16.66666667
11/18/2023 8:00,64,17.77777778
11/18/2023 9:00,65,18.33333333
11/18/2023 10:00,65,18.33333333
11/18/2023 11:00,61,16.11111111
11/18/2023 12:00,62,16.66666667
11/18/2023 13:00,62,16.66666667
11/18/2023 14:00,63,17.22222222
11/18/2023 15:00,63,17.22222222
11/18/2023 16:00,63,17.22222222
11/18/2023 17:00,61,16.11111111
11/18/2023 18:00,61,16.11111111
11/18/2023 19:00,59,15
11/18/2023 20:00,59,15
11/18/2023 21:00,58,14.44444444
11/18/2023 22:00,58,14.44444444
11/18/2023 23:00,58,14.44444444
11/19/2023 0:00,57,13.88888889
11/19/2023 1:00,56,13.33333333
11/19/2023 2:00,56,13.33333333
11/19/2023 3:00,51,10.55555556
11/19/2023 4:00,49,9.444444444
11/19/2023 5:00,47,8.333333333
11/19/2023 6:00,48,8.888888889
11/19/2023 7:00,48,8.888888889
11/19/2023 8:00,52,11.11111111
11/19/2023 9:00,52,11.11111111
11/19/2023 10:00,54,12.22222222
11/19/2023 11:00,57,13.88888889
11/19/2023 12:00,58,14.44444444
11/19/2023 13:00,59,15
11/19/2023 14:00,60,15.55555556
11/19/2023 15:00,60,15.55555556
11/19/2023 16:00,60,15.55555556
11/19/2023 17:00,56,13.33333333
11/19/2023 18:00,55,12.77777778
11/19/2023 19:00,53,11.66666667
11/19/2023 20:00,50,10
11/19/2023 21:00,49,9.444444444
11/19/2023 22:00,49,9.444444444
11/19/2023 23:00,47,8.333333333
11/20/2023 0:00,46,7.777777778
11/20/2023 1:00,46,7.777777778
11/20/2023 2:00,48,8.888888889
11/20/2023 3:00,46,7.777777778
11/20/2023 4:00,46,7.777777778
11/20/2023 5:00,45,7.222222222
11/20/2023 6:00,45,7.222222222
11/20/2023 7:00,45,7.222222222
11/20/2023 8:00,47,8.333333333
11/20/2023 9:00,51,10.55555556
11/20/2023 10:00,58,14.44444444
11/20/2023 11:00,59,15
11/20/2023 12:00,60,15.55555556
11/20/2023 13:00,64,17.77777778
11/20/2023 14:00,65,18.33333333
11/20/2023 15:00,65,18.33333333
11/20/2023 16:00,65,18.33333333
11/20/2023 17:00,59,15
11/20/2023 18:00,57,13.88888889
11/20/2023 19:00,55,12.77777778
11/20/2023 20:00,53,11.66666667
11/20/2023 21:00,51,10.55555556
11/20/2023 22:00,52,11.11111111
11/20/2023 23:00,50,10
11/21/2023 0:00,49,9.444444444
11/21/2023 1:00,49,9.444444444
11/21/2023 2:00,50,10
11/21/2023 3:00,50,10
11/21/2023 4:00,50,10
11/21/2023 5:00,50,10
11/21/2023 6:00,50,10
11/21/2023 7:00,51,10.55555556
11/21/2023 8:00,51,10.55555556
11/21/2023 9:00,59,15
11/21/2023 10:00,62,16.66666667
11/21/2023 11:00,69,20.55555556
11/21/2023 12:00,71,21.66666667
11/21/2023 13:00,71,21.66666667
11/21/2023 14:00,72,22.22222222
11/21/2023 15:00,72,22.22222222
11/21/2023 16:00,68,20
11/21/2023 17:00,65,18.33333333
11/21/2023 18:00,64,17.77777778
11/21/2023 19:00,59,15
11/21/2023 20:00,57,13.88888889
11/21/2023 21:00,56,13.33333333
11/21/2023 22:00,54,12.22222222
11/21/2023 23:00,53,11.66666667
11/22/2023 0:00,53,11.66666667
11/22/2023 1:00,52,11.11111111
11/22/2023 2:00,51,10.55555556
11/22/2023 3:00,51,10.55555556
11/22/2023 4:00,52.375,11.31944444
11/22/2023 5:00,53.75,12.08333333
11/22/2023 6:00,55.125,12.84722222
11/22/2023 7:00,56.5,13.61111111
11/22/2023 8:00,57.875,14.375
11/22/2023 9:00,59.25,15.13888889
11/22/2023 10:00,60.625,15.90277778
11/22/2023 11:00,62,16.66666667
11/22/2023 12:00,65,18.33333333
11/22/2023 13:00,67,19.44444444
11/22/2023 14:00,70,21.11111111
11/22/2023 15:00,70,21.11111111
11/22/2023 16:00,66,18.88888889
11/22/2023 17:00,64,17.77777778
11/22/2023 18:00,61,16.11111111
11/22/2023 19:00,59,15
11/22/2023 20:00,57,13.88888889
11/22/2023 21:00,57,13.88888889
11/22/2023 22:00,55,12.77777778
11/22/2023 23:00,55,12.77777778
11/23/2023 0:00,55,12.77777778
11/23/2023 1:00,55,12.77777778
11/23/2023 2:00,54,12.22222222
11/23/2023 3:00,53,11.66666667
11/23/2023 4:00,54,12.22222222
11/23/2023 5:00,54,12.22222222
11/23/2023 6:00,52,11.11111111
11/23/2023 7:00,49,9.444444444
11/23/2023 8:00,51,10.55555556
11/23/2023 9:00,59,15
11/23/2023 10:00,62,16.66666667
11/23/2023 11:00,64,17.77777778
11/23/2023 12:00,64,17.77777778
11/23/2023 13:00,66,18.88888889
11/23/2023 14:00,68,20
11/23/2023 15:00,67,19.44444444
11/23/2023 16:00,65,18.33333333
11/23/2023 17:00,61,16.11111111
11/23/2023 18:00,59,15
11/23/2023 19:00,58,14.44444444
11/23/2023 20:00,56,13.33333333
11/23/2023 21:00,53,11.66666667
11/23/2023 22:00,52,11.11111111
11/23/2023 23:00,50,10
11/24/2023 0:00,49,9.444444444
11/24/2023 1:00,49,9.444444444
11/24/2023 2:00,48,8.888888889
11/24/2023 3:00,45,7.222222222
11/24/2023 4:00,46,7.777777778
11/24/2023 5:00,45,7.222222222
11/24/2023 6:00,45,7.222222222
11/24/2023 7:00,44,6.666666667
11/24/2023 8:00,44,6.666666667
11/24/2023 9:00,47,8.333333333
11/24/2023 10:00,50,10
11/24/2023 11:00,55,12.77777778
11/24/2023 12:00,58,14.44444444
11/24/2023 13:00,60,15.55555556
11/24/2023 14:00,60,15.55555556
11/24/2023 15:00,60,15.55555556
11/24/2023 16:00,58,14.44444444
11/24/2023 17:00,55,12.77777778
11/24/2023 18:00,54,12.22222222
11/24/2023 19:00,52,11.11111111
11/24/2023 20:00,50,10
11/24/2023 21:00,49,9.444444444
11/24/2023 22:00,47,8.333333333
11/24/2023 23:00,46,7.777777778
11/25/2023 0:00,45,7.222222222
11/25/2023 1:00,45,7.222222222
11/25/2023 2:00,44,6.666666667
11/25/2023 3:00,44,6.666666667
11/25/2023 4:00,43,6.111111111
11/25/2023 5:00,44,6.666666667
11/25/2023 6:00,43,6.111111111
11/25/2023 7:00,42,5.555555556
11/25/2023 8:00,45,7.222222222
11/25/2023 9:00,52,11.11111111
11/25/2023 10:00,52,11.11111111
11/25/2023 11:00,56,13.33333333
11/25/2023 12:00,58,14.44444444
11/25/2023 13:00,60,15.55555556
11/25/2023 14:00,62,16.66666667
11/25/2023 15:00,62,16.66666667
11/25/2023 16:00,61,16.11111111
11/25/2023 17:00,57,13.88888889
11/25/2023 18:00,56,13.33333333
11/25/2023 19:00,53,11.66666667
11/25/2023 20:00,50,10
11/25/2023 21:00,48,8.888888889
11/25/2023 22:00,48,8.888888889
11/25/2023 23:00,49,9.444444444
11/26/2023 0:00,48,8.888888889
11/26/2023 1:00,45,7.222222222
11/26/2023 2:00,45,7.222222222
11/26/2023 3:00,44,6.666666667
11/26/2023 4:00,44,6.666666667
11/26/2023 5:00,43,6.111111111
11/26/2023 6:00,43,6.111111111
11/26/2023 7:00,42,5.555555556
11/26/2023 8:00,45,7.222222222
11/26/2023 9:00,52,11.11111111
11/26/2023 10:00,55,12.77777778
11/26/2023 11:00,59,15
11/26/2023 12:00,59,15
11/26/2023 13:00,62,16.66666667
11/26/2023 14:00,63,17.22222222
11/26/2023 15:00,59,15
11/26/2023 16:00,57,13.88888889
11/26/2023 17:00,55,12.77777778
11/26/2023 18:00,54,12.22222222
11/26/2023 19:00,51,10.55555556
11/26/2023 20:00,49,9.444444444
11/26/2023 21:00,48,8.888888889
11/26/2023 22:00,48,8.888888889
11/26/2023 23:00,47,8.333333333
11/27/2023 0:00,47,8.333333333
11/27/2023 1:00,46,7.777777778
11/27/2023 2:00,46,7.777777778
11/27/2023 3:00,46,7.777777778
11/27/2023 4:00,45,7.222222222
11/27/2023 5:00,44,6.666666667
11/27/2023 6:00,44,6.666666667
11/27/2023 7:00,44,6.666666667
11/27/2023 8:00,46,7.777777778
11/27/2023 9:00,51,10.55555556
11/27/2023 10:00,56,13.33333333
11/27/2023 11:00,59,15
11/27/2023 12:00,60,15.55555556
11/27/2023 13:00,64,17.77777778
11/27/2023 14:00,66,18.88888889
11/27/2023 15:00,65,18.33333333
11/27/2023 16:00,63,17.22222222
11/27/2023 17:00,60,15.55555556
11/27/2023 18:00,56,13.33333333
11/27/2023 19:00,55,12.77777778
11/27/2023 20:00,51,10.55555556
11/27/2023 21:00,50,10
11/27/2023 22:00,49,9.444444444
11/27/2023 23:00,48,8.888888889
11/28/2023 0:00,47,8.333333333
11/28/2023 1:00,47,8.333333333
11/28/2023 2:00,47,8.333333333
11/28/2023 3:00,47,8.333333333
11/28/2023 4:00,47,8.333333333
11/28/2023 5:00,47,8.333333333
11/28/2023 6:00,48,8.888888889
11/28/2023 7:00,48,8.888888889
11/28/2023 8:00,49,9.444444444
11/28/2023 9:00,52,11.11111111
11/28/2023 10:00,56,13.33333333
11/28/2023 11:00,62,16.66666667
11/28/2023 12:00,63,17.22222222
11/28/2023 13:00,67,19.44444444
11/28/2023 14:00,68,20
11/28/2023 15:00,69,20.55555556
11/28/2023 16:00,66,18.88888889
11/28/2023 17:00,63,17.22222222
11/28/2023 18:00,59,15
11/28/2023 19:00,57,13.88888889
11/28/2023 20:00,55,12.77777778
11/28/2023 21:00,51,10.55555556
11/28/2023 22:00,51,10.55555556
11/28/2023 23:00,49,9.444444444
11/29/2023 0:00,49,9.444444444
11/29/2023 1:00,48,8.888888889
11/29/2023 2:00,47,8.333333333
11/29/2023 3:00,47,8.333333333
11/29/2023 4:00,47,8.333333333
11/29/2023 5:00,47,8.333333333
11/29/2023 6:00,47,8.333333333
11/29/2023 7:00,44,6.666666667
11/29/2023 8:00,50,10
11/29/2023 9:00,50,10
11/29/2023 10:00,60,15.55555556
11/29/2023 11:00,61,16.11111111
11/29/2023 12:00,62,16.66666667
11/29/2023 13:00,62,16.66666667
11/29/2023 14:00,64,17.77777778
11/29/2023 15:00,65,18.33333333
11/29/2023 16:00,63,17.22222222
11/29/2023 17:00,58,14.44444444
11/29/2023 18:00,56,13.33333333
11/29/2023 19:00,56,13.33333333
11/29/2023 20:00,52,11.11111111
11/29/2023 21:00,50,10
11/29/2023 22:00,49,9.444444444
11/29/2023 23:00,47,8.333333333
11/30/2023 0:00,46,7.777777778
11/30/2023 1:00,46,7.777777778
11/30/2023 2:00,46,7.777777778
11/30/2023 3:00,47,8.333333333
11/30/2023 4:00,46,7.777777778
11/30/2023 5:00,45,7.222222222
11/30/2023 6:00,44,6.666666667
11/30/2023 7:00,44,6.666666667
11/30/2023 8:00,46,7.777777778
11/30/2023 9:00,49,9.444444444
11/30/2023 10:00,55,12.77777778
11/30/2023 11:00,58,14.44444444
11/30/2023 12:00,58,14.44444444
11/30/2023 13:00,61,16.11111111
11/30/2023 14:00,60,15.55555556
11/30/2023 15:00,59,15
11/30/2023 16:00,61,16.11111111
11/30/2023 17:00,57,13.88888889
11/30/2023 18:00,56,13.33333333
11/30/2023 19:00,56,13.33333333
11/30/2023 20:00,56,13.33333333
11/30/2023 21:00,54,12.22222222
11/30/2023 22:00,53,11.66666667
11/30/2023 23:00,53,11.66666667
12/1/2023 0:00,51,10.55555556
12/1/2023 1:00,51,10.55555556
12/1/2023 2:00,47,8.333333333
12/1/2023 3:00,46,7.777777778
12/1/2023 4:00,45,7.222222222
12/1/2023 5:00,43,6.111111111
12/1/2023 6:00,44,6.666666667
12/1/2023 7:00,45,7.222222222
12/1/2023 8:00,43,6.111111111
12/1/2023 9:00,47,8.333333333
12/1/2023 10:00,51,10.55555556
12/1/2023 11:00,54,12.22222222
12/1/2023 12:00,57,13.88888889
12/1/2023 13:00,57,13.88888889
12/1/2023 14:00,60,15.55555556
12/1/2023 15:00,60,15.55555556
12/1/2023 16:00,59,15
12/1/2023 17:00,55,12.77777778
12/1/2023 18:00,53,11.66666667
12/1/2023 19:00,53,11.66666667
12/1/2023 20:00,52,11.11111111
12/1/2023 21:00,50,10
12/1/2023 22:00,47,8.333333333
12/1/2023 23:00,48,8.888888889
12/2/2023 0:00,46,7.777777778
12/2/2023 1:00,45,7.222222222
12/2/2023 2:00,44,6.666666667
12/2/2023 3:00,44,6.666666667
12/2/2023 4:00,44,6.666666667
12/2/2023 5:00,44,6.666666667
12/2/2023 6:00,44,6.666666667
12/2/2023 7:00,42,5.555555556
12/2/2023 8:00,44,6.666666667
12/2/2023 9:00,49,9.444444444
12/2/2023 10:00,55,12.77777778
12/2/2023 11:00,55,12.77777778
12/2/2023 12:00,59,15
12/2/2023 13:00,60,15.55555556
12/2/2023 14:00,62,16.66666667
12/2/2023 15:00,61,16.11111111
12/2/2023 16:00,58,14.44444444
12/2/2023 17:00,55,12.77777778
12/2/2023 18:00,54,12.22222222
12/2/2023 19:00,53,11.66666667
12/2/2023 20:00,51,10.55555556
12/2/2023 21:00,50,10
12/2/2023 22:00,50,10
12/2/2023 23:00,50,10
12/3/2023 0:00,50,10
12/3/2023 1:00,49,9.444444444
12/3/2023 2:00,48,8.888888889
12/3/2023 3:00,48,8.888888889
12/3/2023 4:00,46,7.777777778
12/3/2023 5:00,46,7.777777778
12/3/2023 6:00,45,7.222222222
12/3/2023 7:00,45,7.222222222
12/3/2023 8:00,45,7.222222222
12/3/2023 9:00,51,10.55555556
12/3/2023 10:00,53,11.66666667
12/3/2023 11:00,55,12.77777778
12/3/2023 12:00,55,12.77777778
12/3/2023 13:00,56,13.33333333
12/3/2023 14:00,56,13.33333333
12/3/2023 15:00,56,13.33333333
12/3/2023 16:00,55,12.77777778
12/3/2023 17:00,54,12.22222222
12/3/2023 18:00,53,11.66666667
12/3/2023 19:00,52,11.11111111
12/3/2023 20:00,52,11.11111111
12/3/2023 21:00,51,10.55555556
12/3/2023 22:00,50,10
12/3/2023 23:00,50,10
12/4/2023 0:00,48,8.888888889
12/4/2023 1:00,48,8.888888889
12/4/2023 2:00,48,8.888888889
12/4/2023 3:00,48,8.888888889
12/4/2023 4:00,48,8.888888889
12/4/2023 5:00,49,9.444444444
12/4/2023 6:00,49,9.444444444
12/4/2023 7:00,49,9.444444444
12/4/2023 8:00,49,9.444444444
12/4/2023 9:00,53,11.66666667
12/4/2023 10:00,56,13.33333333
12/4/2023 11:00,59,15
12/4/2023 12:00,62,16.66666667
12/4/2023 13:00,63,17.22222222
12/4/2023 14:00,62,16.66666667
12/4/2023 15:00,61,16.11111111
12/4/2023 16:00,61,16.11111111
12/4/2023 17:00,59,15
12/4/2023 18:00,57,13.88888889
12/4/2023 19:00,53,11.66666667
12/4/2023 20:00,52,11.11111111
12/4/2023 21:00,50,10
12/4/2023 22:00,49,9.444444444
12/4/2023 23:00,49,9.444444444
12/5/2023 0:00,48,8.888888889
12/5/2023 1:00,48,8.888888889
12/5/2023 2:00,46,7.777777778
12/5/2023 3:00,46,7.777777778
12/5/2023 4:00,46,7.777777778
12/5/2023 5:00,45,7.222222222
12/5/2023 6:00,45,7.222222222
12/5/2023 7:00,44,6.666666667
12/5/2023 8:00,46,7.777777778
12/5/2023 9:00,51,10.55555556
12/5/2023 10:00,55,12.77777778
12/5/2023 11:00,61,16.11111111
12/5/2023 12:00,65,18.33333333
12/5/2023 13:00,67,19.44444444
12/5/2023 14:00,68.5,20.27777778
12/5/2023 15:00,70,21.11111111
12/5/2023 16:00,66,18.88888889
12/5/2023 17:00,62,16.66666667
12/5/2023 18:00,60,15.55555556
12/5/2023 19:00,58,14.44444444
12/5/2023 20:00,57,13.88888889
12/5/2023 21:00,55,12.77777778
12/5/2023 22:00,53.5,11.94444444
12/5/2023 23:00,52,11.11111111
12/6/2023 0:00,53,11.66666667
12/6/2023 1:00,51,10.55555556
12/6/2023 2:00,52,11.11111111
12/6/2023 3:00,52,11.11111111
12/6/2023 4:00,57,13.88888889
12/6/2023 5:00,53,11.66666667
12/6/2023 6:00,53,11.66666667
12/6/2023 7:00,48,8.888888889
12/6/2023 8:00,52,11.11111111
12/6/2023 9:00,58,14.44444444
12/6/2023 10:00,61,16.11111111
12/6/2023 11:00,67,19.44444444
12/6/2023 12:00,73,22.77777778
12/6/2023 13:00,73.5,23.05555556
12/6/2023 14:00,74,23.33333333
12/6/2023 15:00,64,17.77777778
12/6/2023 16:00,63,17.22222222
12/6/2023 17:00,63,17.22222222
12/6/2023 18:00,61.5,16.38888889
12/6/2023 19:00,60,15.55555556
12/6/2023 20:00,56,13.33333333
12/6/2023 21:00,58,14.44444444
12/6/2023 22:00,57,13.88888889
12/6/2023 23:00,56,13.33333333
12/7/2023 0:00,55,12.77777778
12/7/2023 1:00,54,12.22222222
12/7/2023 2:00,53,11.66666667
12/7/2023 3:00,52,11.11111111
12/7/2023 4:00,51,10.55555556
12/7/2023 5:00,50,10
12/7/2023 6:00,49,9.444444444
12/7/2023 7:00,48,8.888888889
12/7/2023 8:00,51,10.55555556
12/7/2023 9:00,50,10
12/7/2023 10:00,56,13.33333333
12/7/2023 11:00,56.66666667,13.7037037
12/7/2023 12:00,57.33333333,14.07407407
12/7/2023 13:00,58,14.44444444
12/7/2023 14:00,58.66666667,14.81481481
12/7/2023 15:00,59.33333333,15.18518519
12/7/2023 16:00,60,15.55555556
12/7/2023 17:00,56,13.33333333
12/7/2023 18:00,53,11.66666667
12/7/2023 19:00,53,11.66666667
12/7/2023 20:00,51,10.55555556
12/7/2023 21:00,50.5,10.27777778
12/7/2023 22:00,50,10
12/7/2023 23:00,49,9.444444444
12/8/2023 0:00,48,8.888888889
12/8/2023 1:00,47,8.333333333
12/8/2023 2:00,46,7.777777778
12/8/2023 3:00,43,6.111111111
12/8/2023 4:00,43,6.111111111
12/8/2023 5:00,41,5
12/8/2023 6:00,39,3.888888889
12/8/2023 7:00,40.5,4.722222222
12/8/2023 8:00,42,5.555555556
12/8/2023 9:00,38,3.333333333
12/8/2023 10:00,41,5
12/8/2023 11:00,44,6.666666667
12/8/2023 12:00,46.25,7.916666667
12/8/2023 13:00,48.5,9.166666667
12/8/2023 14:00,50.75,10.41666667
12/8/2023 15:00,53,11.66666667
12/8/2023 16:00,52,11.11111111
12/8/2023 17:00,47,8.333333333
12/8/2023 18:00,47,8.333333333
12/8/2023 19:00,46,7.777777778
12/8/2023 20:00,46,7.777777778
12/8/2023 21:00,44,6.666666667
12/8/2023 22:00,43,6.111111111
12/8/2023 23:00,42,5.555555556
12/9/2023 0:00,42,5.555555556
12/9/2023 1:00,41,5
12/9/2023 2:00,42.27272727,5.707070707
12/9/2023 3:00,43.54545455,6.414141414
12/9/2023 4:00,44.81818182,7.121212121
12/9/2023 5:00,46.09090909,7.828282828
12/9/2023 6:00,47.36363636,8.535353535
12/9/2023 7:00,48.63636364,9.242424242
12/9/2023 8:00,49.90909091,9.949494949
12/9/2023 9:00,51.18181818,10.65656566
12/9/2023 10:00,52.45454545,11.36363636
12/9/2023 11:00,53.72727273,12.07070707
12/9/2023 12:00,55,12.77777778
12/9/2023 13:00,57,13.88888889
12/9/2023 14:00,60,15.55555556
12/9/2023 15:00,61,16.11111111
12/9/2023 16:00,58,14.44444444
12/9/2023 17:00,55,12.77777778
12/9/2023 18:00,53,11.66666667
12/9/2023 19:00,52,11.11111111
12/9/2023 20:00,50,10
12/9/2023 21:00,48,8.888888889
12/9/2023 22:00,47,8.333333333
12/9/2023 23:00,46,7.777777778
12/10/2023 0:00,46,7.777777778
12/10/2023 1:00,45,7.222222222
12/10/2023 2:00,44,6.666666667
12/10/2023 3:00,43,6.111111111
12/10/2023 4:00,43,6.111111111
12/10/2023 5:00,42,5.555555556
12/10/2023 6:00,42,5.555555556
12/10/2023 7:00,42,5.555555556
12/10/2023 8:00,43,6.111111111
12/10/2023 9:00,47,8.333333333
12/10/2023 10:00,53,11.66666667
12/10/2023 11:00,56,13.33333333
12/10/2023 12:00,60,15.55555556
12/10/2023 13:00,61,16.11111111
12/10/2023 14:00,61,16.11111111
12/10/2023 15:00,62,16.66666667
12/10/2023 16:00,59,15
12/10/2023 17:00,55,12.77777778
12/10/2023 18:00,54,12.22222222
12/10/2023 19:00,53,11.66666667
12/10/2023 20:00,51,10.55555556
12/10/2023 21:00,50,10
12/10/2023 22:00,48,8.888888889
12/10/2023 23:00,47,8.333333333
12/11/2023 0:00,46,7.777777778
12/11/2023 1:00,45,7.222222222
12/11/2023 2:00,46,7.777777778
12/11/2023 3:00,44,6.666666667
12/11/2023 4:00,44,6.666666667
12/11/2023 5:00,43,6.111111111
12/11/2023 6:00,42,5.555555556
12/11/2023 7:00,42,5.555555556
12/11/2023 8:00,43,6.111111111
12/11/2023 9:00,47,8.333333333
12/11/2023 10:00,52,11.11111111
12/11/2023 11:00,55,12.77777778
12/11/2023 12:00,59,15
12/11/2023 13:00,61,16.11111111
12/11/2023 14:00,63,17.22222222
12/11/2023 15:00,62,16.66666667
12/11/2023 16:00,60,15.55555556
12/11/2023 17:00,55,12.77777778
12/11/2023 18:00,53,11.66666667
12/11/2023 19:00,53,11.66666667
12/11/2023 20:00,50,10
12/11/2023 21:00,48,8.888888889
12/11/2023 22:00,47,8.333333333
12/11/2023 23:00,46,7.777777778
12/12/2023 0:00,45,7.222222222
12/12/2023 1:00,44,6.666666667
12/12/2023 2:00,44,6.666666667
12/12/2023 3:00,44,6.666666667
12/12/2023 4:00,43,6.111111111
12/12/2023 5:00,42,5.555555556
12/12/2023 6:00,42,5.555555556
12/12/2023 7:00,41,5
12/12/2023 8:00,43,6.111111111
12/12/2023 9:00,46,7.777777778
12/12/2023 10:00,52,11.11111111
12/12/2023 11:00,54,12.22222222
12/12/2023 12:00,58,14.44444444
12/12/2023 13:00,61,16.11111111
12/12/2023 14:00,61,16.11111111
12/12/2023 15:00,60,15.55555556
12/12/2023 16:00,59,15
12/12/2023 17:00,56,13.33333333
12/12/2023 18:00,54,12.22222222
12/12/2023 19:00,52,11.11111111
12/12/2023 20:00,50,10
12/12/2023 21:00,48,8.888888889
12/12/2023 22:00,47,8.333333333
12/12/2023 23:00,46,7.777777778
12/13/2023 0:00,45,7.222222222
12/13/2023 1:00,45,7.222222222
12/13/2023 2:00,44,6.666666667
12/13/2023 3:00,44,6.666666667
12/13/2023 4:00,43,6.111111111
12/13/2023 5:00,44,6.666666667
12/13/2023 6:00,43,6.111111111
12/13/2023 7:00,42,5.555555556
12/13/2023 8:00,43,6.111111111
12/13/2023 9:00,46,7.777777778
12/13/2023 10:00,53,11.66666667
12/13/2023 11:00,56,13.33333333
12/13/2023 12:00,59,15
12/13/2023 13:00,64,17.77777778
12/13/2023 14:00,61,16.11111111
12/13/2023 15:00,64,17.77777778
12/13/2023 16:00,64,17.77777778
12/13/2023 17:00,59,15
12/13/2023 18:00,56,13.33333333
12/13/2023 19:00,54,12.22222222
12/13/2023 20:00,51,10.55555556
12/13/2023 21:00,50,10
12/13/2023 22:00,49,9.444444444
12/13/2023 23:00,48,8.888888889
12/14/2023 0:00,47,8.333333333
12/14/2023 1:00,46,7.777777778
12/14/2023 2:00,45,7.222222222
12/14/2023 3:00,46,7.777777778
12/14/2023 4:00,45,7.222222222
12/14/2023 5:00,46,7.777777778
12/14/2023 6:00,46,7.777777778
12/14/2023 7:00,46,7.777777778
12/14/2023 8:00,45,7.222222222
12/14/2023 9:00,47,8.333333333
12/14/2023 10:00,55,12.77777778
12/14/2023 11:00,60,15.55555556
12/14/2023 12:00,62,16.66666667
12/14/2023 13:00,64,17.77777778
12/14/2023 14:00,67,19.44444444
12/14/2023 15:00,67,19.44444444
12/14/2023 16:00,63,17.22222222
12/14/2023 17:00,61,16.11111111
12/14/2023 18:00,59,15
12/14/2023 19:00,57,13.88888889
12/14/2023 20:00,55,12.77777778
12/14/2023 21:00,52,11.11111111
12/14/2023 22:00,52,11.11111111
12/14/2023 23:00,50,10
12/15/2023 0:00,50,10
12/15/2023 1:00,48,8.888888889
12/15/2023 2:00,48,8.888888889
12/15/2023 3:00,49,9.444444444
12/15/2023 4:00,48,8.888888889
12/15/2023 5:00,46,7.777777778
12/15/2023 6:00,46,7.777777778
12/15/2023 7:00,46,7.777777778
12/15/2023 8:00,47,8.333333333
12/15/2023 9:00,48,8.888888889
12/15/2023 10:00,55,12.77777778
12/15/2023 11:00,57,13.88888889
12/15/2023 12:00,64,17.77777778
12/15/2023 13:00,64,17.77777778
12/15/2023 14:00,68,20
12/15/2023 15:00,67,19.44444444
12/15/2023 16:00,65,18.33333333
12/15/2023 17:00,62,16.66666667
12/15/2023 18:00,58,14.44444444
12/15/2023 19:00,57,13.88888889
12/15/2023 20:00,54,12.22222222
12/15/2023 21:00,53,11.66666667
12/15/2023 22:00,52,11.11111111
12/15/2023 23:00,51,10.55555556
12/16/2023 0:00,51,10.55555556
12/16/2023 1:00,53,11.66666667
12/16/2023 2:00,50,10
12/16/2023 3:00,50,10
12/16/2023 4:00,49,9.444444444
12/16/2023 5:00,53,11.66666667
12/16/2023 6:00,49,9.444444444
12/16/2023 7:00,48,8.888888889
12/16/2023 8:00,56,13.33333333
12/16/2023 9:00,57,13.88888889
12/16/2023 10:00,58,14.44444444
12/16/2023 11:00,62,16.66666667
12/16/2023 12:00,65,18.33333333
12/16/2023 13:00,67,19.44444444
12/16/2023 14:00,69,20.55555556
12/16/2023 15:00,69,20.55555556
12/16/2023 16:00,67,19.44444444
12/16/2023 17:00,64,17.77777778
12/16/2023 18:00,58,14.44444444
12/16/2023 19:00,56,13.33333333
12/16/2023 20:00,55,12.77777778
12/16/2023 21:00,54,12.22222222
12/16/2023 22:00,52,11.11111111
12/16/2023 23:00,51,10.55555556
12/17/2023 0:00,50,10
12/17/2023 1:00,50,10
12/17/2023 2:00,50,10
12/17/2023 3:00,50,10
12/17/2023 4:00,50,10
12/17/2023 5:00,51,10.55555556
12/17/2023 6:00,53,11.66666667
12/17/2023 7:00,50,10
12/17/2023 8:00,53,11.66666667
12/17/2023 9:00,53,11.66666667
12/17/2023 10:00,53,11.66666667
12/17/2023 11:00,60,15.55555556
12/17/2023 12:00,65,18.33333333
12/17/2023 13:00,63,17.22222222
12/17/2023 14:00,64,17.77777778
12/17/2023 15:00,66,18.88888889
12/17/2023 16:00,63,17.22222222
12/17/2023 17:00,61,16.11111111
12/17/2023 18:00,57,13.88888889
12/17/2023 19:00,58,14.44444444
12/17/2023 20:00,58,14.44444444
12/17/2023 21:00,51,10.55555556
12/17/2023 22:00,53,11.66666667
12/17/2023 23:00,54,12.22222222
12/18/2023 0:00,57,13.88888889
12/18/2023 1:00,55,12.77777778
12/18/2023 2:00,59,15
12/18/2023 3:00,56,13.33333333
12/18/2023 4:00,53,11.66666667
12/18/2023 5:00,58,14.44444444
12/18/2023 6:00,56,13.33333333
12/18/2023 7:00,62,16.66666667
12/18/2023 8:00,57,13.88888889
12/18/2023 9:00,56,13.33333333
12/18/2023 10:00,60,15.55555556
12/18/2023 11:00,61,16.11111111
12/18/2023 12:00,62,16.66666667
12/18/2023 13:00,62,16.66666667
12/18/2023 14:00,62,16.66666667
12/18/2023 15:00,64,17.77777778
12/18/2023 16:00,66,18.88888889
12/18/2023 17:00,62,16.66666667
12/18/2023 18:00,61,16.11111111
12/18/2023 19:00,61,16.11111111
12/18/2023 20:00,62,16.66666667
12/18/2023 21:00,61,16.11111111
12/18/2023 22:00,60,15.55555556
12/18/2023 23:00,60,15.55555556
12/19/2023 0:00,62,16.66666667
12/19/2023 1:00,63,17.22222222
12/19/2023 2:00,63,17.22222222
12/19/2023 3:00,61,16.11111111
12/19/2023 4:00,58,14.44444444
12/19/2023 5:00,57,13.88888889
12/19/2023 6:00,57,13.88888889
12/19/2023 7:00,58,14.44444444
12/19/2023 8:00,59,15
12/19/2023 9:00,62,16.66666667
12/19/2023 10:00,62,16.66666667
12/19/2023 11:00,65,18.33333333
12/19/2023 12:00,66,18.88888889
12/19/2023 13:00,65,18.33333333
12/19/2023 14:00,65,18.33333333
12/19/2023 15:00,63,17.22222222
12/19/2023 16:00,63,17.22222222
12/19/2023 17:00,61,16.11111111
12/19/2023 18:00,59,15
12/19/2023 19:00,59,15
12/19/2023 20:00,59,15
12/19/2023 21:00,59,15
12/19/2023 22:00,60,15.55555556
12/19/2023 23:00,61,16.11111111
12/20/2023 0:00,61,16.11111111
12/20/2023 1:00,60,15.55555556
12/20/2023 2:00,59,15
12/20/2023 3:00,59,15
12/20/2023 4:00,59,15
12/20/2023 5:00,59,15
12/20/2023 6:00,59,15
12/20/2023 7:00,60,15.55555556
12/20/2023 8:00,61,16.11111111
12/20/2023 9:00,60,15.55555556
12/20/2023 10:00,61,16.11111111
12/20/2023 11:00,65,18.33333333
12/20/2023 12:00,68,20
12/20/2023 13:00,66,18.88888889
12/20/2023 14:00,60,15.55555556
12/20/2023 15:00,60,15.55555556
12/20/2023 16:00,57,13.88888889
12/20/2023 17:00,57,13.88888889
12/20/2023 18:00,56,13.33333333
12/20/2023 19:00,55,12.77777778
12/20/2023 20:00,55,12.77777778
12/20/2023 21:00,53,11.66666667
12/20/2023 22:00,54,12.22222222
12/20/2023 23:00,54,12.22222222
12/21/2023 0:00,53,11.66666667
12/21/2023 1:00,53,11.66666667
12/21/2023 2:00,54,12.22222222
12/21/2023 3:00,56,13.33333333
12/21/2023 4:00,58,14.44444444
12/21/2023 5:00,54,12.22222222
12/21/2023 6:00,51,10.55555556
12/21/2023 7:00,51,10.55555556
12/21/2023 8:00,50,10
12/21/2023 9:00,51,10.55555556
12/21/2023 10:00,51,10.55555556
12/21/2023 11:00,53,11.66666667
12/21/2023 12:00,54,12.22222222
12/21/2023 13:00,56,13.33333333
12/21/2023 14:00,56,13.33333333
12/21/2023 15:00,57,13.88888889
12/21/2023 16:00,57,13.88888889
12/21/2023 17:00,55,12.77777778
12/21/2023 18:00,54,12.22222222
12/21/2023 19:00,54,12.22222222
12/21/2023 20:00,53,11.66666667
12/21/2023 21:00,53,11.66666667
12/21/2023 22:00,52,11.11111111
12/21/2023 23:00,51,10.55555556
12/22/2023 0:00,51,10.55555556
12/22/2023 1:00,50,10
12/22/2023 2:00,51,10.55555556
12/22/2023 3:00,51,10.55555556
12/22/2023 4:00,51,10.55555556
12/22/2023 5:00,51,10.55555556
12/22/2023 6:00,50,10
12/22/2023 7:00,49,9.444444444
12/22/2023 8:00,49,9.444444444
12/22/2023 9:00,50,10
12/22/2023 10:00,51,10.55555556
12/22/2023 11:00,52,11.11111111
12/22/2023 12:00,53,11.66666667
12/22/2023 13:00,54,12.22222222
12/22/2023 14:00,54,12.22222222
12/22/2023 15:00,55,12.77777778
12/22/2023 16:00,55,12.77777778
12/22/2023 17:00,54,12.22222222
12/22/2023 18:00,53,11.66666667
12/22/2023 19:00,52,11.11111111
12/22/2023 20:00,52,11.11111111
12/22/2023 21:00,53,11.66666667
12/22/2023 22:00,53,11.66666667
12/22/2023 23:00,53,11.66666667
12/23/2023 0:00,51,10.55555556
12/23/2023 1:00,52,11.11111111
12/23/2023 2:00,52,11.11111111
12/23/2023 3:00,53,11.66666667
12/23/2023 4:00,53,11.66666667
12/23/2023 5:00,53,11.66666667
12/23/2023 6:00,53,11.66666667
12/23/2023 7:00,51,10.55555556
12/23/2023 8:00,51,10.55555556
12/23/2023 9:00,53,11.66666667
12/23/2023 10:00,54,12.22222222
12/23/2023 11:00,60,15.55555556
12/23/2023 12:00,57,13.88888889
12/23/2023 13:00,60,15.55555556
12/23/2023 14:00,58,14.44444444
12/23/2023 15:00,59,15
12/23/2023 16:00,61,16.11111111
12/23/2023 17:00,56,13.33333333
12/23/2023 18:00,55,12.77777778
12/23/2023 19:00,54,12.22222222
12/23/2023 20:00,54,12.22222222
12/23/2023 21:00,54,12.22222222
12/23/2023 22:00,54,12.22222222
12/23/2023 23:00,54,12.22222222
12/24/2023 0:00,52,11.11111111
12/24/2023 1:00,52,11.11111111
12/24/2023 2:00,52,11.11111111
12/24/2023 3:00,51,10.55555556
12/24/2023 4:00,49,9.444444444
12/24/2023 5:00,49,9.444444444
12/24/2023 6:00,48,8.888888889
12/24/2023 7:00,48,8.888888889
12/24/2023 8:00,48,8.888888889
12/24/2023 9:00,50,10
12/24/2023 10:00,52,11.11111111
12/24/2023 11:00,55,12.77777778
12/24/2023 12:00,57,13.88888889
12/24/2023 13:00,59,15
12/24/2023 14:00,58,14.44444444
12/24/2023 15:00,58,14.44444444
12/24/2023 16:00,57,13.88888889
12/24/2023 17:00,56,13.33333333
12/24/2023 18:00,54,12.22222222
12/24/2023 19:00,54,12.22222222
12/24/2023 20:00,54,12.22222222
12/24/2023 21:00,53,11.66666667
12/24/2023 22:00,51,10.55555556
12/24/2023 23:00,51,10.55555556
12/25/2023 0:00,50,10
12/25/2023 1:00,49,9.444444444
12/25/2023 2:00,49,9.444444444
12/25/2023 3:00,48,8.888888889
12/25/2023 4:00,49,9.444444444
12/25/2023 5:00,50,10
12/25/2023 6:00,50,10
12/25/2023 7:00,49,9.444444444
12/25/2023 8:00,48,8.888888889
12/25/2023 9:00,51,10.55555556
12/25/2023 10:00,55,12.77777778
12/25/2023 11:00,60,15.55555556
12/25/2023 12:00,59,15
12/25/2023 13:00,61,16.11111111
12/25/2023 14:00,62,16.66666667
12/25/2023 15:00,62,16.66666667
12/25/2023 16:00,58,14.44444444
12/25/2023 17:00,56,13.33333333
12/25/2023 18:00,54,12.22222222
12/25/2023 19:00,53,11.66666667
12/25/2023 20:00,53,11.66666667
12/25/2023 21:00,51,10.55555556
12/25/2023 22:00,51,10.55555556
12/25/2023 23:00,51,10.55555556
12/26/2023 0:00,50,10
12/26/2023 1:00,51,10.55555556
12/26/2023 2:00,49,9.444444444
12/26/2023 3:00,49,9.444444444
12/26/2023 4:00,49,9.444444444
12/26/2023 5:00,49,9.444444444
12/26/2023 6:00,48,8.888888889
12/26/2023 7:00,48,8.888888889
12/26/2023 8:00,48,8.888888889
12/26/2023 9:00,49,9.444444444
12/26/2023 10:00,52,11.11111111
12/26/2023 11:00,54,12.22222222
12/26/2023 12:00,59,15
12/26/2023 13:00,59,15
12/26/2023 14:00,59,15
12/26/2023 15:00,63,17.22222222
12/26/2023 16:00,60,15.55555556
12/26/2023 17:00,58,14.44444444
12/26/2023 18:00,57,13.88888889
12/26/2023 19:00,56,13.33333333
12/26/2023 20:00,54,12.22222222
12/26/2023 21:00,54,12.22222222
12/26/2023 22:00,52,11.11111111
12/26/2023 23:00,54,12.22222222
12/27/2023 0:00,55,12.77777778
12/27/2023 1:00,55,12.77777778
12/27/2023 2:00,53,11.66666667
12/27/2023 3:00,55,12.77777778
12/27/2023 4:00,52,11.11111111
12/27/2023 5:00,52,11.11111111
12/27/2023 6:00,52,11.11111111
12/27/2023 7:00,53,11.66666667
12/27/2023 8:00,52,11.11111111
12/27/2023 9:00,54,12.22222222
12/27/2023 10:00,61,16.11111111
12/27/2023 11:00,61,16.11111111
12/27/2023 12:00,62,16.66666667
12/27/2023 13:00,62,16.66666667
12/27/2023 14:00,66,18.88888889
12/27/2023 15:00,62,16.66666667
12/27/2023 16:00,64,17.77777778
12/27/2023 17:00,58,14.44444444
12/27/2023 18:00,58,14.44444444
12/27/2023 19:00,56,13.33333333
12/27/2023 20:00,54,12.22222222
12/27/2023 21:00,56,13.33333333
12/27/2023 22:00,60,15.55555556
12/27/2023 23:00,56,13.33333333
12/28/2023 0:00,54,12.22222222
12/28/2023 1:00,55,12.77777778
12/28/2023 2:00,54,12.22222222
12/28/2023 3:00,55,12.77777778
12/28/2023 4:00,53,11.66666667
12/28/2023 5:00,50,10
12/28/2023 6:00,51,10.55555556
12/28/2023 7:00,48,8.888888889
12/28/2023 8:00,51,10.55555556
12/28/2023 9:00,53,11.66666667
12/28/2023 10:00,56,13.33333333
12/28/2023 11:00,61,16.11111111
12/28/2023 12:00,62,16.66666667
12/28/2023 13:00,65,18.33333333
12/28/2023 14:00,67,19.44444444
12/28/2023 15:00,70,21.11111111
12/28/2023 16:00,71,21.66666667
12/28/2023 17:00,63,17.22222222
12/28/2023 18:00,61,16.11111111
12/28/2023 19:00,59,15
12/28/2023 20:00,57,13.88888889
12/28/2023 21:00,56,13.33333333
12/28/2023 22:00,55,12.77777778
12/28/2023 23:00,54,12.22222222
12/29/2023 0:00,53,11.66666667
12/29/2023 1:00,53,11.66666667
12/29/2023 2:00,54,12.22222222
12/29/2023 3:00,52,11.11111111
12/29/2023 4:00,51,10.55555556
12/29/2023 5:00,52,11.11111111
12/29/2023 6:00,52,11.11111111
12/29/2023 7:00,54,12.22222222
12/29/2023 8:00,59,15
12/29/2023 9:00,60,15.55555556
12/29/2023 10:00,65,18.33333333
12/29/2023 11:00,66,18.88888889
12/29/2023 12:00,66,18.88888889
12/29/2023 13:00,68,20
12/29/2023 14:00,68,20
12/29/2023 15:00,67,19.44444444
12/29/2023 16:00,65,18.33333333
12/29/2023 17:00,64,17.77777778
12/29/2023 18:00,61,16.11111111
12/29/2023 19:00,60,15.55555556
12/29/2023 20:00,57,13.88888889
12/29/2023 21:00,57,13.88888889
12/29/2023 22:00,55,12.77777778
12/29/2023 23:00,55,12.77777778
12/30/2023 0:00,55,12.77777778
12/30/2023 1:00,52,11.11111111
12/30/2023 2:00,53,11.66666667
12/30/2023 3:00,53,11.66666667
12/30/2023 4:00,52,11.11111111
12/30/2023 5:00,50,10
12/30/2023 6:00,50,10
12/30/2023 7:00,50,10
12/30/2023 8:00,51,10.55555556
12/30/2023 9:00,50,10
12/30/2023 10:00,51,10.55555556
12/30/2023 11:00,54,12.22222222
12/30/2023 12:00,52,11.11111111
12/30/2023 13:00,54,12.22222222
12/30/2023 14:00,54,12.22222222
12/30/2023 15:00,54,12.22222222
12/30/2023 16:00,54,12.22222222
12/30/2023 17:00,53,11.66666667
12/30/2023 18:00,53,11.66666667
12/30/2023 19:00,52,11.11111111
12/30/2023 20:00,51,10.55555556
12/30/2023 21:00,50,10
12/30/2023 22:00,50,10
12/30/2023 23:00,50,10
12/31/2023 0:00,50,10
12/31/2023 1:00,50,10
12/31/2023 2:00,49,9.444444444
12/31/2023 3:00,48,8.888888889
12/31/2023 4:00,48,8.888888889
12/31/2023 5:00,47,8.333333333
12/31/2023 6:00,47,8.333333333
12/31/2023 7:00,47,8.333333333
12/31/2023 8:00,47,8.333333333
12/31/2023 9:00,48,8.888888889
12/31/2023 10:00,51,10.55555556
12/31/2023 11:00,53,11.66666667
12/31/2023 12:00,55,12.77777778
12/31/2023 13:00,57,13.88888889
12/31/2023 14:00,57,13.88888889
12/31/2023 15:00,58,14.44444444
12/31/2023 16:00,56,13.33333333
12/31/2023 17:00,54,12.22222222
12/31/2023 18:00,54,12.22222222
12/31/2023 19:00,54,12.22222222
12/31/2023 20:00,50,10
12/31/2023 21:00,49,9.444444444
12/31/2023 22:00,51,10.55555556
12/31/2023 23:00,51,10.55555556
